{
    "global": [
        0.06661120441546821,
        0.06817114423711047
    ],
    "gmm_3": [
        0.067137303190957,
        0.06194685230522608
    ],
    "gmm_5": [
        0.08104926816765198,
        0.0853449613781305
    ],
    "gmm_6": [
        0.08575110924564634,
        0.08546691569997945
    ],
    "gmm_9": [
        0.03997259181265867,
        0.03895862532638416
    ],
    "gmm_10": [
        0.030921097113023155,
        0.03134172787610478
    ],
    "gmm_12": [
        0.029853552161917637,
        0.028046194779161968
    ],
    "gmm_15": [
        0.02858829363692871,
        0.025979382827716627
    ],
    "gmm_18": [
        0.04080520932098785,
        0.03918167207806935
    ],
    "gmm_20": [
        0.04520349679721949,
        0.04338033318300069
    ],
    "gmm_25": [
        0.03361567692398137,
        0.03141930446448057
    ]
}