{
    "segment_index": 2230,
    "A": 0.929951476362944,
    "B1": -0.034660328742512674,
    "B2": -0.029634329951736146,
    "omega": [
        -1.47058367729187,
        -1.48164486885071,
        -1.48796153068542,
        -1.56051957607269,
        -1.53030753135681,
        -1.52505266666412,
        -1.4505980014801,
        -1.40643501281738,
        -1.36434507369995,
        -1.334392786026,
        -1.33437061309814,
        -1.25212848186493,
        -1.22606432437897,
        -1.20704233646393,
        -1.21324753761292,
        -1.14235556125641,
        -1.12985455989838,
        -1.16477036476135,
        -1.21658396720886,
        -1.21455454826355,
        -1.26006150245667,
        -1.24422001838684,
        -1.24418616294861,
        -1.25996506214142,
        -1.23007130622864,
        -1.24204528331757,
        -1.299440741539,
        -1.41166961193085,
        -1.50517988204956,
        -1.54862940311432,
        -1.56735861301422,
        -1.53753304481506,
        -1.25971019268036,
        -1.10727477073669,
        -0.971190929412842,
        -0.910195887088776,
        -0.86138778924942,
        -0.84687727689743,
        -0.794727146625519,
        -0.695065975189209,
        -0.746856451034546,
        -0.831166565418243,
        -0.84071683883667,
        -0.869394838809967,
        -0.916877806186676,
        -0.934942543506622,
        -0.992073178291321,
        -1.03565275669098,
        -1.11593544483185
    ],
    "omega_next": [
        -1.48164486885071,
        -1.48796153068542,
        -1.56051957607269,
        -1.53030753135681,
        -1.52505266666412,
        -1.4505980014801,
        -1.40643501281738,
        -1.36434507369995,
        -1.334392786026,
        -1.33437061309814,
        -1.25212848186493,
        -1.22606432437897,
        -1.20704233646393,
        -1.21324753761292,
        -1.14235556125641,
        -1.12985455989838,
        -1.16477036476135,
        -1.21658396720886,
        -1.21455454826355,
        -1.26006150245667,
        -1.24422001838684,
        -1.24418616294861,
        -1.25996506214142,
        -1.23007130622864,
        -1.24204528331757,
        -1.299440741539,
        -1.41166961193085,
        -1.50517988204956,
        -1.54862940311432,
        -1.56735861301422,
        -1.53753304481506,
        -1.25971019268036,
        -1.10727477073669,
        -0.971190929412842,
        -0.910195887088776,
        -0.86138778924942,
        -0.84687727689743,
        -0.794727146625519,
        -0.695065975189209,
        -0.746856451034546,
        -0.831166565418243,
        -0.84071683883667,
        -0.869394838809967,
        -0.916877806186676,
        -0.934942543506622,
        -0.992073178291321,
        -1.03565275669098,
        -1.11593544483185,
        -1.1224023103714
    ],
    "phiDotL": [
        -2.6044821320411877,
        -2.6044821320411877,
        -2.6044821320411877,
        -2.6650514839491217,
        -2.6650514839491217,
        -2.6650514839491217,
        -2.7256208358570566,
        -2.7256208358570566,
        -2.7256208358570566,
        -2.7256208358570566,
        -2.786190187764991,
        -2.786190187764991,
        -2.786190187764991,
        -2.786190187764991,
        -2.846759539672925,
        -2.846759539672925,
        -2.846759539672925,
        -2.846759539672925,
        -2.90732889158086,
        -2.90732889158086,
        -2.90732889158086,
        -2.90732889158086,
        -2.967898243488795,
        -2.967898243488795,
        -2.967898243488795,
        -2.967898243488795,
        -2.967898243488795,
        -3.0284675953967293,
        -3.0284675953967293,
        -3.0284675953967293,
        -3.0284675953967293,
        -3.089036947304664,
        -3.089036947304664,
        -3.089036947304664,
        -3.089036947304664,
        -3.089036947304664,
        -3.1496062992125986,
        -3.1496062992125986,
        -3.1496062992125986,
        -3.1496062992125986,
        -3.1496062992125986,
        -3.210175651120533,
        -3.210175651120533,
        -3.210175651120533,
        -3.210175651120533,
        -3.210175651120533,
        -3.270745003028468,
        -3.270745003028468,
        -3.270745003028468
    ],
    "phiDotR": [
        6.0569351907934585,
        6.0569351907934585,
        6.0569351907934585,
        6.0569351907934585,
        6.0569351907934585,
        6.0569351907934585,
        6.0569351907934585,
        6.0569351907934585,
        6.0569351907934585,
        6.0569351907934585,
        6.0569351907934585,
        6.0569351907934585,
        6.0569351907934585,
        6.0569351907934585,
        6.0569351907934585,
        6.0569351907934585,
        6.0569351907934585,
        6.0569351907934585,
        6.0569351907934585,
        6.0569351907934585,
        6.0569351907934585,
        6.0569351907934585,
        6.0569351907934585,
        6.0569351907934585,
        6.0569351907934585,
        5.996365838885524,
        6.0569351907934585,
        6.0569351907934585,
        6.0569351907934585,
        6.0569351907934585,
        6.0569351907934585,
        6.0569351907934585,
        6.0569351907934585,
        6.0569351907934585,
        6.0569351907934585,
        6.0569351907934585,
        6.0569351907934585,
        6.0569351907934585,
        6.0569351907934585,
        6.0569351907934585,
        6.0569351907934585,
        6.0569351907934585,
        6.0569351907934585,
        6.0569351907934585,
        6.0569351907934585,
        6.0569351907934585,
        5.996365838885524,
        5.996365838885524,
        6.0569351907934585
    ]
}