{
    "segment_index": 3085,
    "A": -0.5901876954552377,
    "B1": 0.25305692338449953,
    "B2": -0.10225628567646423,
    "omega": [
        1.05178260803223,
        1.1226806640625,
        1.13279318809509,
        1.13592743873596,
        1.12216544151306,
        1.07641494274139,
        1.08409667015076,
        1.11507797241211,
        1.15490901470184,
        1.12647199630737,
        1.17645621299744,
        1.14381408691406,
        1.09404861927032,
        1.11116552352905,
        1.13850879669189,
        1.11446845531464,
        1.12592542171478,
        1.10189151763916,
        1.11680161952972,
        1.12198865413666,
        1.15547752380371,
        1.18153023719788,
        1.26311182975769,
        0.971521317958832,
        0.301357597112656,
        -0.086332879960537,
        -0.0217664577066898,
        -0.0100830039009452,
        -0.0017037788638845,
        -0.0018270229920744,
        -0.0005595533293671,
        -0.0028273265343159,
        0.001219816156663,
        0.0009302185499109,
        0.0016263956204056,
        -0.0003757835947908,
        -0.0025331932120025,
        -0.0015974489506334,
        0.0001371833495795,
        -0.0011191882658749,
        0.0011400507064536,
        -0.0019643451087176,
        0.007005073595792,
        0.0022745709866285,
        -0.0017894410993903,
        0.0026759880129247,
        -0.0019959865603596,
        0.0016729579074308,
        -0.0011551738716661
    ],
    "omega_next": [
        1.1226806640625,
        1.13279318809509,
        1.13592743873596,
        1.12216544151306,
        1.07641494274139,
        1.08409667015076,
        1.11507797241211,
        1.15490901470184,
        1.12647199630737,
        1.17645621299744,
        1.14381408691406,
        1.09404861927032,
        1.11116552352905,
        1.13850879669189,
        1.11446845531464,
        1.12592542171478,
        1.10189151763916,
        1.11680161952972,
        1.12198865413666,
        1.15547752380371,
        1.18153023719788,
        1.26311182975769,
        0.971521317958832,
        0.301357597112656,
        -0.086332879960537,
        -0.0217664577066898,
        -0.0100830039009452,
        -0.0017037788638845,
        -0.0018270229920744,
        -0.0005595533293671,
        -0.0028273265343159,
        0.001219816156663,
        0.0009302185499109,
        0.0016263956204056,
        -0.0003757835947908,
        -0.0025331932120025,
        -0.0015974489506334,
        0.0001371833495795,
        -0.0011191882658749,
        0.0011400507064536,
        -0.0019643451087176,
        0.007005073595792,
        0.0022745709866285,
        -0.0017894410993903,
        0.0026759880129247,
        -0.0019959865603596,
        0.0016729579074308,
        -0.0011551738716661,
        0.0013286211760714
    ],
    "phiDotL": [
        5.996365838885524,
        6.0569351907934585,
        6.0569351907934585,
        6.0569351907934585,
        6.0569351907934585,
        6.0569351907934585,
        6.0569351907934585,
        6.0569351907934585,
        6.0569351907934585,
        6.0569351907934585,
        6.0569351907934585,
        6.0569351907934585,
        6.0569351907934585,
        6.0569351907934585,
        6.0569351907934585,
        5.996365838885524,
        6.0569351907934585,
        6.0569351907934585,
        6.0569351907934585,
        6.0569351907934585,
        6.0569351907934585,
        6.0569351907934585,
        5.087825560266505,
        2.5439127801332524,
        0.6056935190793459,
        0.0,
        0.0,
        0.0,
        0.0,
        0.0,
        0.0,
        0.0,
        0.0,
        0.0,
        0.0,
        0.0,
        0.0,
        0.0,
        0.0,
        0.0,
        0.0,
        0.0,
        0.0,
        0.0,
        0.0,
        0.0,
        0.0,
        0.0,
        0.0
    ],
    "phiDotR": [
        -2.4227740763173835,
        -2.483343428225318,
        -2.483343428225318,
        -2.483343428225318,
        -2.483343428225318,
        -2.483343428225318,
        -2.5439127801332524,
        -2.5439127801332524,
        -2.5439127801332524,
        -2.5439127801332524,
        -2.6044821320411877,
        -2.6044821320411877,
        -2.6044821320411877,
        -2.6044821320411877,
        -2.6044821320411877,
        -2.6650514839491217,
        -2.6650514839491217,
        -2.6650514839491217,
        -2.6650514839491217,
        -2.6650514839491217,
        -2.7256208358570566,
        -2.7256208358570566,
        -3.8764385221078137,
        -2.5439127801332524,
        -0.6056935190793459,
        0.0,
        0.0,
        0.0,
        0.0,
        0.0,
        0.0,
        0.0,
        0.0,
        0.0,
        0.0,
        0.0,
        0.0,
        0.0,
        0.0,
        0.0,
        0.0,
        0.0,
        0.0,
        0.0,
        0.0,
        0.0,
        0.0,
        0.0,
        0.0
    ]
}