{
    "segment_index": 604,
    "A": -0.008327526540520373,
    "B1": -0.40357993948252324,
    "B2": -0.5734165953632657,
    "omega": [
        -1.57772064208984,
        -1.58836150169373,
        -1.58210122585297,
        -1.55344450473785,
        -1.50573468208313,
        -1.4765305519104,
        -1.48363029956818,
        -1.45389223098755,
        -1.43095266819,
        -1.45393443107605,
        -1.48234665393829,
        -1.48713660240173,
        -1.51421272754669,
        -1.45412063598633,
        -1.4959100484848,
        -1.51205229759216,
        -1.45018672943115,
        -1.44546246528625,
        -1.49498760700226,
        -1.43017256259918,
        -1.45217275619507,
        -1.47613620758057,
        -1.47774922847748,
        -1.49637031555176,
        -1.49091708660126,
        -1.5047721862793,
        -1.49091911315918,
        -1.49044620990753,
        -1.45361685752869,
        -1.41878497600555,
        -1.2997190952301,
        -0.874161005020142,
        -0.237673029303551,
        0.101319186389446,
        0.0230888947844505,
        0.0059647136367857,
        0.0045327991247177,
        0.0016627501463517,
        -0.0009023693855851,
        -0.0003308269660919,
        0.0007532337913289,
        0.0004315683327149,
        -0.0012322585098445,
        0.0020522125996649,
        0.0004462263314053,
        0.0008481480763293,
        0.003494492964819,
        0.0018986214417964,
        0.0016466493252664
    ],
    "omega_next": [
        -1.58836150169373,
        -1.58210122585297,
        -1.55344450473785,
        -1.50573468208313,
        -1.4765305519104,
        -1.48363029956818,
        -1.45389223098755,
        -1.43095266819,
        -1.45393443107605,
        -1.48234665393829,
        -1.48713660240173,
        -1.51421272754669,
        -1.45412063598633,
        -1.4959100484848,
        -1.51205229759216,
        -1.45018672943115,
        -1.44546246528625,
        -1.49498760700226,
        -1.43017256259918,
        -1.45217275619507,
        -1.47613620758057,
        -1.47774922847748,
        -1.49637031555176,
        -1.49091708660126,
        -1.5047721862793,
        -1.49091911315918,
        -1.49044620990753,
        -1.45361685752869,
        -1.41878497600555,
        -1.2997190952301,
        -0.874161005020142,
        -0.237673029303551,
        0.101319186389446,
        0.0230888947844505,
        0.0059647136367857,
        0.0045327991247177,
        0.0016627501463517,
        -0.0009023693855851,
        -0.0003308269660919,
        0.0007532337913289,
        0.0004315683327149,
        -0.0012322585098445,
        0.0020522125996649,
        0.0004462263314053,
        0.0008481480763293,
        0.003494492964819,
        0.0018986214417964,
        0.0016466493252664,
        -0.0009113176492974
    ],
    "phiDotL": [
        -4.845548152634767,
        -4.845548152634767,
        -4.845548152634767,
        -4.845548152634767,
        -4.845548152634767,
        -4.845548152634767,
        -4.845548152634767,
        -4.845548152634767,
        -4.845548152634767,
        -4.906117504542702,
        -4.906117504542702,
        -4.906117504542702,
        -4.906117504542702,
        -4.906117504542702,
        -4.906117504542702,
        -4.906117504542702,
        -4.906117504542702,
        -4.906117504542702,
        -4.906117504542702,
        -4.966686856450636,
        -4.966686856450636,
        -4.966686856450636,
        -4.966686856450636,
        -4.966686856450636,
        -4.966686856450636,
        -4.966686856450636,
        -4.966686856450636,
        -4.966686856450636,
        -4.966686856450636,
        -4.966686856450636,
        -4.48213204118716,
        -2.5439127801332524,
        -0.6056935190793459,
        0.0,
        0.0,
        0.0,
        0.0,
        0.0,
        0.0,
        0.0,
        0.0,
        0.0,
        0.0,
        0.0,
        0.0,
        0.0,
        0.0,
        0.0,
        0.0
    ],
    "phiDotR": [
        6.0569351907934585,
        6.0569351907934585,
        6.0569351907934585,
        6.0569351907934585,
        6.0569351907934585,
        6.0569351907934585,
        6.0569351907934585,
        6.0569351907934585,
        6.0569351907934585,
        6.0569351907934585,
        6.0569351907934585,
        6.0569351907934585,
        6.0569351907934585,
        6.0569351907934585,
        6.0569351907934585,
        6.0569351907934585,
        6.0569351907934585,
        6.0569351907934585,
        6.0569351907934585,
        6.0569351907934585,
        6.0569351907934585,
        6.0569351907934585,
        6.0569351907934585,
        6.0569351907934585,
        6.0569351907934585,
        6.0569351907934585,
        5.996365838885524,
        6.0569351907934585,
        6.0569351907934585,
        6.0569351907934585,
        4.48213204118716,
        2.5439127801332524,
        0.6056935190793459,
        0.0,
        0.0,
        0.0,
        0.0,
        0.0,
        0.0,
        0.0,
        0.0,
        0.0,
        0.0,
        0.0,
        0.0,
        0.0,
        0.0,
        0.0,
        0.0
    ]
}