{
    "segment_index": 529,
    "A": 0.6981752688278671,
    "B1": 0.10414485169354232,
    "B2": 0.0023787760684619345,
    "omega": [
        -0.735761642456055,
        -0.808155059814453,
        -0.79779464006424,
        -0.778842151165009,
        -0.785376787185669,
        -0.794855296611786,
        -0.898775935173035,
        -0.965787529945374,
        -0.973067700862885,
        -0.808245062828064,
        -0.810264766216278,
        -0.887211978435516,
        -0.959635496139526,
        -0.880847275257111,
        -0.866029024124146,
        -0.782781898975372,
        -0.930672705173492,
        -1.03791010379791,
        -1.06184089183807,
        -1.13687658309937,
        -1.08176600933075,
        -1.09920811653137,
        -1.05125987529755,
        -0.975699365139008,
        -0.805779039859772,
        -0.916083931922913,
        -0.926066875457764,
        -1.01158559322357,
        -1.07179772853851,
        -1.05231714248657,
        -1.08346915245056,
        -1.10665726661682,
        -1.11001253128052,
        -1.07537281513214,
        -1.13004958629608,
        -1.11657762527466,
        -1.11440300941467,
        -1.20427596569061,
        -1.16512620449066,
        -1.16729438304901,
        -1.21982848644257,
        -1.33661448955536,
        -1.39007389545441,
        -1.53988921642303,
        -1.48878121376038,
        -1.33075320720673,
        -1.27055978775024,
        -1.2444189786911,
        -1.1884685754776
    ],
    "omega_next": [
        -0.808155059814453,
        -0.79779464006424,
        -0.778842151165009,
        -0.785376787185669,
        -0.794855296611786,
        -0.898775935173035,
        -0.965787529945374,
        -0.973067700862885,
        -0.808245062828064,
        -0.810264766216278,
        -0.887211978435516,
        -0.959635496139526,
        -0.880847275257111,
        -0.866029024124146,
        -0.782781898975372,
        -0.930672705173492,
        -1.03791010379791,
        -1.06184089183807,
        -1.13687658309937,
        -1.08176600933075,
        -1.09920811653137,
        -1.05125987529755,
        -0.975699365139008,
        -0.805779039859772,
        -0.916083931922913,
        -0.926066875457764,
        -1.01158559322357,
        -1.07179772853851,
        -1.05231714248657,
        -1.08346915245056,
        -1.10665726661682,
        -1.11001253128052,
        -1.07537281513214,
        -1.13004958629608,
        -1.11657762527466,
        -1.11440300941467,
        -1.20427596569061,
        -1.16512620449066,
        -1.16729438304901,
        -1.21982848644257,
        -1.33661448955536,
        -1.39007389545441,
        -1.53988921642303,
        -1.48878121376038,
        -1.33075320720673,
        -1.27055978775024,
        -1.2444189786911,
        -1.1884685754776,
        -1.24789977073669
    ],
    "phiDotL": [
        -2.4227740763173835,
        -2.483343428225318,
        -2.483343428225318,
        -2.5439127801332524,
        -2.5439127801332524,
        -2.6044821320411877,
        -2.6650514839491217,
        -2.6650514839491217,
        -2.7256208358570566,
        -2.7256208358570566,
        -2.786190187764991,
        -2.786190187764991,
        -2.846759539672925,
        -2.846759539672925,
        -2.90732889158086,
        -2.90732889158086,
        -2.967898243488795,
        -2.967898243488795,
        -3.0284675953967293,
        -3.089036947304664,
        -3.089036947304664,
        -3.1496062992125986,
        -3.1496062992125986,
        -3.210175651120533,
        -3.210175651120533,
        -3.270745003028468,
        -3.270745003028468,
        -3.3313143549364024,
        -3.3313143549364024,
        -3.3918837068443373,
        -3.3918837068443373,
        -3.3918837068443373,
        -3.3918837068443373,
        -3.4524530587522717,
        -3.5735917625681406,
        -3.5735917625681406,
        -3.634161114476075,
        -3.634161114476075,
        -3.6947304663840095,
        -3.6947304663840095,
        -3.755299818291944,
        -3.755299818291944,
        -3.815869170199879,
        -3.815869170199879,
        -3.8764385221078137,
        -3.8764385221078137,
        -3.937007874015748,
        -3.937007874015748,
        -3.997577225923683
    ],
    "phiDotR": [
        3.634161114476075,
        3.6947304663840095,
        3.6947304663840095,
        3.755299818291944,
        3.755299818291944,
        3.815869170199879,
        3.8764385221078137,
        3.8764385221078137,
        3.937007874015748,
        3.937007874015748,
        3.997577225923683,
        3.997577225923683,
        4.058146577831618,
        4.058146577831618,
        4.118715929739552,
        4.118715929739552,
        4.179285281647486,
        4.179285281647486,
        4.239854633555421,
        4.300423985463356,
        4.300423985463356,
        4.36099333737129,
        4.36099333737129,
        4.421562689279225,
        4.421562689279225,
        4.48213204118716,
        4.48213204118716,
        4.542701393095094,
        4.542701393095094,
        4.603270745003028,
        4.603270745003028,
        4.663840096910963,
        4.663840096910963,
        4.724409448818898,
        4.784978800726832,
        4.784978800726832,
        4.845548152634767,
        4.845548152634767,
        4.906117504542702,
        4.906117504542702,
        4.966686856450636,
        4.966686856450636,
        5.027256208358571,
        5.027256208358571,
        5.087825560266505,
        5.087825560266505,
        5.14839491217444,
        5.14839491217444,
        5.208964264082375
    ]
}