{
    "segment_index": 2526,
    "A": 0.1128307287873479,
    "B1": 0.0,
    "B2": 0.0,
    "omega": [
        -0.0025297424290329,
        0.0001304493925999,
        -0.0007486764225177,
        -0.0010989169823005,
        -0.0003763622953556,
        -0.0008162573794834,
        -0.00112495792564,
        -0.0006817992543801,
        -0.000382403464755,
        0.0004609505122061,
        -0.0005838921060785,
        -0.0005486955633386,
        0.0009046794730238,
        -0.0028185977134853,
        0.003278974443674,
        0.0001862571807578,
        0.0004849475517403,
        0.0017481152899563,
        0.0019668939057737,
        -0.0006281865062192,
        0.0002503315918147,
        -0.002088779117912,
        -0.0008940019761212,
        0.0026062098331749,
        0.0026159335393458,
        -0.0014085853472352,
        -0.0026376196183264,
        0.0011463201371952,
        0.0013960453215986,
        0.0041682426817715,
        0.0030905115418136,
        -0.000793813553173,
        0.0016457902966067,
        0.0010719512356445,
        0.0042667230591177,
        0.0017923433333635,
        0.0016596985515207,
        0.0021624565124511,
        0.003098631510511,
        -0.0008042484987527,
        -0.0006370157934725,
        -0.0017405283870175,
        0.0007583074038848,
        -0.0044931364245712,
        0.0013934611342847,
        -0.0039257132448256,
        -0.0004774727276526,
        0.0034872409887611,
        -0.0015453086234629
    ],
    "omega_next": [
        0.0001304493925999,
        -0.0007486764225177,
        -0.0010989169823005,
        -0.0003763622953556,
        -0.0008162573794834,
        -0.00112495792564,
        -0.0006817992543801,
        -0.000382403464755,
        0.0004609505122061,
        -0.0005838921060785,
        -0.0005486955633386,
        0.0009046794730238,
        -0.0028185977134853,
        0.003278974443674,
        0.0001862571807578,
        0.0004849475517403,
        0.0017481152899563,
        0.0019668939057737,
        -0.0006281865062192,
        0.0002503315918147,
        -0.002088779117912,
        -0.0008940019761212,
        0.0026062098331749,
        0.0026159335393458,
        -0.0014085853472352,
        -0.0026376196183264,
        0.0011463201371952,
        0.0013960453215986,
        0.0041682426817715,
        0.0030905115418136,
        -0.000793813553173,
        0.0016457902966067,
        0.0010719512356445,
        0.0042667230591177,
        0.0017923433333635,
        0.0016596985515207,
        0.0021624565124511,
        0.003098631510511,
        -0.0008042484987527,
        -0.0006370157934725,
        -0.0017405283870175,
        0.0007583074038848,
        -0.0044931364245712,
        0.0013934611342847,
        -0.0039257132448256,
        -0.0004774727276526,
        0.0034872409887611,
        -0.0015453086234629,
        -0.0024802675470709
    ],
    "phiDotL": [
        0.0,
        0.0,
        0.0,
        0.0,
        0.0,
        0.0,
        0.0,
        0.0,
        0.0,
        0.0,
        0.0,
        0.0,
        0.0,
        0.0,
        0.0,
        0.0,
        0.0,
        0.0,
        0.0,
        0.0,
        0.0,
        0.0,
        0.0,
        0.0,
        0.0,
        0.0,
        0.0,
        0.0,
        0.0,
        0.0,
        0.0,
        0.0,
        0.0,
        0.0,
        0.0,
        0.0,
        0.0,
        0.0,
        0.0,
        0.0,
        0.0,
        0.0,
        0.0,
        0.0,
        0.0,
        0.0,
        0.0,
        0.0,
        0.0
    ],
    "phiDotR": [
        0.0,
        0.0,
        0.0,
        0.0,
        0.0,
        0.0,
        0.0,
        0.0,
        0.0,
        0.0,
        0.0,
        0.0,
        0.0,
        0.0,
        0.0,
        0.0,
        0.0,
        0.0,
        0.0,
        0.0,
        0.0,
        0.0,
        0.0,
        0.0,
        0.0,
        0.0,
        0.0,
        0.0,
        0.0,
        0.0,
        0.0,
        0.0,
        0.0,
        0.0,
        0.0,
        0.0,
        0.0,
        0.0,
        0.0,
        0.0,
        0.0,
        0.0,
        0.0,
        0.0,
        0.0,
        0.0,
        0.0,
        0.0,
        0.0
    ]
}