{
    "segment_index": 2059,
    "A": -0.011539406559583897,
    "B1": 0.188596946379944,
    "B2": -0.1710993841727838,
    "omega": [
        -0.0036188343074172,
        0.001109623350203,
        0.0019339413847774,
        -7.3816227086354e-07,
        0.0008375362958759,
        -0.0015654064482078,
        5.88788025197573e-05,
        0.0032978693488985,
        0.0018135095015168,
        0.0028357547707855,
        -0.0018297036876902,
        0.0015094198752194,
        0.000869185780175,
        0.0003008623607456,
        -0.0002416687493678,
        -0.0009854295058175,
        -0.0021336595527827,
        -0.0012124695349484,
        -0.0052952943369746,
        0.0043452121317386,
        0.0024092600215226,
        -0.000909364898689,
        -1.8816066585714e-05,
        0.0014135342789813,
        0.0015651118010282,
        0.0005365770775824,
        -0.0005135876708664,
        0.0015751814935356,
        0.0005001825629733,
        0.0036942942533642,
        -0.0023740450851619,
        0.0215227231383324,
        0.0266945753246546,
        0.04022067040205,
        -0.046398289501667,
        -0.0543232783675194,
        -0.0201588831841946,
        -0.0634020641446114,
        -0.0485684312880039,
        -0.0839724764227867,
        -0.106311932206154,
        -0.101507507264614,
        -0.105283170938492,
        -0.139007031917572,
        -0.135979324579239,
        -0.16040962934494,
        -0.132859572768211,
        -0.177097767591476,
        -0.143125355243683
    ],
    "omega_next": [
        0.001109623350203,
        0.0019339413847774,
        -7.3816227086354e-07,
        0.0008375362958759,
        -0.0015654064482078,
        5.88788025197573e-05,
        0.0032978693488985,
        0.0018135095015168,
        0.0028357547707855,
        -0.0018297036876902,
        0.0015094198752194,
        0.000869185780175,
        0.0003008623607456,
        -0.0002416687493678,
        -0.0009854295058175,
        -0.0021336595527827,
        -0.0012124695349484,
        -0.0052952943369746,
        0.0043452121317386,
        0.0024092600215226,
        -0.000909364898689,
        -1.8816066585714e-05,
        0.0014135342789813,
        0.0015651118010282,
        0.0005365770775824,
        -0.0005135876708664,
        0.0015751814935356,
        0.0005001825629733,
        0.0036942942533642,
        -0.0023740450851619,
        0.0215227231383324,
        0.0266945753246546,
        0.04022067040205,
        -0.046398289501667,
        -0.0543232783675194,
        -0.0201588831841946,
        -0.0634020641446114,
        -0.0485684312880039,
        -0.0839724764227867,
        -0.106311932206154,
        -0.101507507264614,
        -0.105283170938492,
        -0.139007031917572,
        -0.135979324579239,
        -0.16040962934494,
        -0.132859572768211,
        -0.177097767591476,
        -0.143125355243683,
        -0.19147777557373
    ],
    "phiDotL": [
        0.0,
        0.0,
        0.0,
        0.0,
        0.0,
        0.0,
        0.0,
        0.0,
        0.0,
        0.0,
        0.0,
        0.0,
        0.0,
        0.0,
        0.0,
        0.0,
        0.0,
        0.0,
        0.0,
        0.0,
        0.0,
        0.0,
        0.0,
        0.0,
        0.0,
        0.0,
        0.0,
        0.0,
        0.0,
        0.0,
        0.0,
        1.6959418534221686,
        1.6959418534221686,
        1.635372501514234,
        1.635372501514234,
        1.5748031496062993,
        1.5748031496062993,
        1.5142337976983646,
        1.5142337976983646,
        1.45366444579043,
        1.45366444579043,
        1.3930950938824955,
        1.3930950938824955,
        1.3325257419745609,
        1.2719563900666262,
        1.2719563900666262,
        1.2113870381586918,
        1.2113870381586918,
        1.150817686250757
    ],
    "phiDotR": [
        0.0,
        0.0,
        0.0,
        0.0,
        0.0,
        0.0,
        0.0,
        0.0,
        0.0,
        0.0,
        0.0,
        0.0,
        0.0,
        0.0,
        0.0,
        0.0,
        0.0,
        0.0,
        0.0,
        0.0,
        0.0,
        0.0,
        0.0,
        0.0,
        0.0,
        0.0,
        0.0,
        0.0,
        0.0,
        0.0,
        0.0,
        1.877649909145972,
        1.877649909145972,
        1.9382192610539069,
        1.9382192610539069,
        1.9987886129618413,
        1.9987886129618413,
        2.059357964869776,
        2.059357964869776,
        2.1199273167777104,
        2.1199273167777104,
        2.180496668685645,
        2.180496668685645,
        2.24106602059358,
        2.301635372501514,
        2.301635372501514,
        2.362204724409449,
        2.362204724409449,
        2.4227740763173835
    ]
}