{
    "segment_index": 2906,
    "A": 0.1767726745989586,
    "B1": 0.0970722418908521,
    "B2": -0.09535340846620655,
    "omega": [
        0.0037422960158437,
        -0.0021809111349284,
        0.0031890305690467,
        0.0244849175214767,
        -0.103162914514542,
        0.064326785504818,
        0.0184929370880127,
        0.044645681977272,
        0.0933309644460678,
        0.0419724658131599,
        0.0868429094552994,
        0.0889388248324394,
        0.115665100514889,
        0.140683203935623,
        0.0844606012105942,
        0.169423282146454,
        0.14004822075367,
        0.154208138585091,
        0.120743595063686,
        0.128398761153221,
        0.103576675057411,
        0.157414957880974,
        0.182710111141205,
        0.102781102061272,
        0.146484956145287,
        0.135300323367119,
        0.209507018327713,
        0.1828423589468,
        0.183357909321785,
        0.190939545631409,
        0.185671731829643,
        0.224908113479614,
        0.207653760910034,
        0.150857955217361,
        0.1961620002985,
        0.235102325677872,
        0.192986622452736,
        0.263716638088226,
        0.222894951701164,
        0.292882055044174,
        0.273428440093994,
        0.28174501657486,
        0.354290395975113,
        0.380290329456329,
        0.329280287027359,
        0.351936161518097,
        0.364518493413925,
        0.395014107227325,
        0.367512822151184
    ],
    "omega_next": [
        -0.0021809111349284,
        0.0031890305690467,
        0.0244849175214767,
        -0.103162914514542,
        0.064326785504818,
        0.0184929370880127,
        0.044645681977272,
        0.0933309644460678,
        0.0419724658131599,
        0.0868429094552994,
        0.0889388248324394,
        0.115665100514889,
        0.140683203935623,
        0.0844606012105942,
        0.169423282146454,
        0.14004822075367,
        0.154208138585091,
        0.120743595063686,
        0.128398761153221,
        0.103576675057411,
        0.157414957880974,
        0.182710111141205,
        0.102781102061272,
        0.146484956145287,
        0.135300323367119,
        0.209507018327713,
        0.1828423589468,
        0.183357909321785,
        0.190939545631409,
        0.185671731829643,
        0.224908113479614,
        0.207653760910034,
        0.150857955217361,
        0.1961620002985,
        0.235102325677872,
        0.192986622452736,
        0.263716638088226,
        0.222894951701164,
        0.292882055044174,
        0.273428440093994,
        0.28174501657486,
        0.354290395975113,
        0.380290329456329,
        0.329280287027359,
        0.351936161518097,
        0.364518493413925,
        0.395014107227325,
        0.367512822151184,
        0.391527712345123
    ],
    "phiDotL": [
        0.0,
        0.0,
        0.0,
        1.877649909145972,
        2.483343428225318,
        2.5439127801332524,
        2.5439127801332524,
        2.6044821320411877,
        2.6044821320411877,
        2.6650514839491217,
        2.6650514839491217,
        2.7256208358570566,
        2.7256208358570566,
        2.786190187764991,
        2.786190187764991,
        2.846759539672925,
        2.90732889158086,
        2.90732889158086,
        2.967898243488795,
        2.967898243488795,
        3.0284675953967293,
        3.0284675953967293,
        3.089036947304664,
        3.089036947304664,
        3.1496062992125986,
        3.1496062992125986,
        3.210175651120533,
        3.210175651120533,
        3.270745003028468,
        3.270745003028468,
        3.3313143549364024,
        3.3918837068443373,
        3.3918837068443373,
        3.3918837068443373,
        3.3918837068443373,
        3.4524530587522717,
        3.4524530587522717,
        3.5735917625681406,
        3.5735917625681406,
        3.634161114476075,
        3.634161114476075,
        3.6947304663840095,
        3.6947304663840095,
        3.755299818291944,
        3.815869170199879,
        3.815869170199879,
        3.8764385221078137,
        3.8764385221078137,
        3.937007874015748
    ],
    "phiDotR": [
        0.0,
        0.0,
        0.0,
        1.6959418534221686,
        2.301635372501514,
        2.24106602059358,
        2.24106602059358,
        2.180496668685645,
        2.180496668685645,
        2.1199273167777104,
        2.1199273167777104,
        2.059357964869776,
        2.059357964869776,
        1.9987886129618413,
        1.9987886129618413,
        1.9382192610539069,
        1.877649909145972,
        1.877649909145972,
        1.8170805572380373,
        1.8170805572380373,
        1.6959418534221686,
        1.6959418534221686,
        1.6959418534221686,
        1.6959418534221686,
        1.635372501514234,
        1.635372501514234,
        1.5748031496062993,
        1.5748031496062993,
        1.5142337976983646,
        1.5142337976983646,
        1.45366444579043,
        1.3930950938824955,
        1.3930950938824955,
        1.3325257419745609,
        1.3325257419745609,
        1.2719563900666262,
        1.2719563900666262,
        1.2113870381586918,
        1.2113870381586918,
        1.150817686250757,
        1.150817686250757,
        1.0902483343428224,
        1.0902483343428224,
        1.029678982434888,
        0.9691096305269534,
        0.9691096305269534,
        0.9085402786190188,
        0.9085402786190188,
        0.8479709267110843
    ]
}