{
    "segment_index": 2497,
    "A": -0.03684325289940577,
    "B1": 0.0,
    "B2": 0.0,
    "omega": [
        -0.0010268156183883,
        0.0008391722221858,
        9.6549054433126e-05,
        0.0023883981630206,
        0.0007410164107568,
        -0.0016355739207938,
        -0.0019626547582447,
        0.0003656561602838,
        0.0002720270131248,
        -0.0016179832164198,
        0.0010049056727439,
        -0.0001895041496027,
        0.001163731678389,
        0.0029457861091941,
        -0.0004765726043842,
        0.0022001720499247,
        -0.0013937293551862,
        0.0001143381523434,
        -0.0015721509698778,
        -0.0004256974789313,
        0.0003203061642125,
        0.0021757825743407,
        0.0015643036458641,
        -0.0024531534872949,
        0.0005410772864706,
        0.0002439943200442,
        0.0045876912772655,
        -0.001547253341414,
        -0.0024573011323809,
        -0.0025297424290329,
        0.0001304493925999,
        -0.0007486764225177,
        -0.0010989169823005,
        -0.0003763622953556,
        -0.0008162573794834,
        -0.00112495792564,
        -0.0006817992543801,
        -0.000382403464755,
        0.0004609505122061,
        -0.0005838921060785,
        -0.0005486955633386,
        0.0009046794730238,
        -0.0028185977134853,
        0.003278974443674,
        0.0001862571807578,
        0.0004849475517403,
        0.0017481152899563,
        0.0019668939057737,
        -0.0006281865062192
    ],
    "omega_next": [
        0.0008391722221858,
        9.6549054433126e-05,
        0.0023883981630206,
        0.0007410164107568,
        -0.0016355739207938,
        -0.0019626547582447,
        0.0003656561602838,
        0.0002720270131248,
        -0.0016179832164198,
        0.0010049056727439,
        -0.0001895041496027,
        0.001163731678389,
        0.0029457861091941,
        -0.0004765726043842,
        0.0022001720499247,
        -0.0013937293551862,
        0.0001143381523434,
        -0.0015721509698778,
        -0.0004256974789313,
        0.0003203061642125,
        0.0021757825743407,
        0.0015643036458641,
        -0.0024531534872949,
        0.0005410772864706,
        0.0002439943200442,
        0.0045876912772655,
        -0.001547253341414,
        -0.0024573011323809,
        -0.0025297424290329,
        0.0001304493925999,
        -0.0007486764225177,
        -0.0010989169823005,
        -0.0003763622953556,
        -0.0008162573794834,
        -0.00112495792564,
        -0.0006817992543801,
        -0.000382403464755,
        0.0004609505122061,
        -0.0005838921060785,
        -0.0005486955633386,
        0.0009046794730238,
        -0.0028185977134853,
        0.003278974443674,
        0.0001862571807578,
        0.0004849475517403,
        0.0017481152899563,
        0.0019668939057737,
        -0.0006281865062192,
        0.0002503315918147
    ],
    "phiDotL": [
        0.0,
        0.0,
        0.0,
        0.0,
        0.0,
        0.0,
        0.0,
        0.0,
        0.0,
        0.0,
        0.0,
        0.0,
        0.0,
        0.0,
        0.0,
        0.0,
        0.0,
        0.0,
        0.0,
        0.0,
        0.0,
        0.0,
        0.0,
        0.0,
        0.0,
        0.0,
        0.0,
        0.0,
        0.0,
        0.0,
        0.0,
        0.0,
        0.0,
        0.0,
        0.0,
        0.0,
        0.0,
        0.0,
        0.0,
        0.0,
        0.0,
        0.0,
        0.0,
        0.0,
        0.0,
        0.0,
        0.0,
        0.0,
        0.0
    ],
    "phiDotR": [
        0.0,
        0.0,
        0.0,
        0.0,
        0.0,
        0.0,
        0.0,
        0.0,
        0.0,
        0.0,
        0.0,
        0.0,
        0.0,
        0.0,
        0.0,
        0.0,
        0.0,
        0.0,
        0.0,
        0.0,
        0.0,
        0.0,
        0.0,
        0.0,
        0.0,
        0.0,
        0.0,
        0.0,
        0.0,
        0.0,
        0.0,
        0.0,
        0.0,
        0.0,
        0.0,
        0.0,
        0.0,
        0.0,
        0.0,
        0.0,
        0.0,
        0.0,
        0.0,
        0.0,
        0.0,
        0.0,
        0.0,
        0.0,
        0.0
    ]
}