{
    "segment_index": 2981,
    "A": 0.7137384758172499,
    "B1": 0.039387073610527686,
    "B2": -0.05224333152521374,
    "omega": [
        0.603151798248291,
        0.576067388057709,
        0.572041630744934,
        0.628963589668274,
        0.652557015419006,
        0.670946896076202,
        0.691990733146667,
        0.669754981994629,
        0.690758645534515,
        0.740036129951477,
        0.78842031955719,
        0.737160086631775,
        0.707938492298126,
        0.642843186855316,
        0.712810397148132,
        0.73264616727829,
        0.719253659248352,
        0.703660488128662,
        0.731444358825684,
        0.7740278840065,
        0.799911856651306,
        0.79963219165802,
        0.849488615989685,
        0.846061766147614,
        0.869730234146118,
        0.85471785068512,
        0.922697961330414,
        0.921676635742188,
        0.970293819904327,
        0.920020341873169,
        0.927940011024475,
        1.07242345809937,
        1.11894857883453,
        1.14541530609131,
        1.21873784065247,
        1.13790917396545,
        1.15000033378601,
        1.05223679542542,
        0.979339420795441,
        0.923623323440552,
        1.10494530200958,
        0.966770052909851,
        0.863031148910522,
        0.976277053356171,
        1.02315306663513,
        0.933725535869598,
        1.02977657318115,
        1.10626125335693,
        1.07704305648804
    ],
    "omega_next": [
        0.576067388057709,
        0.572041630744934,
        0.628963589668274,
        0.652557015419006,
        0.670946896076202,
        0.691990733146667,
        0.669754981994629,
        0.690758645534515,
        0.740036129951477,
        0.78842031955719,
        0.737160086631775,
        0.707938492298126,
        0.642843186855316,
        0.712810397148132,
        0.73264616727829,
        0.719253659248352,
        0.703660488128662,
        0.731444358825684,
        0.7740278840065,
        0.799911856651306,
        0.79963219165802,
        0.849488615989685,
        0.846061766147614,
        0.869730234146118,
        0.85471785068512,
        0.922697961330414,
        0.921676635742188,
        0.970293819904327,
        0.920020341873169,
        0.927940011024475,
        1.07242345809937,
        1.11894857883453,
        1.14541530609131,
        1.21873784065247,
        1.13790917396545,
        1.15000033378601,
        1.05223679542542,
        0.979339420795441,
        0.923623323440552,
        1.10494530200958,
        0.966770052909851,
        0.863031148910522,
        0.976277053356171,
        1.02315306663513,
        0.933725535869598,
        1.02977657318115,
        1.10626125335693,
        1.07704305648804,
        1.01289403438568
    ],
    "phiDotL": [
        4.784978800726832,
        4.845548152634767,
        4.845548152634767,
        4.906117504542702,
        4.906117504542702,
        4.966686856450636,
        4.966686856450636,
        5.027256208358571,
        5.027256208358571,
        5.087825560266505,
        5.087825560266505,
        5.14839491217444,
        5.208964264082375,
        5.208964264082375,
        5.269533615990309,
        5.269533615990309,
        5.3301029678982434,
        5.3301029678982434,
        5.390672319806178,
        5.390672319806178,
        5.451241671714113,
        5.451241671714113,
        5.511811023622047,
        5.511811023622047,
        5.572380375529982,
        5.572380375529982,
        5.632949727437917,
        5.693519079345851,
        5.693519079345851,
        5.754088431253785,
        5.754088431253785,
        5.81465778316172,
        5.81465778316172,
        5.875227135069655,
        5.875227135069655,
        5.93579648697759,
        5.93579648697759,
        5.996365838885524,
        5.996365838885524,
        6.0569351907934585,
        6.0569351907934585,
        6.0569351907934585,
        6.0569351907934585,
        6.0569351907934585,
        6.0569351907934585,
        6.0569351907934585,
        6.0569351907934585,
        6.0569351907934585,
        6.0569351907934585
    ],
    "phiDotR": [
        0.0,
        0.0,
        0.0,
        -0.0605693519079345,
        -0.0605693519079345,
        -0.1211387038158691,
        -0.1211387038158691,
        -0.1817080557238037,
        -0.1817080557238037,
        -0.2422774076317383,
        -0.2422774076317383,
        -0.3028467595396729,
        -0.3634161114476075,
        -0.3634161114476075,
        -0.4239854633555421,
        -0.4239854633555421,
        -0.4845548152634767,
        -0.4845548152634767,
        -0.5451241671714112,
        -0.5451241671714112,
        -0.6056935190793459,
        -0.6056935190793459,
        -0.6662628709872804,
        -0.6662628709872804,
        -0.726832222895215,
        -0.726832222895215,
        -0.7874015748031497,
        -0.8479709267110843,
        -0.8479709267110843,
        -0.9085402786190188,
        -0.9085402786190188,
        -0.9691096305269534,
        -0.9691096305269534,
        -1.029678982434888,
        -1.029678982434888,
        -1.0902483343428224,
        -1.0902483343428224,
        -1.150817686250757,
        -1.150817686250757,
        -1.2113870381586918,
        -1.2113870381586918,
        -1.2719563900666262,
        -1.2719563900666262,
        -1.3325257419745609,
        -1.3325257419745609,
        -1.3325257419745609,
        -1.3930950938824955,
        -1.3930950938824955,
        -1.45366444579043
    ]
}