{
    "segment_index": 1068,
    "A": 0.5501399357742461,
    "B1": 0.06929742908056803,
    "B2": -0.061569236323949894,
    "omega": [
        0.0023504751734435,
        0.0009809097973629,
        0.0010413327254355,
        0.0010134844342246,
        -0.0213605836033821,
        -0.0055453013628721,
        0.0121044144034386,
        0.0444159470498562,
        0.017712539061904,
        0.0280389487743378,
        0.0513978488743305,
        0.0589320510625839,
        0.09637501090765,
        0.0814934894442558,
        0.09459338337183,
        0.114815220236778,
        0.151683896780014,
        0.195263847708702,
        0.156154155731201,
        0.200656518340111,
        0.179698690772057,
        0.200383871793747,
        0.212993144989014,
        0.207293048501015,
        0.211001172661781,
        0.228887513279915,
        0.249297335743904,
        0.242097318172455,
        0.277459561824799,
        0.256701022386551,
        0.268776029348373,
        0.271557420492172,
        0.29342520236969,
        0.292712926864624,
        0.281183183193207,
        0.298047542572021,
        0.325738787651062,
        0.338195621967316,
        0.325059473514557,
        0.295196533203125,
        0.336519926786423,
        0.303515791893005,
        0.374219715595245,
        0.396691381931305,
        0.401283770799637,
        0.420406699180603,
        0.41004079580307,
        0.396494001150131,
        0.39726510643959
    ],
    "omega_next": [
        0.0009809097973629,
        0.0010413327254355,
        0.0010134844342246,
        -0.0213605836033821,
        -0.0055453013628721,
        0.0121044144034386,
        0.0444159470498562,
        0.017712539061904,
        0.0280389487743378,
        0.0513978488743305,
        0.0589320510625839,
        0.09637501090765,
        0.0814934894442558,
        0.09459338337183,
        0.114815220236778,
        0.151683896780014,
        0.195263847708702,
        0.156154155731201,
        0.200656518340111,
        0.179698690772057,
        0.200383871793747,
        0.212993144989014,
        0.207293048501015,
        0.211001172661781,
        0.228887513279915,
        0.249297335743904,
        0.242097318172455,
        0.277459561824799,
        0.256701022386551,
        0.268776029348373,
        0.271557420492172,
        0.29342520236969,
        0.292712926864624,
        0.281183183193207,
        0.298047542572021,
        0.325738787651062,
        0.338195621967316,
        0.325059473514557,
        0.295196533203125,
        0.336519926786423,
        0.303515791893005,
        0.374219715595245,
        0.396691381931305,
        0.401283770799637,
        0.420406699180603,
        0.41004079580307,
        0.396494001150131,
        0.39726510643959,
        0.448478549718857
    ],
    "phiDotL": [
        0.0,
        0.0,
        0.0,
        0.0,
        1.2719563900666262,
        1.2719563900666262,
        1.3325257419745609,
        1.3325257419745609,
        1.3930950938824955,
        1.3930950938824955,
        1.45366444579043,
        1.45366444579043,
        1.5142337976983646,
        1.5142337976983646,
        1.5748031496062993,
        1.5748031496062993,
        1.635372501514234,
        1.6959418534221686,
        1.6959418534221686,
        1.6959418534221686,
        1.6959418534221686,
        1.8170805572380373,
        1.8170805572380373,
        1.877649909145972,
        1.877649909145972,
        1.9382192610539069,
        1.9382192610539069,
        1.9987886129618413,
        1.9987886129618413,
        2.059357964869776,
        2.059357964869776,
        2.1199273167777104,
        2.180496668685645,
        2.180496668685645,
        2.24106602059358,
        2.24106602059358,
        2.301635372501514,
        2.301635372501514,
        2.362204724409449,
        2.362204724409449,
        2.4227740763173835,
        2.4227740763173835,
        2.483343428225318,
        2.483343428225318,
        2.5439127801332524,
        2.6044821320411877,
        2.6044821320411877,
        2.6650514839491217,
        2.6650514839491217
    ],
    "phiDotR": [
        0.0,
        0.0,
        0.0,
        0.0,
        1.0902483343428224,
        1.0902483343428224,
        1.029678982434888,
        1.029678982434888,
        0.9691096305269534,
        0.9691096305269534,
        0.9085402786190188,
        0.9085402786190188,
        0.8479709267110843,
        0.8479709267110843,
        0.7874015748031497,
        0.7874015748031497,
        0.726832222895215,
        0.6662628709872804,
        0.6662628709872804,
        0.6056935190793459,
        0.6056935190793459,
        0.5451241671714112,
        0.5451241671714112,
        0.4845548152634767,
        0.4845548152634767,
        0.4239854633555421,
        0.4239854633555421,
        0.3634161114476075,
        0.3634161114476075,
        0.3028467595396729,
        0.3028467595396729,
        0.2422774076317383,
        0.1817080557238037,
        0.1817080557238037,
        0.1211387038158691,
        0.1211387038158691,
        0.0605693519079345,
        0.0605693519079345,
        0.0,
        0.0,
        0.0,
        0.0,
        -0.0605693519079345,
        -0.0605693519079345,
        -0.1211387038158691,
        -0.1817080557238037,
        -0.1817080557238037,
        -0.2422774076317383,
        -0.2422774076317383
    ]
}