{
    "segment_index": 2098,
    "A": 0.7036731990384371,
    "B1": 0.08755529218419122,
    "B2": -0.06952835292734523,
    "omega": [
        -0.0839724764227867,
        -0.106311932206154,
        -0.101507507264614,
        -0.105283170938492,
        -0.139007031917572,
        -0.135979324579239,
        -0.16040962934494,
        -0.132859572768211,
        -0.177097767591476,
        -0.143125355243683,
        -0.19147777557373,
        -0.196500614285469,
        -0.254218399524689,
        -0.273827850818634,
        -0.27420711517334,
        -0.198025554418564,
        -0.18281714618206,
        -0.229933172464371,
        -0.254242956638336,
        -0.250064969062805,
        -0.28321772813797,
        -0.288595169782639,
        -0.377783089876175,
        -0.368506908416748,
        -0.352191954851151,
        -0.439232587814331,
        -0.476905703544617,
        -0.520127534866333,
        -0.530061841011047,
        -0.472383916378021,
        -0.527870655059814,
        -0.541556477546692,
        -0.571529567241669,
        -0.540938675403595,
        -0.571350634098053,
        -0.605632066726685,
        -0.661236822605133,
        -0.629595994949341,
        -0.691565692424774,
        -0.718678772449493,
        -0.734465301036835,
        -0.724399983882904,
        -0.782784998416901,
        -0.853079855442047,
        -0.801535904407501,
        -0.772508323192596,
        -0.786803424358368,
        -0.805857360363007,
        -0.807040393352509
    ],
    "omega_next": [
        -0.106311932206154,
        -0.101507507264614,
        -0.105283170938492,
        -0.139007031917572,
        -0.135979324579239,
        -0.16040962934494,
        -0.132859572768211,
        -0.177097767591476,
        -0.143125355243683,
        -0.19147777557373,
        -0.196500614285469,
        -0.254218399524689,
        -0.273827850818634,
        -0.27420711517334,
        -0.198025554418564,
        -0.18281714618206,
        -0.229933172464371,
        -0.254242956638336,
        -0.250064969062805,
        -0.28321772813797,
        -0.288595169782639,
        -0.377783089876175,
        -0.368506908416748,
        -0.352191954851151,
        -0.439232587814331,
        -0.476905703544617,
        -0.520127534866333,
        -0.530061841011047,
        -0.472383916378021,
        -0.527870655059814,
        -0.541556477546692,
        -0.571529567241669,
        -0.540938675403595,
        -0.571350634098053,
        -0.605632066726685,
        -0.661236822605133,
        -0.629595994949341,
        -0.691565692424774,
        -0.718678772449493,
        -0.734465301036835,
        -0.724399983882904,
        -0.782784998416901,
        -0.853079855442047,
        -0.801535904407501,
        -0.772508323192596,
        -0.786803424358368,
        -0.805857360363007,
        -0.807040393352509,
        -0.790351271629333
    ],
    "phiDotL": [
        1.45366444579043,
        1.45366444579043,
        1.3930950938824955,
        1.3930950938824955,
        1.3325257419745609,
        1.2719563900666262,
        1.2719563900666262,
        1.2113870381586918,
        1.2113870381586918,
        1.150817686250757,
        1.150817686250757,
        1.0902483343428224,
        1.0902483343428224,
        1.029678982434888,
        1.029678982434888,
        0.9691096305269534,
        0.9691096305269534,
        0.9085402786190188,
        0.9085402786190188,
        0.8479709267110843,
        0.7874015748031497,
        0.7874015748031497,
        0.726832222895215,
        0.726832222895215,
        0.6662628709872804,
        0.6662628709872804,
        0.6056935190793459,
        0.6056935190793459,
        0.5451241671714112,
        0.5451241671714112,
        0.4845548152634767,
        0.4845548152634767,
        0.4239854633555421,
        0.3634161114476075,
        0.3634161114476075,
        0.3028467595396729,
        0.3028467595396729,
        0.2422774076317383,
        0.2422774076317383,
        0.1817080557238037,
        0.1817080557238037,
        0.1211387038158691,
        0.1211387038158691,
        0.0605693519079345,
        0.0605693519079345,
        0.0,
        0.0,
        0.0,
        -0.0605693519079345
    ],
    "phiDotR": [
        2.1199273167777104,
        2.1199273167777104,
        2.180496668685645,
        2.180496668685645,
        2.24106602059358,
        2.301635372501514,
        2.301635372501514,
        2.362204724409449,
        2.362204724409449,
        2.4227740763173835,
        2.4227740763173835,
        2.483343428225318,
        2.483343428225318,
        2.5439127801332524,
        2.5439127801332524,
        2.6044821320411877,
        2.6044821320411877,
        2.6650514839491217,
        2.6650514839491217,
        2.7256208358570566,
        2.786190187764991,
        2.786190187764991,
        2.846759539672925,
        2.846759539672925,
        2.90732889158086,
        2.90732889158086,
        2.967898243488795,
        2.967898243488795,
        3.0284675953967293,
        3.0284675953967293,
        3.089036947304664,
        3.089036947304664,
        3.1496062992125986,
        3.210175651120533,
        3.210175651120533,
        3.270745003028468,
        3.270745003028468,
        3.3313143549364024,
        3.3313143549364024,
        3.3918837068443373,
        3.3918837068443373,
        3.3918837068443373,
        3.3918837068443373,
        3.4524530587522717,
        3.4524530587522717,
        3.5735917625681406,
        3.5735917625681406,
        3.634161114476075,
        3.6947304663840095
    ]
}