{
    "segment_index": 1356,
    "A": -0.01294080971771368,
    "B1": 0.16432507277432418,
    "B2": -0.1623448004679976,
    "omega": [
        -0.0014136721147224,
        -0.0014136721147224,
        0.0039127874188125,
        -0.0027640121988952,
        -0.0018762068357318,
        0.0032066183630377,
        0.0010358075378462,
        0.005793843884021,
        -0.0014517360832542,
        0.0026005499530583,
        -0.0001710746291792,
        0.0005997780826874,
        0.0005997780826874,
        0.0043083629570901,
        0.0011084477882832,
        -0.0010448434622958,
        -0.0015914069954305,
        -0.0016084691742435,
        -0.0005619819276034,
        0.0006620141793973,
        0.0014266956131905,
        -0.0013648543972522,
        0.000179764087079,
        -0.0015399920521304,
        0.0020441624801605,
        0.0001664394076215,
        -0.0003431987424846,
        -0.0002688086533453,
        0.005472372751683,
        0.0011294519063085,
        -0.0003791891795117,
        0.0010915137827396,
        0.0006510354578495,
        0.0010155758354812,
        0.0029169567860662,
        0.0004773639666382,
        -0.0012914704857394,
        -0.0017072833143174,
        0.0025664244312793,
        0.0004330188967287,
        0.0011764240916818,
        0.0732096955180168,
        -0.0268263425678015,
        -0.0431974343955517,
        -0.0148867769166827,
        -0.0522724613547325,
        -0.0493243969976902,
        -0.0772490873932838,
        -0.0833581760525703
    ],
    "omega_next": [
        -0.0014136721147224,
        0.0039127874188125,
        -0.0027640121988952,
        -0.0018762068357318,
        0.0032066183630377,
        0.0010358075378462,
        0.005793843884021,
        -0.0014517360832542,
        0.0026005499530583,
        -0.0001710746291792,
        0.0005997780826874,
        0.0005997780826874,
        0.0043083629570901,
        0.0011084477882832,
        -0.0010448434622958,
        -0.0015914069954305,
        -0.0016084691742435,
        -0.0005619819276034,
        0.0006620141793973,
        0.0014266956131905,
        -0.0013648543972522,
        0.000179764087079,
        -0.0015399920521304,
        0.0020441624801605,
        0.0001664394076215,
        -0.0003431987424846,
        -0.0002688086533453,
        0.005472372751683,
        0.0011294519063085,
        -0.0003791891795117,
        0.0010915137827396,
        0.0006510354578495,
        0.0010155758354812,
        0.0029169567860662,
        0.0004773639666382,
        -0.0012914704857394,
        -0.0017072833143174,
        0.0025664244312793,
        0.0004330188967287,
        0.0011764240916818,
        0.0732096955180168,
        -0.0268263425678015,
        -0.0431974343955517,
        -0.0148867769166827,
        -0.0522724613547325,
        -0.0493243969976902,
        -0.0772490873932838,
        -0.0833581760525703,
        -0.0959024131298065
    ],
    "phiDotL": [
        0.0,
        0.0,
        0.0,
        0.0,
        0.0,
        0.0,
        0.0,
        0.0,
        0.0,
        0.0,
        0.0,
        0.0,
        0.0,
        0.0,
        0.0,
        0.0,
        0.0,
        0.0,
        0.0,
        0.0,
        0.0,
        0.0,
        0.0,
        0.0,
        0.0,
        0.0,
        0.0,
        0.0,
        0.0,
        0.0,
        0.0,
        0.0,
        0.0,
        0.0,
        0.0,
        0.0,
        0.0,
        0.0,
        0.0,
        0.0,
        0.0,
        1.6959418534221686,
        1.6959418534221686,
        1.635372501514234,
        1.635372501514234,
        1.5748031496062993,
        1.5748031496062993,
        1.5142337976983646,
        1.5142337976983646
    ],
    "phiDotR": [
        0.0,
        0.0,
        0.0,
        0.0,
        0.0,
        0.0,
        0.0,
        0.0,
        0.0,
        0.0,
        0.0,
        0.0,
        0.0,
        0.0,
        0.0,
        0.0,
        0.0,
        0.0,
        0.0,
        0.0,
        0.0,
        0.0,
        0.0,
        0.0,
        0.0,
        0.0,
        0.0,
        0.0,
        0.0,
        0.0,
        0.0,
        0.0,
        0.0,
        0.0,
        0.0,
        0.0,
        0.0,
        0.0,
        0.0,
        0.0,
        0.0,
        1.877649909145972,
        1.877649909145972,
        1.9382192610539069,
        1.9382192610539069,
        1.9987886129618413,
        1.9987886129618413,
        2.059357964869776,
        2.059357964869776
    ]
}