{
    "segment_index": 1211,
    "A": 0.7884143943143354,
    "B1": 0.020970341234937597,
    "B2": -0.04367595869322504,
    "omega": [
        1.21467411518097,
        1.20289194583893,
        1.2564457654953,
        1.24737310409546,
        1.30745434761047,
        1.2902592420578,
        1.32586264610291,
        1.33675599098206,
        1.25590038299561,
        1.27328431606293,
        1.30121183395386,
        1.30163145065308,
        1.23452889919281,
        1.24504327774048,
        1.30255627632141,
        1.32990324497223,
        1.37754237651825,
        1.34180152416229,
        1.27716028690338,
        1.32874441146851,
        1.31490230560303,
        1.33265662193298,
        1.35609722137451,
        1.35438072681427,
        1.40280508995056,
        1.40389466285706,
        1.39713037014008,
        1.42083728313446,
        1.4116188287735,
        1.41320312023163,
        1.38471615314484,
        1.3424483537674,
        1.35099172592163,
        1.30102264881134,
        1.35654771327972,
        1.32190644741058,
        1.31580758094788,
        1.30049705505371,
        1.35148417949677,
        1.45444416999817,
        1.50630939006805,
        1.52617835998535,
        1.56810653209686,
        1.55691456794739,
        1.55800592899323,
        1.47414100170135,
        1.43898713588715,
        1.35585796833038,
        1.40722620487213
    ],
    "omega_next": [
        1.20289194583893,
        1.2564457654953,
        1.24737310409546,
        1.30745434761047,
        1.2902592420578,
        1.32586264610291,
        1.33675599098206,
        1.25590038299561,
        1.27328431606293,
        1.30121183395386,
        1.30163145065308,
        1.23452889919281,
        1.24504327774048,
        1.30255627632141,
        1.32990324497223,
        1.37754237651825,
        1.34180152416229,
        1.27716028690338,
        1.32874441146851,
        1.31490230560303,
        1.33265662193298,
        1.35609722137451,
        1.35438072681427,
        1.40280508995056,
        1.40389466285706,
        1.39713037014008,
        1.42083728313446,
        1.4116188287735,
        1.41320312023163,
        1.38471615314484,
        1.3424483537674,
        1.35099172592163,
        1.30102264881134,
        1.35654771327972,
        1.32190644741058,
        1.31580758094788,
        1.30049705505371,
        1.35148417949677,
        1.45444416999817,
        1.50630939006805,
        1.52617835998535,
        1.56810653209686,
        1.55691456794739,
        1.55800592899323,
        1.47414100170135,
        1.43898713588715,
        1.35585796833038,
        1.40722620487213,
        1.39115965366364
    ],
    "phiDotL": [
        5.754088431253785,
        5.754088431253785,
        5.81465778316172,
        5.875227135069655,
        5.875227135069655,
        5.93579648697759,
        5.93579648697759,
        5.996365838885524,
        5.996365838885524,
        6.0569351907934585,
        6.0569351907934585,
        6.0569351907934585,
        6.0569351907934585,
        6.0569351907934585,
        6.0569351907934585,
        6.0569351907934585,
        6.0569351907934585,
        6.0569351907934585,
        6.0569351907934585,
        6.0569351907934585,
        6.0569351907934585,
        6.0569351907934585,
        6.0569351907934585,
        6.0569351907934585,
        6.0569351907934585,
        6.0569351907934585,
        6.0569351907934585,
        6.0569351907934585,
        6.0569351907934585,
        6.0569351907934585,
        6.0569351907934585,
        6.0569351907934585,
        6.0569351907934585,
        6.0569351907934585,
        6.0569351907934585,
        6.0569351907934585,
        6.0569351907934585,
        6.0569351907934585,
        6.0569351907934585,
        6.0569351907934585,
        6.0569351907934585,
        6.0569351907934585,
        6.0569351907934585,
        6.0569351907934585,
        6.0569351907934585,
        6.0569351907934585,
        6.0569351907934585,
        6.0569351907934585,
        6.0569351907934585
    ],
    "phiDotR": [
        -3.3313143549364024,
        -3.3313143549364024,
        -3.3918837068443373,
        -3.3918837068443373,
        -3.3918837068443373,
        -3.4524530587522717,
        -3.4524530587522717,
        -3.5735917625681406,
        -3.5735917625681406,
        -3.634161114476075,
        -3.634161114476075,
        -3.634161114476075,
        -3.634161114476075,
        -3.634161114476075,
        -3.6947304663840095,
        -3.6947304663840095,
        -3.6947304663840095,
        -3.6947304663840095,
        -3.6947304663840095,
        -3.755299818291944,
        -3.755299818291944,
        -3.755299818291944,
        -3.755299818291944,
        -3.755299818291944,
        -3.815869170199879,
        -3.815869170199879,
        -3.815869170199879,
        -3.815869170199879,
        -3.815869170199879,
        -3.815869170199879,
        -3.8764385221078137,
        -3.8764385221078137,
        -3.8764385221078137,
        -3.8764385221078137,
        -3.8764385221078137,
        -3.8764385221078137,
        -3.937007874015748,
        -3.937007874015748,
        -3.937007874015748,
        -3.937007874015748,
        -3.937007874015748,
        -3.937007874015748,
        -3.997577225923683,
        -3.997577225923683,
        -3.997577225923683,
        -3.997577225923683,
        -3.997577225923683,
        -3.997577225923683,
        -3.997577225923683
    ]
}