{
    "segment_index": 1267,
    "A": -1.480430195974607,
    "B1": 0.46819132739940744,
    "B2": -0.1600191540336545,
    "omega": [
        1.37957656383514,
        1.38594782352448,
        1.42165768146515,
        1.45415961742401,
        1.30950248241425,
        0.949418365955353,
        0.109675653278828,
        0.0305067542940378,
        0.0062983068637549,
        -0.0054034325294196,
        -0.0032889465801417,
        -0.0014881178503856,
        0.0009355838992632,
        -0.0013396519934758,
        -0.0020786486566066,
        -0.002219442743808,
        -0.0024102516472339,
        -0.0031119252089411,
        -0.005500525701791,
        -0.002267112955451,
        0.000506906537339,
        -0.0002717532624956,
        0.0007249480113387,
        0.0041936747729778,
        -7.97091997810639e-05,
        -0.0007391069084405,
        0.001239335979335,
        0.0051983105950057,
        0.000704058620613,
        0.0011971628991887,
        0.0043312483467161,
        0.0002162428281735,
        -0.0033345690462738,
        0.0011269457172602,
        -0.000316874589771,
        -0.0005727408570237,
        0.0013517987681552,
        0.0002333544398425,
        -0.0041713728569448,
        -0.0039229430258274,
        -0.0011351808207109,
        0.0012546239886432,
        -0.0006575470324605,
        0.001907640020363,
        -0.0010645544389262,
        0.0004964724066667,
        -0.0022073057480156,
        0.0012136303121224,
        -0.0011228352086618
    ],
    "omega_next": [
        1.38594782352448,
        1.42165768146515,
        1.45415961742401,
        1.30950248241425,
        0.949418365955353,
        0.109675653278828,
        0.0305067542940378,
        0.0062983068637549,
        -0.0054034325294196,
        -0.0032889465801417,
        -0.0014881178503856,
        0.0009355838992632,
        -0.0013396519934758,
        -0.0020786486566066,
        -0.002219442743808,
        -0.0024102516472339,
        -0.0031119252089411,
        -0.005500525701791,
        -0.002267112955451,
        0.000506906537339,
        -0.0002717532624956,
        0.0007249480113387,
        0.0041936747729778,
        -7.97091997810639e-05,
        -0.0007391069084405,
        0.001239335979335,
        0.0051983105950057,
        0.000704058620613,
        0.0011971628991887,
        0.0043312483467161,
        0.0002162428281735,
        -0.0033345690462738,
        0.0011269457172602,
        -0.000316874589771,
        -0.0005727408570237,
        0.0013517987681552,
        0.0002333544398425,
        -0.0041713728569448,
        -0.0039229430258274,
        -0.0011351808207109,
        0.0012546239886432,
        -0.0006575470324605,
        0.001907640020363,
        -0.0010645544389262,
        0.0004964724066667,
        -0.0022073057480156,
        0.0012136303121224,
        -0.0011228352086618,
        0.0033312968444079
    ],
    "phiDotL": [
        6.0569351907934585,
        5.996365838885524,
        6.0569351907934585,
        5.996365838885524,
        4.48213204118716,
        2.5439127801332524,
        0.6056935190793459,
        0.0,
        0.0,
        0.0,
        0.0,
        0.0,
        0.0,
        0.0,
        0.0,
        0.0,
        0.0,
        0.0,
        0.0,
        0.0,
        0.0,
        0.0,
        0.0,
        0.0,
        0.0,
        0.0,
        0.0,
        0.0,
        0.0,
        0.0,
        0.0,
        0.0,
        0.0,
        0.0,
        0.0,
        0.0,
        0.0,
        0.0,
        0.0,
        0.0,
        0.0,
        0.0,
        0.0,
        0.0,
        0.0,
        0.0,
        0.0,
        0.0,
        0.0
    ],
    "phiDotR": [
        -4.118715929739552,
        -4.118715929739552,
        -4.118715929739552,
        -4.118715929739552,
        -4.48213204118716,
        -2.5439127801332524,
        -0.6056935190793459,
        0.0,
        0.0,
        0.0,
        0.0,
        0.0,
        0.0,
        0.0,
        0.0,
        0.0,
        0.0,
        0.0,
        0.0,
        0.0,
        0.0,
        0.0,
        0.0,
        0.0,
        0.0,
        0.0,
        0.0,
        0.0,
        0.0,
        0.0,
        0.0,
        0.0,
        0.0,
        0.0,
        0.0,
        0.0,
        0.0,
        0.0,
        0.0,
        0.0,
        0.0,
        0.0,
        0.0,
        0.0,
        0.0,
        0.0,
        0.0,
        0.0,
        0.0
    ]
}