{
    "segment_index": 1616,
    "A": 0.1427914772985305,
    "B1": 0.0,
    "B2": 0.0,
    "omega": [
        -0.0006214445456862,
        0.0013104333775118,
        -0.0018596083391457,
        -0.0008421222446486,
        0.0008637948194518,
        0.001333337277174,
        0.0029689806979149,
        -0.001811436843127,
        0.0001785172789823,
        0.000609137059655,
        0.0016492146532982,
        0.0020531865302473,
        0.0010241804411634,
        0.0004363949701655,
        0.0035389065742492,
        0.0007642290438525,
        -0.0002676615840755,
        -0.0010138188954442,
        0.0040598986670374,
        -0.000923074199818,
        -0.000923074199818,
        -0.000923074199818,
        -0.000923074199818,
        -0.000923074199818,
        -0.000923074199818,
        -0.000923074199818,
        -0.000923074199818,
        0.0004656331730075,
        0.0014377101324498,
        0.0057034371420741,
        0.0018643520306795,
        -0.0002114311937475,
        0.0009478864958509,
        -0.0007084329263307,
        -0.0004789728554897,
        -0.0013738761190325,
        -0.000520484696608,
        0.0042176432907581,
        -0.0018441041465848,
        0.0006737146759405,
        -0.0014403789537027,
        -0.0024034138768911,
        -0.0016283225268125,
        -4.52279346063733e-05,
        -0.0013625201536342,
        0.0005639803130179,
        -0.0022556411568075,
        0.0007056604954414,
        0.0017140024574473
    ],
    "omega_next": [
        0.0013104333775118,
        -0.0018596083391457,
        -0.0008421222446486,
        0.0008637948194518,
        0.001333337277174,
        0.0029689806979149,
        -0.001811436843127,
        0.0001785172789823,
        0.000609137059655,
        0.0016492146532982,
        0.0020531865302473,
        0.0010241804411634,
        0.0004363949701655,
        0.0035389065742492,
        0.0007642290438525,
        -0.0002676615840755,
        -0.0010138188954442,
        0.0040598986670374,
        -0.000923074199818,
        -0.000923074199818,
        -0.000923074199818,
        -0.000923074199818,
        -0.000923074199818,
        -0.000923074199818,
        -0.000923074199818,
        -0.000923074199818,
        0.0004656331730075,
        0.0014377101324498,
        0.0057034371420741,
        0.0018643520306795,
        -0.0002114311937475,
        0.0009478864958509,
        -0.0007084329263307,
        -0.0004789728554897,
        -0.0013738761190325,
        -0.000520484696608,
        0.0042176432907581,
        -0.0018441041465848,
        0.0006737146759405,
        -0.0014403789537027,
        -0.0024034138768911,
        -0.0016283225268125,
        -4.52279346063733e-05,
        -0.0013625201536342,
        0.0005639803130179,
        -0.0022556411568075,
        0.0007056604954414,
        0.0017140024574473,
        0.0016411662800237
    ],
    "phiDotL": [
        0.0,
        0.0,
        0.0,
        0.0,
        0.0,
        0.0,
        0.0,
        0.0,
        0.0,
        0.0,
        0.0,
        0.0,
        0.0,
        0.0,
        0.0,
        0.0,
        0.0,
        0.0,
        0.0,
        0.0,
        0.0,
        0.0,
        0.0,
        0.0,
        0.0,
        0.0,
        0.0,
        0.0,
        0.0,
        0.0,
        0.0,
        0.0,
        0.0,
        0.0,
        0.0,
        0.0,
        0.0,
        0.0,
        0.0,
        0.0,
        0.0,
        0.0,
        0.0,
        0.0,
        0.0,
        0.0,
        0.0,
        0.0,
        0.0
    ],
    "phiDotR": [
        0.0,
        0.0,
        0.0,
        0.0,
        0.0,
        0.0,
        0.0,
        0.0,
        0.0,
        0.0,
        0.0,
        0.0,
        0.0,
        0.0,
        0.0,
        0.0,
        0.0,
        0.0,
        0.0,
        0.0,
        0.0,
        0.0,
        0.0,
        0.0,
        0.0,
        0.0,
        0.0,
        0.0,
        0.0,
        0.0,
        0.0,
        0.0,
        0.0,
        0.0,
        0.0,
        0.0,
        0.0,
        0.0,
        0.0,
        0.0,
        0.0,
        0.0,
        0.0,
        0.0,
        0.0,
        0.0,
        0.0,
        0.0,
        0.0
    ]
}