{
    "segment_index": 2576,
    "A": 0.34464464796211997,
    "B1": 0.0,
    "B2": 0.0,
    "omega": [
        0.0015395889058709,
        -0.0007503390079364,
        0.0002087556640617,
        0.0012852424988523,
        0.0012197617907077,
        -0.0028435734566301,
        -0.00050625303993,
        0.0002896982769016,
        -0.0018710974836722,
        0.0003841318539343,
        -0.0043481914326548,
        0.0040457732975482,
        0.0040457732975482,
        0.0040457732975482,
        0.0040457732975482,
        0.0040457732975482,
        0.0040457732975482,
        0.0040457732975482,
        0.0040457732975482,
        0.0009030116489157,
        -0.0007541404338553,
        6.87013234710321e-05,
        -0.0028000324964523,
        0.0002595854748506,
        -0.0003221283259335,
        0.0010632080957293,
        -0.0009758985252119,
        0.0010665233712643,
        0.001550625776872,
        0.0029031573794782,
        -0.0006035558180883,
        0.0031349281780421,
        -0.0006782482378184,
        0.0035014902241528,
        0.0032305491622537,
        -0.0013396427966654,
        0.0009737962391227,
        0.000946429092437,
        0.0026409856509417,
        9.87237581284717e-06,
        -0.0028192319441586,
        0.0005645686760544,
        -0.0011992839863523,
        -0.0018196878954768,
        0.0008719931938685,
        0.0013376635033637,
        0.0022142487578094,
        -0.00161301670596,
        -0.003926713950932
    ],
    "omega_next": [
        -0.0007503390079364,
        0.0002087556640617,
        0.0012852424988523,
        0.0012197617907077,
        -0.0028435734566301,
        -0.00050625303993,
        0.0002896982769016,
        -0.0018710974836722,
        0.0003841318539343,
        -0.0043481914326548,
        0.0040457732975482,
        0.0040457732975482,
        0.0040457732975482,
        0.0040457732975482,
        0.0040457732975482,
        0.0040457732975482,
        0.0040457732975482,
        0.0040457732975482,
        0.0009030116489157,
        -0.0007541404338553,
        6.87013234710321e-05,
        -0.0028000324964523,
        0.0002595854748506,
        -0.0003221283259335,
        0.0010632080957293,
        -0.0009758985252119,
        0.0010665233712643,
        0.001550625776872,
        0.0029031573794782,
        -0.0006035558180883,
        0.0031349281780421,
        -0.0006782482378184,
        0.0035014902241528,
        0.0032305491622537,
        -0.0013396427966654,
        0.0009737962391227,
        0.000946429092437,
        0.0026409856509417,
        9.87237581284717e-06,
        -0.0028192319441586,
        0.0005645686760544,
        -0.0011992839863523,
        -0.0018196878954768,
        0.0008719931938685,
        0.0013376635033637,
        0.0022142487578094,
        -0.00161301670596,
        -0.003926713950932,
        0.0024986234493553
    ],
    "phiDotL": [
        0.0,
        0.0,
        0.0,
        0.0,
        0.0,
        0.0,
        0.0,
        0.0,
        0.0,
        0.0,
        0.0,
        0.0,
        0.0,
        0.0,
        0.0,
        0.0,
        0.0,
        0.0,
        0.0,
        0.0,
        0.0,
        0.0,
        0.0,
        0.0,
        0.0,
        0.0,
        0.0,
        0.0,
        0.0,
        0.0,
        0.0,
        0.0,
        0.0,
        0.0,
        0.0,
        0.0,
        0.0,
        0.0,
        0.0,
        0.0,
        0.0,
        0.0,
        0.0,
        0.0,
        0.0,
        0.0,
        0.0,
        0.0,
        0.0
    ],
    "phiDotR": [
        0.0,
        0.0,
        0.0,
        0.0,
        0.0,
        0.0,
        0.0,
        0.0,
        0.0,
        0.0,
        0.0,
        0.0,
        0.0,
        0.0,
        0.0,
        0.0,
        0.0,
        0.0,
        0.0,
        0.0,
        0.0,
        0.0,
        0.0,
        0.0,
        0.0,
        0.0,
        0.0,
        0.0,
        0.0,
        0.0,
        0.0,
        0.0,
        0.0,
        0.0,
        0.0,
        0.0,
        0.0,
        0.0,
        0.0,
        0.0,
        0.0,
        0.0,
        0.0,
        0.0,
        0.0,
        0.0,
        0.0,
        0.0,
        0.0
    ]
}