{
    "segment_index": 2828,
    "A": -0.89268484308407,
    "B1": 0.1622085005071044,
    "B2": -0.2913567079799002,
    "omega": [
        -1.13758635520935,
        -1.1471734046936,
        -1.1471734046936,
        -1.17962634563446,
        -1.16866779327393,
        -1.14750385284424,
        -1.1625804901123,
        -1.2026823759079,
        0.0008456359500996,
        0.0008456359500996,
        -0.0105406930670142,
        -0.0015687531558796,
        -0.0015687531558796,
        0.0091270385310053,
        0.0073614381253719,
        -0.002173539949581,
        -0.00056390510872,
        0.001407288829796,
        0.0007555733900517,
        0.0006248196586966,
        0.0043705338612198,
        -0.0017881446983665,
        0.0007065383833833,
        0.0019560949876904,
        0.0005050700274296,
        0.0025972069706767,
        -0.0014387858100235,
        0.0032496920321136,
        0.0011015470372512,
        -0.001116428640671,
        -0.000726219790522,
        -0.0003810957714449,
        -0.001653411774896,
        -0.0001264153106603,
        -0.0040486054494977,
        0.0017743463395163,
        0.0002355505566811,
        0.0023234302643686,
        0.0004790830716956,
        0.0007582945981994,
        0.0017473604530096,
        -0.0003631422878243,
        -0.0005336758331395,
        -0.0011713091516867,
        0.0002394842886133,
        -0.000792829087004,
        0.0009221584768965,
        0.0009221584768965,
        0.0009221584768965
    ],
    "omega_next": [
        -1.1471734046936,
        -1.1471734046936,
        -1.17962634563446,
        -1.16866779327393,
        -1.14750385284424,
        -1.1625804901123,
        -1.2026823759079,
        0.0008456359500996,
        0.0008456359500996,
        -0.0105406930670142,
        -0.0015687531558796,
        -0.0015687531558796,
        0.0091270385310053,
        0.0073614381253719,
        -0.002173539949581,
        -0.00056390510872,
        0.001407288829796,
        0.0007555733900517,
        0.0006248196586966,
        0.0043705338612198,
        -0.0017881446983665,
        0.0007065383833833,
        0.0019560949876904,
        0.0005050700274296,
        0.0025972069706767,
        -0.0014387858100235,
        0.0032496920321136,
        0.0011015470372512,
        -0.001116428640671,
        -0.000726219790522,
        -0.0003810957714449,
        -0.001653411774896,
        -0.0001264153106603,
        -0.0040486054494977,
        0.0017743463395163,
        0.0002355505566811,
        0.0023234302643686,
        0.0004790830716956,
        0.0007582945981994,
        0.0017473604530096,
        -0.0003631422878243,
        -0.0005336758331395,
        -0.0011713091516867,
        0.0002394842886133,
        -0.000792829087004,
        0.0009221584768965,
        0.0009221584768965,
        0.0009221584768965,
        0.0009221584768965
    ],
    "phiDotL": [
        -2.6650514839491217,
        -2.6650514839491217,
        -2.6650514839491217,
        -2.6650514839491217,
        -2.7256208358570566,
        -2.7256208358570566,
        -3.8764385221078137,
        -2.5439127801332524,
        -0.6056935190793459,
        0.0,
        0.0,
        0.0,
        0.0,
        0.0,
        0.0,
        0.0,
        0.0,
        0.0,
        0.0,
        0.0,
        0.0,
        0.0,
        0.0,
        0.0,
        0.0,
        0.0,
        0.0,
        0.0,
        0.0,
        0.0,
        0.0,
        0.0,
        0.0,
        0.0,
        0.0,
        0.0,
        0.0,
        0.0,
        0.0,
        0.0,
        0.0,
        0.0,
        0.0,
        0.0,
        0.0,
        0.0,
        0.0,
        0.0,
        0.0
    ],
    "phiDotR": [
        5.996365838885524,
        6.0569351907934585,
        6.0569351907934585,
        6.0569351907934585,
        6.0569351907934585,
        6.0569351907934585,
        5.087825560266505,
        2.5439127801332524,
        0.6056935190793459,
        0.0,
        0.0,
        0.0,
        0.0,
        0.0,
        0.0,
        0.0,
        0.0,
        0.0,
        0.0,
        0.0,
        0.0,
        0.0,
        0.0,
        0.0,
        0.0,
        0.0,
        0.0,
        0.0,
        0.0,
        0.0,
        0.0,
        0.0,
        0.0,
        0.0,
        0.0,
        0.0,
        0.0,
        0.0,
        0.0,
        0.0,
        0.0,
        0.0,
        0.0,
        0.0,
        0.0,
        0.0,
        0.0,
        0.0,
        0.0
    ]
}