{
    "segment_index": 328,
    "A": 0.28834791438411295,
    "B1": 0.0,
    "B2": 0.0,
    "omega": [
        -0.000787655415479,
        -0.0002951978822238,
        -0.0011747682001441,
        0.0002743243821896,
        0.001465285429731,
        0.0045636710710823,
        0.0001365128264296,
        0.0008930841577239,
        0.0014352051075547,
        0.0027821734547615,
        0.0016347145428881,
        0.0013476940803229,
        -0.0001403917558491,
        -0.0022677187807858,
        0.0025116244796663,
        0.0037938021123409,
        0.0012741868849843,
        0.0017700431635603,
        0.0012841366697102,
        -0.0034275278449058,
        0.0020818733610212,
        -0.0012330110184848,
        0.0012585347285494,
        -0.0021553430706262,
        -0.0013173643965274,
        0.0020922480616718,
        -0.0006255010957829,
        0.0014506401494145,
        0.0002002302499022,
        0.0026957436930388,
        0.0004393864946905,
        0.0002308872353751,
        0.0012808934552595,
        0.0026071823667734,
        0.0049709933809936,
        0.0002149277133867,
        -0.0039866501465439,
        3.90940404031426e-05,
        0.0023864358663559,
        0.0023864358663559,
        0.0023864358663559,
        0.0023864358663559,
        0.0023864358663559,
        0.0023864358663559,
        -0.000829740834888,
        4.72487299703062e-05,
        0.0017455164343118,
        -0.0004493034211918,
        -3.69521148968488e-05
    ],
    "omega_next": [
        -0.0002951978822238,
        -0.0011747682001441,
        0.0002743243821896,
        0.001465285429731,
        0.0045636710710823,
        0.0001365128264296,
        0.0008930841577239,
        0.0014352051075547,
        0.0027821734547615,
        0.0016347145428881,
        0.0013476940803229,
        -0.0001403917558491,
        -0.0022677187807858,
        0.0025116244796663,
        0.0037938021123409,
        0.0012741868849843,
        0.0017700431635603,
        0.0012841366697102,
        -0.0034275278449058,
        0.0020818733610212,
        -0.0012330110184848,
        0.0012585347285494,
        -0.0021553430706262,
        -0.0013173643965274,
        0.0020922480616718,
        -0.0006255010957829,
        0.0014506401494145,
        0.0002002302499022,
        0.0026957436930388,
        0.0004393864946905,
        0.0002308872353751,
        0.0012808934552595,
        0.0026071823667734,
        0.0049709933809936,
        0.0002149277133867,
        -0.0039866501465439,
        3.90940404031426e-05,
        0.0023864358663559,
        0.0023864358663559,
        0.0023864358663559,
        0.0023864358663559,
        0.0023864358663559,
        0.0023864358663559,
        -0.000829740834888,
        4.72487299703062e-05,
        0.0017455164343118,
        -0.0004493034211918,
        -3.69521148968488e-05,
        -0.0003612917789723
    ],
    "phiDotL": [
        0.0,
        0.0,
        0.0,
        0.0,
        0.0,
        0.0,
        0.0,
        0.0,
        0.0,
        0.0,
        0.0,
        0.0,
        0.0,
        0.0,
        0.0,
        0.0,
        0.0,
        0.0,
        0.0,
        0.0,
        0.0,
        0.0,
        0.0,
        0.0,
        0.0,
        0.0,
        0.0,
        0.0,
        0.0,
        0.0,
        0.0,
        0.0,
        0.0,
        0.0,
        0.0,
        0.0,
        0.0,
        0.0,
        0.0,
        0.0,
        0.0,
        0.0,
        0.0,
        0.0,
        0.0,
        0.0,
        0.0,
        0.0,
        0.0
    ],
    "phiDotR": [
        0.0,
        0.0,
        0.0,
        0.0,
        0.0,
        0.0,
        0.0,
        0.0,
        0.0,
        0.0,
        0.0,
        0.0,
        0.0,
        0.0,
        0.0,
        0.0,
        0.0,
        0.0,
        0.0,
        0.0,
        0.0,
        0.0,
        0.0,
        0.0,
        0.0,
        0.0,
        0.0,
        0.0,
        0.0,
        0.0,
        0.0,
        0.0,
        0.0,
        0.0,
        0.0,
        0.0,
        0.0,
        0.0,
        0.0,
        0.0,
        0.0,
        0.0,
        0.0,
        0.0,
        0.0,
        0.0,
        0.0,
        0.0,
        0.0
    ]
}