{
    "segment_index": 2341,
    "A": -0.2838695798780392,
    "B1": -0.30684773709759167,
    "B2": 0.34601872950263474,
    "omega": [
        -0.0001834513968788,
        0.0013117485214024,
        0.0006809419719502,
        0.0007788963266648,
        0.0024544587358832,
        0.000852875993587,
        -0.0019499376649037,
        0.000643401464913,
        0.0020517467055469,
        0.0030429784674197,
        0.0002509089536033,
        -9.72427224041894e-05,
        -0.0038275425322353,
        0.0010983101092279,
        0.0018422710709273,
        0.0021006492897868,
        0.0453055314719677,
        -0.0049503133632242,
        -0.0381577052175999,
        -0.0007785322959534,
        -0.0307188257575035,
        -0.0169868692755699,
        -0.0065466142259538,
        -0.0028614334296435,
        -0.0145265683531761,
        -0.0142553299665451,
        -0.037678174674511,
        -0.036310862749815,
        -0.0354339480400085,
        -0.0351406000554562,
        -0.0249530524015427,
        -0.0461398847401142,
        -0.029935160651803,
        -0.074697770178318,
        0.0089274421334266,
        -0.0498627685010433,
        -0.0067307921126484,
        -0.0419518053531647,
        -0.0191570222377777,
        -0.0210446901619434,
        -0.0151578895747662,
        -0.0188182666897774,
        -0.0188182666897774,
        -0.0174209326505661,
        -0.0560744255781174,
        -0.0102582117542624,
        -0.0433589108288288,
        -0.0370139516890049,
        -0.0368349887430668
    ],
    "omega_next": [
        0.0013117485214024,
        0.0006809419719502,
        0.0007788963266648,
        0.0024544587358832,
        0.000852875993587,
        -0.0019499376649037,
        0.000643401464913,
        0.0020517467055469,
        0.0030429784674197,
        0.0002509089536033,
        -9.72427224041894e-05,
        -0.0038275425322353,
        0.0010983101092279,
        0.0018422710709273,
        0.0021006492897868,
        0.0453055314719677,
        -0.0049503133632242,
        -0.0381577052175999,
        -0.0007785322959534,
        -0.0307188257575035,
        -0.0169868692755699,
        -0.0065466142259538,
        -0.0028614334296435,
        -0.0145265683531761,
        -0.0142553299665451,
        -0.037678174674511,
        -0.036310862749815,
        -0.0354339480400085,
        -0.0351406000554562,
        -0.0249530524015427,
        -0.0461398847401142,
        -0.029935160651803,
        -0.074697770178318,
        0.0089274421334266,
        -0.0498627685010433,
        -0.0067307921126484,
        -0.0419518053531647,
        -0.0191570222377777,
        -0.0210446901619434,
        -0.0151578895747662,
        -0.0188182666897774,
        -0.0188182666897774,
        -0.0174209326505661,
        -0.0560744255781174,
        -0.0102582117542624,
        -0.0433589108288288,
        -0.0370139516890049,
        -0.0368349887430668,
        -0.0354764796793461
    ],
    "phiDotL": [
        0.0,
        0.0,
        0.0,
        0.0,
        0.0,
        0.0,
        0.0,
        0.0,
        0.0,
        0.0,
        0.0,
        0.0,
        0.0,
        0.0,
        0.0,
        0.0,
        -1.9382192610539069,
        -2.483343428225318,
        -2.483343428225318,
        -2.483343428225318,
        -2.483343428225318,
        -2.483343428225318,
        -2.483343428225318,
        -2.483343428225318,
        -2.483343428225318,
        -2.483343428225318,
        -2.483343428225318,
        -2.483343428225318,
        -2.483343428225318,
        -2.483343428225318,
        -2.483343428225318,
        -2.483343428225318,
        -2.483343428225318,
        -2.483343428225318,
        -2.483343428225318,
        -2.483343428225318,
        -2.483343428225318,
        -2.483343428225318,
        -2.483343428225318,
        -2.483343428225318,
        -2.483343428225318,
        -2.483343428225318,
        -2.483343428225318,
        -2.483343428225318,
        -2.483343428225318,
        -2.483343428225318,
        -2.483343428225318,
        -2.483343428225318,
        -2.483343428225318
    ],
    "phiDotR": [
        0.0,
        0.0,
        0.0,
        0.0,
        0.0,
        0.0,
        0.0,
        0.0,
        0.0,
        0.0,
        0.0,
        0.0,
        0.0,
        0.0,
        0.0,
        0.0,
        -1.6959418534221686,
        -2.301635372501514,
        -2.301635372501514,
        -2.301635372501514,
        -2.301635372501514,
        -2.301635372501514,
        -2.301635372501514,
        -2.301635372501514,
        -2.301635372501514,
        -2.301635372501514,
        -2.301635372501514,
        -2.301635372501514,
        -2.301635372501514,
        -2.301635372501514,
        -2.301635372501514,
        -2.301635372501514,
        -2.301635372501514,
        -2.301635372501514,
        -2.301635372501514,
        -2.301635372501514,
        -2.301635372501514,
        -2.301635372501514,
        -2.301635372501514,
        -2.301635372501514,
        -2.301635372501514,
        -2.301635372501514,
        -2.301635372501514,
        -2.301635372501514,
        -2.301635372501514,
        -2.301635372501514,
        -2.301635372501514,
        -2.301635372501514,
        -2.301635372501514
    ]
}