{
    "segment_index": 2605,
    "A": 0.07734269844497876,
    "B1": 0.17632094665393938,
    "B2": -0.16665543042543343,
    "omega": [
        0.0029031573794782,
        -0.0006035558180883,
        0.0031349281780421,
        -0.0006782482378184,
        0.0035014902241528,
        0.0032305491622537,
        -0.0013396427966654,
        0.0009737962391227,
        0.000946429092437,
        0.0026409856509417,
        9.87237581284717e-06,
        -0.0028192319441586,
        0.0005645686760544,
        -0.0011992839863523,
        -0.0018196878954768,
        0.0008719931938685,
        0.0013376635033637,
        0.0022142487578094,
        -0.00161301670596,
        -0.003926713950932,
        0.0024986234493553,
        0.0047599459066987,
        0.0015040870057418,
        9.62999256444164e-05,
        0.0003818439727183,
        0.0001047952682711,
        0.0017559975385665,
        -0.0002330929855816,
        -0.0023967425804585,
        -0.0021836361847817,
        -0.0006484320620074,
        0.0442530512809753,
        0.0092420913279056,
        -0.0279831793159246,
        -0.0270296558737755,
        -0.0269323531538248,
        -0.0421574674546719,
        -0.0562264956533909,
        -0.0624399930238724,
        -0.12047616392374,
        -0.0896315351128578,
        -0.115780659019947,
        -0.0707459226250648,
        -0.144282191991806,
        -0.1541748046875,
        -0.138341024518013,
        -0.129312813282013,
        -0.18236830830574,
        -0.205853000283241
    ],
    "omega_next": [
        -0.0006035558180883,
        0.0031349281780421,
        -0.0006782482378184,
        0.0035014902241528,
        0.0032305491622537,
        -0.0013396427966654,
        0.0009737962391227,
        0.000946429092437,
        0.0026409856509417,
        9.87237581284717e-06,
        -0.0028192319441586,
        0.0005645686760544,
        -0.0011992839863523,
        -0.0018196878954768,
        0.0008719931938685,
        0.0013376635033637,
        0.0022142487578094,
        -0.00161301670596,
        -0.003926713950932,
        0.0024986234493553,
        0.0047599459066987,
        0.0015040870057418,
        9.62999256444164e-05,
        0.0003818439727183,
        0.0001047952682711,
        0.0017559975385665,
        -0.0002330929855816,
        -0.0023967425804585,
        -0.0021836361847817,
        -0.0006484320620074,
        0.0442530512809753,
        0.0092420913279056,
        -0.0279831793159246,
        -0.0270296558737755,
        -0.0269323531538248,
        -0.0421574674546719,
        -0.0562264956533909,
        -0.0624399930238724,
        -0.12047616392374,
        -0.0896315351128578,
        -0.115780659019947,
        -0.0707459226250648,
        -0.144282191991806,
        -0.1541748046875,
        -0.138341024518013,
        -0.129312813282013,
        -0.18236830830574,
        -0.205853000283241,
        -0.249216347932816
    ],
    "phiDotL": [
        0.0,
        0.0,
        0.0,
        0.0,
        0.0,
        0.0,
        0.0,
        0.0,
        0.0,
        0.0,
        0.0,
        0.0,
        0.0,
        0.0,
        0.0,
        0.0,
        0.0,
        0.0,
        0.0,
        0.0,
        0.0,
        0.0,
        0.0,
        0.0,
        0.0,
        0.0,
        0.0,
        0.0,
        0.0,
        0.0,
        0.0,
        1.6959418534221686,
        2.301635372501514,
        2.24106602059358,
        2.24106602059358,
        2.180496668685645,
        2.180496668685645,
        2.1199273167777104,
        2.1199273167777104,
        2.059357964869776,
        2.059357964869776,
        1.9987886129618413,
        1.9987886129618413,
        1.9382192610539069,
        1.877649909145972,
        1.877649909145972,
        1.8170805572380373,
        1.8170805572380373,
        1.6959418534221686
    ],
    "phiDotR": [
        0.0,
        0.0,
        0.0,
        0.0,
        0.0,
        0.0,
        0.0,
        0.0,
        0.0,
        0.0,
        0.0,
        0.0,
        0.0,
        0.0,
        0.0,
        0.0,
        0.0,
        0.0,
        0.0,
        0.0,
        0.0,
        0.0,
        0.0,
        0.0,
        0.0,
        0.0,
        0.0,
        0.0,
        0.0,
        0.0,
        0.0,
        1.877649909145972,
        2.483343428225318,
        2.5439127801332524,
        2.5439127801332524,
        2.6044821320411877,
        2.6044821320411877,
        2.6650514839491217,
        2.6650514839491217,
        2.7256208358570566,
        2.7256208358570566,
        2.786190187764991,
        2.786190187764991,
        2.846759539672925,
        2.90732889158086,
        2.90732889158086,
        2.967898243488795,
        2.967898243488795,
        3.0284675953967293
    ]
}