{
    "segment_index": 1978,
    "A": 0.39209702904533317,
    "B1": 0.1590963951551126,
    "B2": 0.04360931665968516,
    "omega": [
        1.20619904994965,
        1.22457337379456,
        1.25481927394867,
        1.32813131809235,
        1.3710789680481,
        1.44871294498444,
        1.46892118453979,
        1.40488660335541,
        1.33513784408569,
        1.31553709506989,
        1.33059799671173,
        1.36025321483612,
        1.36145269870758,
        1.3675172328949,
        1.42344892024994,
        1.44745016098022,
        1.41631698608398,
        1.36963832378387,
        1.40646386146545,
        1.43897843360901,
        1.38821005821228,
        1.26914966106415,
        1.22730219364166,
        1.24317765235901,
        1.29718315601349,
        1.28898656368256,
        1.29852163791656,
        1.08813059329987,
        0.609589874744415,
        0.373116046190262,
        0.0245184246450663,
        0.014286638237536,
        -0.0155192632228136,
        0.0063700973987579,
        0.0016862996853888,
        0.0013908263063058,
        0.0025151108857244,
        0.0032135634683072,
        0.0012071431847289,
        0.0016159330261871,
        0.0003468804643489,
        -0.0010687559843063,
        0.0021270534489303,
        0.0002509829646442,
        0.0014806065009906,
        -0.0010245275916531,
        0.0004560883971862,
        0.0009213197045028,
        -0.0012747466098517
    ],
    "omega_next": [
        1.22457337379456,
        1.25481927394867,
        1.32813131809235,
        1.3710789680481,
        1.44871294498444,
        1.46892118453979,
        1.40488660335541,
        1.33513784408569,
        1.31553709506989,
        1.33059799671173,
        1.36025321483612,
        1.36145269870758,
        1.3675172328949,
        1.42344892024994,
        1.44745016098022,
        1.41631698608398,
        1.36963832378387,
        1.40646386146545,
        1.43897843360901,
        1.38821005821228,
        1.26914966106415,
        1.22730219364166,
        1.24317765235901,
        1.29718315601349,
        1.28898656368256,
        1.29852163791656,
        1.08813059329987,
        0.609589874744415,
        0.373116046190262,
        0.0245184246450663,
        0.014286638237536,
        -0.0155192632228136,
        0.0063700973987579,
        0.0016862996853888,
        0.0013908263063058,
        0.0025151108857244,
        0.0032135634683072,
        0.0012071431847289,
        0.0016159330261871,
        0.0003468804643489,
        -0.0010687559843063,
        0.0021270534489303,
        0.0002509829646442,
        0.0014806065009906,
        -0.0010245275916531,
        0.0004560883971862,
        0.0009213197045028,
        -0.0012747466098517,
        0.0031883497722446
    ],
    "phiDotL": [
        6.0569351907934585,
        6.0569351907934585,
        6.0569351907934585,
        6.0569351907934585,
        6.0569351907934585,
        6.0569351907934585,
        6.0569351907934585,
        6.0569351907934585,
        6.0569351907934585,
        6.0569351907934585,
        6.0569351907934585,
        6.0569351907934585,
        6.0569351907934585,
        5.996365838885524,
        6.0569351907934585,
        6.0569351907934585,
        6.0569351907934585,
        6.0569351907934585,
        5.996365838885524,
        6.0569351907934585,
        5.996365838885524,
        6.0569351907934585,
        6.0569351907934585,
        6.0569351907934585,
        6.0569351907934585,
        6.0569351907934585,
        4.48213204118716,
        2.5439127801332524,
        0.6056935190793459,
        0.0,
        0.0,
        0.0,
        0.0,
        0.0,
        0.0,
        0.0,
        0.0,
        0.0,
        0.0,
        0.0,
        0.0,
        0.0,
        0.0,
        0.0,
        0.0,
        0.0,
        0.0,
        0.0,
        0.0
    ],
    "phiDotR": [
        -3.089036947304664,
        -3.089036947304664,
        -3.089036947304664,
        -3.089036947304664,
        -3.1496062992125986,
        -3.1496062992125986,
        -3.1496062992125986,
        -3.1496062992125986,
        -3.1496062992125986,
        -3.210175651120533,
        -3.210175651120533,
        -3.210175651120533,
        -3.210175651120533,
        -3.210175651120533,
        -3.270745003028468,
        -3.270745003028468,
        -3.270745003028468,
        -3.270745003028468,
        -3.270745003028468,
        -3.270745003028468,
        -3.3313143549364024,
        -3.3313143549364024,
        -3.3313143549364024,
        -3.3313143549364024,
        -3.3313143549364024,
        -3.3918837068443373,
        -4.48213204118716,
        -2.5439127801332524,
        -0.6056935190793459,
        0.0,
        0.0,
        0.0,
        0.0,
        0.0,
        0.0,
        0.0,
        0.0,
        0.0,
        0.0,
        0.0,
        0.0,
        0.0,
        0.0,
        0.0,
        0.0,
        0.0,
        0.0,
        0.0,
        0.0
    ]
}