{
    "segment_index": 92,
    "A": 0.4851853886657848,
    "B1": 0.05974610787759993,
    "B2": -0.02568207048880675,
    "omega": [
        0.0004102352831978,
        -0.0037667318247258,
        0.0031213317997753,
        -0.0010335175320506,
        0.0043136021122336,
        0.002548681339249,
        -0.0022559165954589,
        0.0002251830737804,
        0.0013433038257062,
        0.0019892985001206,
        0.000649397727102,
        0.0001148027949966,
        -0.0004382606421131,
        -0.0023440951481461,
        0.0016706875758245,
        -0.0005120083806104,
        -0.0010440076002851,
        -0.0019871501717716,
        -0.0028273146599531,
        0.0013326732441783,
        0.0028694469947367,
        0.0021478608250618,
        0.0002881761174649,
        0.0085459528490901,
        0.0018541406607255,
        0.0511721931397915,
        0.0194953866302967,
        0.0391800850629807,
        0.049014400690794,
        0.0898672491312027,
        0.0817743912339211,
        0.116746462881565,
        0.0681038275361061,
        0.073310375213623,
        0.132738992571831,
        0.139711886644363,
        0.145593836903572,
        0.132947251200676,
        0.137539565563202,
        0.147118330001831,
        0.140841141343117,
        0.096074715256691,
        0.126653984189034,
        0.123841688036919,
        0.125745475292206,
        0.109478853642941,
        0.138752177357674,
        0.18235270678997,
        0.196762472391129
    ],
    "omega_next": [
        -0.0037667318247258,
        0.0031213317997753,
        -0.0010335175320506,
        0.0043136021122336,
        0.002548681339249,
        -0.0022559165954589,
        0.0002251830737804,
        0.0013433038257062,
        0.0019892985001206,
        0.000649397727102,
        0.0001148027949966,
        -0.0004382606421131,
        -0.0023440951481461,
        0.0016706875758245,
        -0.0005120083806104,
        -0.0010440076002851,
        -0.0019871501717716,
        -0.0028273146599531,
        0.0013326732441783,
        0.0028694469947367,
        0.0021478608250618,
        0.0002881761174649,
        0.0085459528490901,
        0.0018541406607255,
        0.0511721931397915,
        0.0194953866302967,
        0.0391800850629807,
        0.049014400690794,
        0.0898672491312027,
        0.0817743912339211,
        0.116746462881565,
        0.0681038275361061,
        0.073310375213623,
        0.132738992571831,
        0.139711886644363,
        0.145593836903572,
        0.132947251200676,
        0.137539565563202,
        0.147118330001831,
        0.140841141343117,
        0.096074715256691,
        0.126653984189034,
        0.123841688036919,
        0.125745475292206,
        0.109478853642941,
        0.138752177357674,
        0.18235270678997,
        0.196762472391129,
        0.175351113080978
    ],
    "phiDotL": [
        0.0,
        0.0,
        0.0,
        0.0,
        0.0,
        0.0,
        0.0,
        0.0,
        0.0,
        0.0,
        0.0,
        0.0,
        0.0,
        0.0,
        0.0,
        0.0,
        0.0,
        0.0,
        0.0,
        0.0,
        0.0,
        0.0,
        0.0,
        0.6662628709872804,
        0.6662628709872804,
        0.726832222895215,
        0.726832222895215,
        0.7874015748031497,
        0.7874015748031497,
        0.8479709267110843,
        0.8479709267110843,
        0.9085402786190188,
        0.9085402786190188,
        0.9691096305269534,
        0.9691096305269534,
        1.029678982434888,
        1.0902483343428224,
        1.0902483343428224,
        1.150817686250757,
        1.150817686250757,
        1.2113870381586918,
        1.2113870381586918,
        1.2719563900666262,
        1.2719563900666262,
        1.3325257419745609,
        1.3325257419745609,
        1.3930950938824955,
        1.3930950938824955,
        1.45366444579043
    ],
    "phiDotR": [
        0.0,
        0.0,
        0.0,
        0.0,
        0.0,
        0.0,
        0.0,
        0.0,
        0.0,
        0.0,
        0.0,
        0.0,
        0.0,
        0.0,
        0.0,
        0.0,
        0.0,
        0.0,
        0.0,
        0.0,
        0.0,
        0.0,
        0.0,
        0.4845548152634767,
        0.4845548152634767,
        0.4239854633555421,
        0.4239854633555421,
        0.3634161114476075,
        0.3634161114476075,
        0.3028467595396729,
        0.3028467595396729,
        0.2422774076317383,
        0.2422774076317383,
        0.1817080557238037,
        0.1817080557238037,
        0.1211387038158691,
        0.0605693519079345,
        0.0605693519079345,
        0.0,
        0.0,
        0.0,
        0.0,
        -0.0605693519079345,
        -0.0605693519079345,
        -0.1211387038158691,
        -0.1211387038158691,
        -0.1817080557238037,
        -0.1817080557238037,
        -0.2422774076317383
    ]
}