{
    "segment_index": 2782,
    "A": 0.5327396892205929,
    "B1": 0.09678215192507464,
    "B2": -0.04884523666237475,
    "omega": [
        -1.04037034511566,
        -1.03437745571136,
        -1.07838141918182,
        -1.04029583930969,
        -1.04900622367859,
        -1.15192699432373,
        -1.16218554973602,
        -1.05088770389557,
        -1.05088770389557,
        -1.05375301837921,
        -1.03893935680389,
        -1.03219795227051,
        -0.994625866413116,
        -1.0430828332901,
        -1.02030599117279,
        -0.966190934181213,
        -1.02012860774994,
        -1.11578953266144,
        -1.11677849292755,
        -1.08014178276062,
        -1.08014178276062,
        -1.03494358062744,
        -1.15372014045715,
        -1.16596531867981,
        -1.17685103416443,
        -1.15829908847809,
        -1.14347219467163,
        -1.09309768676758,
        -1.09309768676758,
        -1.13946807384491,
        -1.23408949375153,
        -1.24393570423126,
        -1.11273074150085,
        -1.12681198120117,
        -1.11780428886414,
        -1.11780428886414,
        -1.11936211585999,
        -1.18909573554993,
        -1.18909573554993,
        -1.16719770431519,
        -1.19754481315613,
        -1.19768011569977,
        -1.16272866725922,
        -1.15758335590363,
        -1.17683207988739,
        -1.15506315231323,
        -1.13758635520935,
        -1.1471734046936,
        -1.1471734046936
    ],
    "omega_next": [
        -1.03437745571136,
        -1.07838141918182,
        -1.04029583930969,
        -1.04900622367859,
        -1.15192699432373,
        -1.16218554973602,
        -1.05088770389557,
        -1.05088770389557,
        -1.05375301837921,
        -1.03893935680389,
        -1.03219795227051,
        -0.994625866413116,
        -1.0430828332901,
        -1.02030599117279,
        -0.966190934181213,
        -1.02012860774994,
        -1.11578953266144,
        -1.11677849292755,
        -1.08014178276062,
        -1.08014178276062,
        -1.03494358062744,
        -1.15372014045715,
        -1.16596531867981,
        -1.17685103416443,
        -1.15829908847809,
        -1.14347219467163,
        -1.09309768676758,
        -1.09309768676758,
        -1.13946807384491,
        -1.23408949375153,
        -1.24393570423126,
        -1.11273074150085,
        -1.12681198120117,
        -1.11780428886414,
        -1.11780428886414,
        -1.11936211585999,
        -1.18909573554993,
        -1.18909573554993,
        -1.16719770431519,
        -1.19754481315613,
        -1.19768011569977,
        -1.16272866725922,
        -1.15758335590363,
        -1.17683207988739,
        -1.15506315231323,
        -1.13758635520935,
        -1.1471734046936,
        -1.1471734046936,
        -1.17962634563446
    ],
    "phiDotL": [
        -1.9382192610539069,
        -1.9987886129618413,
        -1.9987886129618413,
        -1.9987886129618413,
        -2.059357964869776,
        -2.059357964869776,
        -2.059357964869776,
        -2.059357964869776,
        -2.1199273167777104,
        -2.1199273167777104,
        -2.1199273167777104,
        -2.180496668685645,
        -2.180496668685645,
        -2.180496668685645,
        -2.180496668685645,
        -2.24106602059358,
        -2.24106602059358,
        -2.24106602059358,
        -2.24106602059358,
        -2.301635372501514,
        -2.301635372501514,
        -2.301635372501514,
        -2.301635372501514,
        -2.362204724409449,
        -2.362204724409449,
        -2.362204724409449,
        -2.362204724409449,
        -2.4227740763173835,
        -2.4227740763173835,
        -2.4227740763173835,
        -2.4227740763173835,
        -2.483343428225318,
        -2.483343428225318,
        -2.483343428225318,
        -2.483343428225318,
        -2.483343428225318,
        -2.5439127801332524,
        -2.5439127801332524,
        -2.5439127801332524,
        -2.5439127801332524,
        -2.6044821320411877,
        -2.6044821320411877,
        -2.6044821320411877,
        -2.6044821320411877,
        -2.6044821320411877,
        -2.6650514839491217,
        -2.6650514839491217,
        -2.6650514839491217,
        -2.6650514839491217
    ],
    "phiDotR": [
        6.0569351907934585,
        6.0569351907934585,
        6.0569351907934585,
        6.0569351907934585,
        6.0569351907934585,
        6.0569351907934585,
        6.0569351907934585,
        6.0569351907934585,
        6.0569351907934585,
        6.0569351907934585,
        6.0569351907934585,
        6.0569351907934585,
        6.0569351907934585,
        6.0569351907934585,
        6.0569351907934585,
        6.0569351907934585,
        6.0569351907934585,
        6.0569351907934585,
        6.0569351907934585,
        6.0569351907934585,
        6.0569351907934585,
        6.0569351907934585,
        6.0569351907934585,
        5.996365838885524,
        6.0569351907934585,
        5.996365838885524,
        6.0569351907934585,
        6.0569351907934585,
        6.0569351907934585,
        6.0569351907934585,
        6.0569351907934585,
        6.0569351907934585,
        6.0569351907934585,
        5.996365838885524,
        6.0569351907934585,
        5.996365838885524,
        5.996365838885524,
        6.0569351907934585,
        6.0569351907934585,
        6.0569351907934585,
        6.0569351907934585,
        6.0569351907934585,
        6.0569351907934585,
        6.0569351907934585,
        6.0569351907934585,
        6.0569351907934585,
        5.996365838885524,
        6.0569351907934585,
        6.0569351907934585
    ]
}