{
    "segment_index": 386,
    "A": 0.05428511892248918,
    "B1": 0.0,
    "B2": 0.0,
    "omega": [
        -0.0004087993002031,
        0.0005942700081504,
        0.0021493125241249,
        -0.0040998570621013,
        0.0022620903328061,
        0.0025016022846102,
        0.0005250453250482,
        -0.00210348283872,
        -0.0010420633479952,
        0.0021670677233487,
        0.000224597781198,
        1.08880049083382e-05,
        0.0007919552735984,
        0.0020613127853721,
        -0.0030388012528419,
        -0.000503547489643,
        0.0049525164067745,
        0.0006608284311369,
        -0.0013199861859902,
        -0.0009940350428223,
        -0.0007301600417122,
        0.0004011079436168,
        -0.0004515510227065,
        -0.0013762837043032,
        0.0002092382783303,
        0.0011505550937727,
        -0.0006268192082643,
        0.0023753498680889,
        -0.000644045881927,
        0.0034985106904059,
        0.0016238075913861,
        -0.0004961935337632,
        0.0037509608082473,
        0.0016524384263902,
        0.0018695718608796,
        -0.0010076013859361,
        -0.000308766553644,
        0.0007190498290583,
        0.0007248530746437,
        0.0030668533872813,
        0.0003375643864274,
        0.0033141230233013,
        0.0016345254844054,
        0.0006656210753135,
        0.0022229433525353,
        0.0007137325592339,
        0.0012851196806877,
        -0.0001102831447497,
        -0.0008351007709279
    ],
    "omega_next": [
        0.0005942700081504,
        0.0021493125241249,
        -0.0040998570621013,
        0.0022620903328061,
        0.0025016022846102,
        0.0005250453250482,
        -0.00210348283872,
        -0.0010420633479952,
        0.0021670677233487,
        0.000224597781198,
        1.08880049083382e-05,
        0.0007919552735984,
        0.0020613127853721,
        -0.0030388012528419,
        -0.000503547489643,
        0.0049525164067745,
        0.0006608284311369,
        -0.0013199861859902,
        -0.0009940350428223,
        -0.0007301600417122,
        0.0004011079436168,
        -0.0004515510227065,
        -0.0013762837043032,
        0.0002092382783303,
        0.0011505550937727,
        -0.0006268192082643,
        0.0023753498680889,
        -0.000644045881927,
        0.0034985106904059,
        0.0016238075913861,
        -0.0004961935337632,
        0.0037509608082473,
        0.0016524384263902,
        0.0018695718608796,
        -0.0010076013859361,
        -0.000308766553644,
        0.0007190498290583,
        0.0007248530746437,
        0.0030668533872813,
        0.0003375643864274,
        0.0033141230233013,
        0.0016345254844054,
        0.0006656210753135,
        0.0022229433525353,
        0.0007137325592339,
        0.0012851196806877,
        -0.0001102831447497,
        -0.0008351007709279,
        -0.0011299885809421
    ],
    "phiDotL": [
        0.0,
        0.0,
        0.0,
        0.0,
        0.0,
        0.0,
        0.0,
        0.0,
        0.0,
        0.0,
        0.0,
        0.0,
        0.0,
        0.0,
        0.0,
        0.0,
        0.0,
        0.0,
        0.0,
        0.0,
        0.0,
        0.0,
        0.0,
        0.0,
        0.0,
        0.0,
        0.0,
        0.0,
        0.0,
        0.0,
        0.0,
        0.0,
        0.0,
        0.0,
        0.0,
        0.0,
        0.0,
        0.0,
        0.0,
        0.0,
        0.0,
        0.0,
        0.0,
        0.0,
        0.0,
        0.0,
        0.0,
        0.0,
        0.0
    ],
    "phiDotR": [
        0.0,
        0.0,
        0.0,
        0.0,
        0.0,
        0.0,
        0.0,
        0.0,
        0.0,
        0.0,
        0.0,
        0.0,
        0.0,
        0.0,
        0.0,
        0.0,
        0.0,
        0.0,
        0.0,
        0.0,
        0.0,
        0.0,
        0.0,
        0.0,
        0.0,
        0.0,
        0.0,
        0.0,
        0.0,
        0.0,
        0.0,
        0.0,
        0.0,
        0.0,
        0.0,
        0.0,
        0.0,
        0.0,
        0.0,
        0.0,
        0.0,
        0.0,
        0.0,
        0.0,
        0.0,
        0.0,
        0.0,
        0.0,
        0.0
    ]
}