{
    "segment_index": 898,
    "A": 0.6748200951812757,
    "B1": 0.07097506357225253,
    "B2": -0.02724650513213983,
    "omega": [
        -1.25740659236908,
        -1.19610691070557,
        -1.18420147895813,
        -1.24537551403046,
        -1.14630007743835,
        -1.11446726322174,
        -1.11247968673706,
        -1.24459183216095,
        -1.30724358558655,
        -1.30384373664856,
        -1.27016377449036,
        -1.28983294963837,
        -1.30877220630646,
        -1.25941598415375,
        -1.25717926025391,
        -1.26457011699677,
        -1.31532323360443,
        -1.29530823230743,
        -1.26221919059753,
        -1.23384714126587,
        -1.27253079414368,
        -1.28821611404419,
        -1.2895120382309,
        -1.2836948633194,
        -1.24847996234894,
        -1.3006204366684,
        -1.332026720047,
        -1.35193347930908,
        -1.33399379253387,
        -1.31205034255981,
        -1.2957763671875,
        -1.25279176235199,
        -1.2871310710907,
        -1.32186055183411,
        -1.32236194610596,
        -1.28897333145142,
        -1.28932654857635,
        -1.26677906513214,
        -1.27280128002167,
        -1.29761183261871,
        -1.30129885673523,
        -1.33836495876312,
        -1.31902194023132,
        -1.3449399471283,
        -1.39800834655762,
        -1.42588579654694,
        -1.4665732383728,
        -1.41439533233643,
        -1.42676913738251
    ],
    "omega_next": [
        -1.19610691070557,
        -1.18420147895813,
        -1.24537551403046,
        -1.14630007743835,
        -1.11446726322174,
        -1.11247968673706,
        -1.24459183216095,
        -1.30724358558655,
        -1.30384373664856,
        -1.27016377449036,
        -1.28983294963837,
        -1.30877220630646,
        -1.25941598415375,
        -1.25717926025391,
        -1.26457011699677,
        -1.31532323360443,
        -1.29530823230743,
        -1.26221919059753,
        -1.23384714126587,
        -1.27253079414368,
        -1.28821611404419,
        -1.2895120382309,
        -1.2836948633194,
        -1.24847996234894,
        -1.3006204366684,
        -1.332026720047,
        -1.35193347930908,
        -1.33399379253387,
        -1.31205034255981,
        -1.2957763671875,
        -1.25279176235199,
        -1.2871310710907,
        -1.32186055183411,
        -1.32236194610596,
        -1.28897333145142,
        -1.28932654857635,
        -1.26677906513214,
        -1.27280128002167,
        -1.29761183261871,
        -1.30129885673523,
        -1.33836495876312,
        -1.31902194023132,
        -1.3449399471283,
        -1.39800834655762,
        -1.42588579654694,
        -1.4665732383728,
        -1.41439533233643,
        -1.42676913738251,
        -1.40708756446838
    ],
    "phiDotL": [
        -3.1496062992125986,
        -3.1496062992125986,
        -3.210175651120533,
        -3.210175651120533,
        -3.270745003028468,
        -3.270745003028468,
        -3.3313143549364024,
        -3.3313143549364024,
        -3.3918837068443373,
        -3.3918837068443373,
        -3.3918837068443373,
        -3.4524530587522717,
        -3.4524530587522717,
        -3.5735917625681406,
        -3.5735917625681406,
        -3.634161114476075,
        -3.634161114476075,
        -3.634161114476075,
        -3.634161114476075,
        -3.634161114476075,
        -3.6947304663840095,
        -3.6947304663840095,
        -3.6947304663840095,
        -3.6947304663840095,
        -3.6947304663840095,
        -3.755299818291944,
        -3.755299818291944,
        -3.755299818291944,
        -3.755299818291944,
        -3.755299818291944,
        -3.815869170199879,
        -3.815869170199879,
        -3.815869170199879,
        -3.815869170199879,
        -3.815869170199879,
        -3.815869170199879,
        -3.8764385221078137,
        -3.8764385221078137,
        -3.8764385221078137,
        -3.8764385221078137,
        -3.8764385221078137,
        -3.8764385221078137,
        -3.937007874015748,
        -3.937007874015748,
        -3.937007874015748,
        -3.937007874015748,
        -3.937007874015748,
        -3.937007874015748,
        -3.997577225923683
    ],
    "phiDotR": [
        5.572380375529982,
        5.572380375529982,
        5.632949727437917,
        5.632949727437917,
        5.693519079345851,
        5.693519079345851,
        5.754088431253785,
        5.754088431253785,
        5.81465778316172,
        5.875227135069655,
        5.875227135069655,
        5.93579648697759,
        5.93579648697759,
        5.996365838885524,
        5.996365838885524,
        6.0569351907934585,
        6.0569351907934585,
        6.0569351907934585,
        6.0569351907934585,
        6.0569351907934585,
        6.0569351907934585,
        6.0569351907934585,
        6.0569351907934585,
        6.0569351907934585,
        6.0569351907934585,
        6.0569351907934585,
        6.0569351907934585,
        6.0569351907934585,
        6.0569351907934585,
        6.0569351907934585,
        6.0569351907934585,
        6.0569351907934585,
        6.0569351907934585,
        6.0569351907934585,
        6.0569351907934585,
        6.0569351907934585,
        6.0569351907934585,
        6.0569351907934585,
        6.0569351907934585,
        6.0569351907934585,
        6.0569351907934585,
        6.0569351907934585,
        6.0569351907934585,
        6.0569351907934585,
        5.996365838885524,
        6.0569351907934585,
        6.0569351907934585,
        6.0569351907934585,
        6.0569351907934585
    ]
}