{
    "segment_index": 2201,
    "A": 0.906989922252092,
    "B1": -0.0296549517247795,
    "B2": -0.03261779259083277,
    "omega": [
        -0.88164085149765,
        -1.09449422359467,
        -1.30018198490143,
        -1.44046318531036,
        -1.5221174955368,
        -1.64050841331482,
        -1.7011137008667,
        -1.39946341514587,
        -1.11076283454895,
        -0.806733071804047,
        -0.784418046474457,
        -0.792888462543488,
        -0.70508861541748,
        -0.836772978305817,
        -0.837591886520386,
        -0.802053332328796,
        -0.766952455043793,
        -0.890739262104034,
        -0.948576748371124,
        -1.06948530673981,
        -1.1354843378067,
        -1.05167949199677,
        -1.15558481216431,
        -1.27816820144653,
        -1.2886974811554,
        -1.32665848731995,
        -1.40576469898224,
        -1.45368826389313,
        -1.49621319770813,
        -1.47058367729187,
        -1.48164486885071,
        -1.48796153068542,
        -1.56051957607269,
        -1.53030753135681,
        -1.52505266666412,
        -1.4505980014801,
        -1.40643501281738,
        -1.36434507369995,
        -1.334392786026,
        -1.33437061309814,
        -1.25212848186493,
        -1.22606432437897,
        -1.20704233646393,
        -1.21324753761292,
        -1.14235556125641,
        -1.12985455989838,
        -1.16477036476135,
        -1.21658396720886,
        -1.21455454826355
    ],
    "omega_next": [
        -1.09449422359467,
        -1.30018198490143,
        -1.44046318531036,
        -1.5221174955368,
        -1.64050841331482,
        -1.7011137008667,
        -1.39946341514587,
        -1.11076283454895,
        -0.806733071804047,
        -0.784418046474457,
        -0.792888462543488,
        -0.70508861541748,
        -0.836772978305817,
        -0.837591886520386,
        -0.802053332328796,
        -0.766952455043793,
        -0.890739262104034,
        -0.948576748371124,
        -1.06948530673981,
        -1.1354843378067,
        -1.05167949199677,
        -1.15558481216431,
        -1.27816820144653,
        -1.2886974811554,
        -1.32665848731995,
        -1.40576469898224,
        -1.45368826389313,
        -1.49621319770813,
        -1.47058367729187,
        -1.48164486885071,
        -1.48796153068542,
        -1.56051957607269,
        -1.53030753135681,
        -1.52505266666412,
        -1.4505980014801,
        -1.40643501281738,
        -1.36434507369995,
        -1.334392786026,
        -1.33437061309814,
        -1.25212848186493,
        -1.22606432437897,
        -1.20704233646393,
        -1.21324753761292,
        -1.14235556125641,
        -1.12985455989838,
        -1.16477036476135,
        -1.21658396720886,
        -1.21455454826355,
        -1.26006150245667
    ],
    "phiDotL": [
        -1.8170805572380373,
        -1.877649909145972,
        -1.877649909145972,
        -1.9382192610539069,
        -1.9382192610539069,
        -1.9987886129618413,
        -1.9987886129618413,
        -2.059357964869776,
        -2.059357964869776,
        -2.1199273167777104,
        -2.1199273167777104,
        -2.180496668685645,
        -2.180496668685645,
        -2.24106602059358,
        -2.24106602059358,
        -2.301635372501514,
        -2.362204724409449,
        -2.362204724409449,
        -2.4227740763173835,
        -2.4227740763173835,
        -2.4227740763173835,
        -2.483343428225318,
        -2.483343428225318,
        -2.483343428225318,
        -2.483343428225318,
        -2.5439127801332524,
        -2.5439127801332524,
        -2.5439127801332524,
        -2.6044821320411877,
        -2.6044821320411877,
        -2.6044821320411877,
        -2.6044821320411877,
        -2.6650514839491217,
        -2.6650514839491217,
        -2.6650514839491217,
        -2.7256208358570566,
        -2.7256208358570566,
        -2.7256208358570566,
        -2.7256208358570566,
        -2.786190187764991,
        -2.786190187764991,
        -2.786190187764991,
        -2.786190187764991,
        -2.846759539672925,
        -2.846759539672925,
        -2.846759539672925,
        -2.846759539672925,
        -2.90732889158086,
        -2.90732889158086
    ],
    "phiDotR": [
        5.451241671714113,
        5.511811023622047,
        5.511811023622047,
        5.572380375529982,
        5.572380375529982,
        5.632949727437917,
        5.632949727437917,
        5.693519079345851,
        5.693519079345851,
        5.754088431253785,
        5.754088431253785,
        5.81465778316172,
        5.81465778316172,
        5.875227135069655,
        5.875227135069655,
        5.93579648697759,
        5.996365838885524,
        5.996365838885524,
        6.0569351907934585,
        6.0569351907934585,
        6.0569351907934585,
        6.0569351907934585,
        6.0569351907934585,
        6.0569351907934585,
        6.0569351907934585,
        6.0569351907934585,
        6.0569351907934585,
        6.0569351907934585,
        6.0569351907934585,
        6.0569351907934585,
        6.0569351907934585,
        6.0569351907934585,
        6.0569351907934585,
        6.0569351907934585,
        6.0569351907934585,
        6.0569351907934585,
        6.0569351907934585,
        6.0569351907934585,
        6.0569351907934585,
        6.0569351907934585,
        6.0569351907934585,
        6.0569351907934585,
        6.0569351907934585,
        6.0569351907934585,
        6.0569351907934585,
        6.0569351907934585,
        6.0569351907934585,
        6.0569351907934585,
        6.0569351907934585
    ]
}