{
    "segment_index": 1296,
    "A": 0.4024606018020062,
    "B1": 0.0,
    "B2": 0.0,
    "omega": [
        0.0011971628991887,
        0.0043312483467161,
        0.0002162428281735,
        -0.0033345690462738,
        0.0011269457172602,
        -0.000316874589771,
        -0.0005727408570237,
        0.0013517987681552,
        0.0002333544398425,
        -0.0041713728569448,
        -0.0039229430258274,
        -0.0011351808207109,
        0.0012546239886432,
        -0.0006575470324605,
        0.001907640020363,
        -0.0010645544389262,
        0.0004964724066667,
        -0.0022073057480156,
        0.0012136303121224,
        -0.0011228352086618,
        0.0033312968444079,
        0.0019087966065853,
        0.0027603944763541,
        0.0037517384625971,
        0.0018088629003614,
        0.0018088629003614,
        0.0018088629003614,
        0.0018088629003614,
        0.0018088629003614,
        0.0018088629003614,
        0.0018088629003614,
        0.0020667654462158,
        0.0026492548640817,
        0.0021406242158263,
        -0.0003384354931768,
        -0.0012978127924725,
        -0.0016951360739767,
        0.0009489679941907,
        -0.0010806531645357,
        -0.0019440428586676,
        -0.0001428960240446,
        0.0014344353694468,
        0.0012297555804252,
        0.0005153706297278,
        0.0035763506311923,
        0.0012924803886562,
        0.0022216406650841,
        -0.0018217753386125,
        -0.001119268592447
    ],
    "omega_next": [
        0.0043312483467161,
        0.0002162428281735,
        -0.0033345690462738,
        0.0011269457172602,
        -0.000316874589771,
        -0.0005727408570237,
        0.0013517987681552,
        0.0002333544398425,
        -0.0041713728569448,
        -0.0039229430258274,
        -0.0011351808207109,
        0.0012546239886432,
        -0.0006575470324605,
        0.001907640020363,
        -0.0010645544389262,
        0.0004964724066667,
        -0.0022073057480156,
        0.0012136303121224,
        -0.0011228352086618,
        0.0033312968444079,
        0.0019087966065853,
        0.0027603944763541,
        0.0037517384625971,
        0.0018088629003614,
        0.0018088629003614,
        0.0018088629003614,
        0.0018088629003614,
        0.0018088629003614,
        0.0018088629003614,
        0.0018088629003614,
        0.0020667654462158,
        0.0026492548640817,
        0.0021406242158263,
        -0.0003384354931768,
        -0.0012978127924725,
        -0.0016951360739767,
        0.0009489679941907,
        -0.0010806531645357,
        -0.0019440428586676,
        -0.0001428960240446,
        0.0014344353694468,
        0.0012297555804252,
        0.0005153706297278,
        0.0035763506311923,
        0.0012924803886562,
        0.0022216406650841,
        -0.0018217753386125,
        -0.001119268592447,
        0.0009042652091011
    ],
    "phiDotL": [
        0.0,
        0.0,
        0.0,
        0.0,
        0.0,
        0.0,
        0.0,
        0.0,
        0.0,
        0.0,
        0.0,
        0.0,
        0.0,
        0.0,
        0.0,
        0.0,
        0.0,
        0.0,
        0.0,
        0.0,
        0.0,
        0.0,
        0.0,
        0.0,
        0.0,
        0.0,
        0.0,
        0.0,
        0.0,
        0.0,
        0.0,
        0.0,
        0.0,
        0.0,
        0.0,
        0.0,
        0.0,
        0.0,
        0.0,
        0.0,
        0.0,
        0.0,
        0.0,
        0.0,
        0.0,
        0.0,
        0.0,
        0.0,
        0.0
    ],
    "phiDotR": [
        0.0,
        0.0,
        0.0,
        0.0,
        0.0,
        0.0,
        0.0,
        0.0,
        0.0,
        0.0,
        0.0,
        0.0,
        0.0,
        0.0,
        0.0,
        0.0,
        0.0,
        0.0,
        0.0,
        0.0,
        0.0,
        0.0,
        0.0,
        0.0,
        0.0,
        0.0,
        0.0,
        0.0,
        0.0,
        0.0,
        0.0,
        0.0,
        0.0,
        0.0,
        0.0,
        0.0,
        0.0,
        0.0,
        0.0,
        0.0,
        0.0,
        0.0,
        0.0,
        0.0,
        0.0,
        0.0,
        0.0,
        0.0,
        0.0
    ]
}