{
    "segment_index": 2308,
    "A": 0.46461572382124716,
    "B1": 0.0,
    "B2": 0.0,
    "omega": [
        0.0044452748261392,
        0.0006544520147144,
        3.92748916056007e-05,
        0.00102533493191,
        -0.0012623877264559,
        -0.0016441772459074,
        -0.0033194520510733,
        0.0013132190797478,
        -0.0039151511155068,
        -0.001156426151283,
        0.0031147454865276,
        -0.0034310065675526,
        0.0007532236631959,
        8.5367399151437e-05,
        -0.0018962944159284,
        0.0020338599570095,
        0.0014270532410591,
        0.0012434484669938,
        0.0008847563294693,
        0.0016986374976113,
        0.0004568079893942,
        -0.000872979289852,
        0.0024352320469915,
        0.0001974991173483,
        0.0022851831745356,
        0.0011996059911325,
        3.92289402952883e-05,
        -0.0015827709576115,
        -0.0019055339507758,
        -0.0021327217109501,
        -0.0019076133612543,
        0.005048360209912,
        -0.0018639259506017,
        -0.0001834513968788,
        0.0013117485214024,
        0.0006809419719502,
        0.0007788963266648,
        0.0024544587358832,
        0.000852875993587,
        -0.0019499376649037,
        0.000643401464913,
        0.0020517467055469,
        0.0030429784674197,
        0.0002509089536033,
        -9.72427224041894e-05,
        -0.0038275425322353,
        0.0010983101092279,
        0.0018422710709273,
        0.0021006492897868
    ],
    "omega_next": [
        0.0006544520147144,
        3.92748916056007e-05,
        0.00102533493191,
        -0.0012623877264559,
        -0.0016441772459074,
        -0.0033194520510733,
        0.0013132190797478,
        -0.0039151511155068,
        -0.001156426151283,
        0.0031147454865276,
        -0.0034310065675526,
        0.0007532236631959,
        8.5367399151437e-05,
        -0.0018962944159284,
        0.0020338599570095,
        0.0014270532410591,
        0.0012434484669938,
        0.0008847563294693,
        0.0016986374976113,
        0.0004568079893942,
        -0.000872979289852,
        0.0024352320469915,
        0.0001974991173483,
        0.0022851831745356,
        0.0011996059911325,
        3.92289402952883e-05,
        -0.0015827709576115,
        -0.0019055339507758,
        -0.0021327217109501,
        -0.0019076133612543,
        0.005048360209912,
        -0.0018639259506017,
        -0.0001834513968788,
        0.0013117485214024,
        0.0006809419719502,
        0.0007788963266648,
        0.0024544587358832,
        0.000852875993587,
        -0.0019499376649037,
        0.000643401464913,
        0.0020517467055469,
        0.0030429784674197,
        0.0002509089536033,
        -9.72427224041894e-05,
        -0.0038275425322353,
        0.0010983101092279,
        0.0018422710709273,
        0.0021006492897868,
        0.0453055314719677
    ],
    "phiDotL": [
        0.0,
        0.0,
        0.0,
        0.0,
        0.0,
        0.0,
        0.0,
        0.0,
        0.0,
        0.0,
        0.0,
        0.0,
        0.0,
        0.0,
        0.0,
        0.0,
        0.0,
        0.0,
        0.0,
        0.0,
        0.0,
        0.0,
        0.0,
        0.0,
        0.0,
        0.0,
        0.0,
        0.0,
        0.0,
        0.0,
        0.0,
        0.0,
        0.0,
        0.0,
        0.0,
        0.0,
        0.0,
        0.0,
        0.0,
        0.0,
        0.0,
        0.0,
        0.0,
        0.0,
        0.0,
        0.0,
        0.0,
        0.0,
        0.0
    ],
    "phiDotR": [
        0.0,
        0.0,
        0.0,
        0.0,
        0.0,
        0.0,
        0.0,
        0.0,
        0.0,
        0.0,
        0.0,
        0.0,
        0.0,
        0.0,
        0.0,
        0.0,
        0.0,
        0.0,
        0.0,
        0.0,
        0.0,
        0.0,
        0.0,
        0.0,
        0.0,
        0.0,
        0.0,
        0.0,
        0.0,
        0.0,
        0.0,
        0.0,
        0.0,
        0.0,
        0.0,
        0.0,
        0.0,
        0.0,
        0.0,
        0.0,
        0.0,
        0.0,
        0.0,
        0.0,
        0.0,
        0.0,
        0.0,
        0.0,
        0.0
    ]
}