{
    "segment_index": 2659,
    "A": 0.8552529825318789,
    "B1": 0.009303138170750687,
    "B2": -0.019870923892840845,
    "omega": [
        -0.251215636730194,
        -0.258374482393265,
        -0.263592779636383,
        -0.267122447490692,
        -0.285925477743149,
        -0.284276723861694,
        -0.282435476779938,
        -0.274229556322098,
        -0.253107339143753,
        -0.308225214481354,
        -0.303101658821106,
        -0.313725799322128,
        -0.363503634929657,
        -0.326561450958252,
        -0.348674118518829,
        -0.353959202766418,
        -0.356350928544998,
        -0.381094336509705,
        -0.417771399021149,
        -0.394021600484848,
        -0.478237092494965,
        -0.457990050315857,
        -0.436048984527588,
        -0.471069753170013,
        -0.454877078533173,
        -0.470017939805984,
        -0.531710684299469,
        -0.508125960826874,
        -0.499038010835648,
        -0.466513842344284,
        -0.463547646999359,
        -0.47840628027916,
        -0.538799941539764,
        -0.5451979637146,
        -0.568983912467957,
        -0.588188230991364,
        -0.54172819852829,
        -0.572241961956024,
        -0.598651587963104,
        -0.616349697113037,
        -0.623217582702637,
        -0.640032112598419,
        -0.645996272563934,
        -0.708012878894806,
        -0.720215857028961,
        -0.72260046005249,
        -0.621274173259735,
        -0.598405659198761,
        -0.530566275119781
    ],
    "omega_next": [
        -0.258374482393265,
        -0.263592779636383,
        -0.267122447490692,
        -0.285925477743149,
        -0.284276723861694,
        -0.282435476779938,
        -0.274229556322098,
        -0.253107339143753,
        -0.308225214481354,
        -0.303101658821106,
        -0.313725799322128,
        -0.363503634929657,
        -0.326561450958252,
        -0.348674118518829,
        -0.353959202766418,
        -0.356350928544998,
        -0.381094336509705,
        -0.417771399021149,
        -0.394021600484848,
        -0.478237092494965,
        -0.457990050315857,
        -0.436048984527588,
        -0.471069753170013,
        -0.454877078533173,
        -0.470017939805984,
        -0.531710684299469,
        -0.508125960826874,
        -0.499038010835648,
        -0.466513842344284,
        -0.463547646999359,
        -0.47840628027916,
        -0.538799941539764,
        -0.5451979637146,
        -0.568983912467957,
        -0.588188230991364,
        -0.54172819852829,
        -0.572241961956024,
        -0.598651587963104,
        -0.616349697113037,
        -0.623217582702637,
        -0.640032112598419,
        -0.645996272563934,
        -0.708012878894806,
        -0.720215857028961,
        -0.72260046005249,
        -0.621274173259735,
        -0.598405659198761,
        -0.530566275119781,
        -0.514903128147125
    ],
    "phiDotL": [
        1.5748031496062993,
        1.5748031496062993,
        1.5142337976983646,
        1.5142337976983646,
        1.45366444579043,
        1.3930950938824955,
        1.3930950938824955,
        1.3325257419745609,
        1.3325257419745609,
        1.2719563900666262,
        1.2719563900666262,
        1.2113870381586918,
        1.2113870381586918,
        1.150817686250757,
        1.150817686250757,
        1.0902483343428224,
        1.0902483343428224,
        1.029678982434888,
        0.9691096305269534,
        0.9691096305269534,
        0.9085402786190188,
        0.9085402786190188,
        0.8479709267110843,
        0.8479709267110843,
        0.7874015748031497,
        0.7874015748031497,
        0.726832222895215,
        0.726832222895215,
        0.6662628709872804,
        0.6662628709872804,
        0.6056935190793459,
        0.6056935190793459,
        0.5451241671714112,
        0.4845548152634767,
        0.4845548152634767,
        0.4239854633555421,
        0.4239854633555421,
        0.3634161114476075,
        0.3634161114476075,
        0.3028467595396729,
        0.3028467595396729,
        0.2422774076317383,
        0.2422774076317383,
        0.1817080557238037,
        0.1817080557238037,
        0.1211387038158691,
        0.1211387038158691,
        0.0605693519079345,
        0.0
    ],
    "phiDotR": [
        3.210175651120533,
        3.210175651120533,
        3.270745003028468,
        3.270745003028468,
        3.3313143549364024,
        3.3918837068443373,
        3.3918837068443373,
        3.3918837068443373,
        3.3918837068443373,
        3.4524530587522717,
        3.4524530587522717,
        3.5735917625681406,
        3.5735917625681406,
        3.634161114476075,
        3.634161114476075,
        3.6947304663840095,
        3.6947304663840095,
        3.755299818291944,
        3.815869170199879,
        3.815869170199879,
        3.8764385221078137,
        3.8764385221078137,
        3.937007874015748,
        3.937007874015748,
        3.997577225923683,
        3.997577225923683,
        4.058146577831618,
        4.058146577831618,
        4.118715929739552,
        4.118715929739552,
        4.179285281647486,
        4.179285281647486,
        4.239854633555421,
        4.300423985463356,
        4.300423985463356,
        4.36099333737129,
        4.36099333737129,
        4.421562689279225,
        4.421562689279225,
        4.48213204118716,
        4.48213204118716,
        4.542701393095094,
        4.542701393095094,
        4.603270745003028,
        4.603270745003028,
        4.663840096910963,
        4.663840096910963,
        4.724409448818898,
        4.784978800726832
    ]
}