{
    "segment_index": 744,
    "A": 0.356168310956915,
    "B1": 0.10276020396833123,
    "B2": -0.1089279710351455,
    "omega": [
        -0.0006943096523173,
        0.0009971021208912,
        0.0037090261466801,
        0.0005746213719248,
        5.57658495381474e-06,
        -0.0009413782972842,
        0.0036840345710516,
        -0.0003693671897053,
        -0.0026653956156224,
        0.0006735664792358,
        0.0050276294350624,
        0.003149057039991,
        -0.0005758921615779,
        -0.0018106980714947,
        0.0014221961610019,
        -0.0036321433726698,
        -0.0035643689334392,
        0.0019417402800172,
        0.0016907432582229,
        0.0012462015729397,
        0.0026013883762061,
        -0.103252246975899,
        -0.0552786998450756,
        -0.0392968393862247,
        -0.0354906171560287,
        -0.0698663890361786,
        -0.0510131828486919,
        -0.0070656924508512,
        -0.0906063765287399,
        -0.116613581776619,
        -0.112542353570461,
        -0.135964408516884,
        -0.127731367945671,
        -0.189754366874695,
        -0.157607197761536,
        -0.185186117887497,
        -0.194414749741554,
        -0.182417958974838,
        -0.269487768411636,
        -0.279420614242554,
        -0.213172346353531,
        -0.200948804616928,
        -0.212613001465797,
        -0.236300975084305,
        -0.266018182039261,
        -0.27166685461998,
        -0.250640422105789,
        -0.23721581697464,
        -0.276407092809677
    ],
    "omega_next": [
        0.0009971021208912,
        0.0037090261466801,
        0.0005746213719248,
        5.57658495381474e-06,
        -0.0009413782972842,
        0.0036840345710516,
        -0.0003693671897053,
        -0.0026653956156224,
        0.0006735664792358,
        0.0050276294350624,
        0.003149057039991,
        -0.0005758921615779,
        -0.0018106980714947,
        0.0014221961610019,
        -0.0036321433726698,
        -0.0035643689334392,
        0.0019417402800172,
        0.0016907432582229,
        0.0012462015729397,
        0.0026013883762061,
        -0.103252246975899,
        -0.0552786998450756,
        -0.0392968393862247,
        -0.0354906171560287,
        -0.0698663890361786,
        -0.0510131828486919,
        -0.0070656924508512,
        -0.0906063765287399,
        -0.116613581776619,
        -0.112542353570461,
        -0.135964408516884,
        -0.127731367945671,
        -0.189754366874695,
        -0.157607197761536,
        -0.185186117887497,
        -0.194414749741554,
        -0.182417958974838,
        -0.269487768411636,
        -0.279420614242554,
        -0.213172346353531,
        -0.200948804616928,
        -0.212613001465797,
        -0.236300975084305,
        -0.266018182039261,
        -0.27166685461998,
        -0.250640422105789,
        -0.23721581697464,
        -0.276407092809677,
        -0.329536288976669
    ],
    "phiDotL": [
        0.0,
        0.0,
        0.0,
        0.0,
        0.0,
        0.0,
        0.0,
        0.0,
        0.0,
        0.0,
        0.0,
        0.0,
        0.0,
        0.0,
        0.0,
        0.0,
        0.0,
        0.0,
        0.0,
        0.0,
        0.0,
        1.0902483343428224,
        1.0902483343428224,
        1.029678982434888,
        1.029678982434888,
        0.9691096305269534,
        0.9691096305269534,
        0.9085402786190188,
        0.9085402786190188,
        0.8479709267110843,
        0.8479709267110843,
        0.7874015748031497,
        0.7874015748031497,
        0.726832222895215,
        0.6662628709872804,
        0.6662628709872804,
        0.6056935190793459,
        0.6056935190793459,
        0.5451241671714112,
        0.5451241671714112,
        0.4845548152634767,
        0.4845548152634767,
        0.4239854633555421,
        0.4239854633555421,
        0.3634161114476075,
        0.3634161114476075,
        0.3028467595396729,
        0.3028467595396729,
        0.2422774076317383
    ],
    "phiDotR": [
        0.0,
        0.0,
        0.0,
        0.0,
        0.0,
        0.0,
        0.0,
        0.0,
        0.0,
        0.0,
        0.0,
        0.0,
        0.0,
        0.0,
        0.0,
        0.0,
        0.0,
        0.0,
        0.0,
        0.0,
        0.0,
        1.2719563900666262,
        1.2719563900666262,
        1.3325257419745609,
        1.3325257419745609,
        1.3930950938824955,
        1.3930950938824955,
        1.45366444579043,
        1.45366444579043,
        1.5142337976983646,
        1.5142337976983646,
        1.5748031496062993,
        1.5748031496062993,
        1.635372501514234,
        1.6959418534221686,
        1.6959418534221686,
        1.6959418534221686,
        1.6959418534221686,
        1.8170805572380373,
        1.8170805572380373,
        1.877649909145972,
        1.877649909145972,
        1.9382192610539069,
        1.9382192610539069,
        1.9987886129618413,
        1.9987886129618413,
        2.059357964869776,
        2.059357964869776,
        2.1199273167777104
    ]
}