{
    "segment_index": 1098,
    "A": 0.6229046364573895,
    "B1": 0.058440922670161884,
    "B2": -0.027500950450997916,
    "omega": [
        0.268776029348373,
        0.271557420492172,
        0.29342520236969,
        0.292712926864624,
        0.281183183193207,
        0.298047542572021,
        0.325738787651062,
        0.338195621967316,
        0.325059473514557,
        0.295196533203125,
        0.336519926786423,
        0.303515791893005,
        0.374219715595245,
        0.396691381931305,
        0.401283770799637,
        0.420406699180603,
        0.41004079580307,
        0.396494001150131,
        0.39726510643959,
        0.448478549718857,
        0.455741226673126,
        0.43336296081543,
        0.43389168381691,
        0.379124522209167,
        0.376878023147583,
        0.385799616575241,
        0.428045630455017,
        0.496926844120026,
        0.513992607593536,
        0.519077360630035,
        0.47688040137291,
        0.467071324586868,
        0.611140608787537,
        0.533937096595764,
        0.725851476192474,
        0.764925360679626,
        0.713633239269257,
        0.619415879249573,
        0.507949888706207,
        0.55391651391983,
        0.655414462089539,
        0.583029091358185,
        0.618495643138885,
        0.569946527481079,
        0.561999142169952,
        0.612575948238373,
        0.5805624127388,
        0.650601804256439,
        0.54755973815918
    ],
    "omega_next": [
        0.271557420492172,
        0.29342520236969,
        0.292712926864624,
        0.281183183193207,
        0.298047542572021,
        0.325738787651062,
        0.338195621967316,
        0.325059473514557,
        0.295196533203125,
        0.336519926786423,
        0.303515791893005,
        0.374219715595245,
        0.396691381931305,
        0.401283770799637,
        0.420406699180603,
        0.41004079580307,
        0.396494001150131,
        0.39726510643959,
        0.448478549718857,
        0.455741226673126,
        0.43336296081543,
        0.43389168381691,
        0.379124522209167,
        0.376878023147583,
        0.385799616575241,
        0.428045630455017,
        0.496926844120026,
        0.513992607593536,
        0.519077360630035,
        0.47688040137291,
        0.467071324586868,
        0.611140608787537,
        0.533937096595764,
        0.725851476192474,
        0.764925360679626,
        0.713633239269257,
        0.619415879249573,
        0.507949888706207,
        0.55391651391983,
        0.655414462089539,
        0.583029091358185,
        0.618495643138885,
        0.569946527481079,
        0.561999142169952,
        0.612575948238373,
        0.5805624127388,
        0.650601804256439,
        0.54755973815918,
        0.541802763938904
    ],
    "phiDotL": [
        2.059357964869776,
        2.1199273167777104,
        2.180496668685645,
        2.180496668685645,
        2.24106602059358,
        2.24106602059358,
        2.301635372501514,
        2.301635372501514,
        2.362204724409449,
        2.362204724409449,
        2.4227740763173835,
        2.4227740763173835,
        2.483343428225318,
        2.483343428225318,
        2.5439127801332524,
        2.6044821320411877,
        2.6044821320411877,
        2.6650514839491217,
        2.6650514839491217,
        2.7256208358570566,
        2.7256208358570566,
        2.786190187764991,
        2.786190187764991,
        2.846759539672925,
        2.846759539672925,
        2.90732889158086,
        2.90732889158086,
        2.967898243488795,
        2.967898243488795,
        3.0284675953967293,
        3.089036947304664,
        3.089036947304664,
        3.1496062992125986,
        3.1496062992125986,
        3.210175651120533,
        3.210175651120533,
        3.270745003028468,
        3.270745003028468,
        3.3313143549364024,
        3.3313143549364024,
        3.3918837068443373,
        3.3918837068443373,
        3.3918837068443373,
        3.3918837068443373,
        3.4524530587522717,
        3.5735917625681406,
        3.634161114476075,
        3.634161114476075,
        3.634161114476075
    ],
    "phiDotR": [
        0.3028467595396729,
        0.2422774076317383,
        0.1817080557238037,
        0.1817080557238037,
        0.1211387038158691,
        0.1211387038158691,
        0.0605693519079345,
        0.0605693519079345,
        0.0,
        0.0,
        0.0,
        0.0,
        -0.0605693519079345,
        -0.0605693519079345,
        -0.1211387038158691,
        -0.1817080557238037,
        -0.1817080557238037,
        -0.2422774076317383,
        -0.2422774076317383,
        -0.3028467595396729,
        -0.3028467595396729,
        -0.3634161114476075,
        -0.3634161114476075,
        -0.4239854633555421,
        -0.4239854633555421,
        -0.4845548152634767,
        -0.4845548152634767,
        -0.5451241671714112,
        -0.5451241671714112,
        -0.6056935190793459,
        -0.6662628709872804,
        -0.6662628709872804,
        -0.726832222895215,
        -0.726832222895215,
        -0.7874015748031497,
        -0.7874015748031497,
        -0.8479709267110843,
        -0.8479709267110843,
        -0.9085402786190188,
        -0.9085402786190188,
        -0.9691096305269534,
        -0.9691096305269534,
        -1.029678982434888,
        -1.029678982434888,
        -1.0902483343428224,
        -1.150817686250757,
        -1.2113870381586918,
        -1.2113870381586918,
        -1.2113870381586918
    ]
}