{
    "segment_index": 2360,
    "A": -0.24095001789688417,
    "B1": 0.0073818005194806555,
    "B2": 0.006841668774147629,
    "omega": [
        -0.0007785322959534,
        -0.0307188257575035,
        -0.0169868692755699,
        -0.0065466142259538,
        -0.0028614334296435,
        -0.0145265683531761,
        -0.0142553299665451,
        -0.037678174674511,
        -0.036310862749815,
        -0.0354339480400085,
        -0.0351406000554562,
        -0.0249530524015427,
        -0.0461398847401142,
        -0.029935160651803,
        -0.074697770178318,
        0.0089274421334266,
        -0.0498627685010433,
        -0.0067307921126484,
        -0.0419518053531647,
        -0.0191570222377777,
        -0.0210446901619434,
        -0.0151578895747662,
        -0.0188182666897774,
        -0.0188182666897774,
        -0.0174209326505661,
        -0.0560744255781174,
        -0.0102582117542624,
        -0.0433589108288288,
        -0.0370139516890049,
        -0.0368349887430668,
        -0.0354764796793461,
        -0.0143220443278551,
        -0.0371961444616318,
        -0.0371961444616318,
        -0.0453779622912407,
        -0.0182351395487785,
        -0.0361234359443188,
        -0.0241119563579559,
        -0.0241119563579559,
        -0.023468978703022,
        -0.0362363643944263,
        -0.0257260426878929,
        -0.0257260426878929,
        -0.0166840627789497,
        -0.0166840627789497,
        -0.0307617597281933,
        -0.0176327228546143,
        -0.0301837585866451,
        -0.0301837585866451
    ],
    "omega_next": [
        -0.0307188257575035,
        -0.0169868692755699,
        -0.0065466142259538,
        -0.0028614334296435,
        -0.0145265683531761,
        -0.0142553299665451,
        -0.037678174674511,
        -0.036310862749815,
        -0.0354339480400085,
        -0.0351406000554562,
        -0.0249530524015427,
        -0.0461398847401142,
        -0.029935160651803,
        -0.074697770178318,
        0.0089274421334266,
        -0.0498627685010433,
        -0.0067307921126484,
        -0.0419518053531647,
        -0.0191570222377777,
        -0.0210446901619434,
        -0.0151578895747662,
        -0.0188182666897774,
        -0.0188182666897774,
        -0.0174209326505661,
        -0.0560744255781174,
        -0.0102582117542624,
        -0.0433589108288288,
        -0.0370139516890049,
        -0.0368349887430668,
        -0.0354764796793461,
        -0.0143220443278551,
        -0.0371961444616318,
        -0.0371961444616318,
        -0.0453779622912407,
        -0.0182351395487785,
        -0.0361234359443188,
        -0.0241119563579559,
        -0.0241119563579559,
        -0.023468978703022,
        -0.0362363643944263,
        -0.0257260426878929,
        -0.0257260426878929,
        -0.0166840627789497,
        -0.0166840627789497,
        -0.0307617597281933,
        -0.0176327228546143,
        -0.0301837585866451,
        -0.0301837585866451,
        -0.0375657640397549
    ],
    "phiDotL": [
        -2.483343428225318,
        -2.483343428225318,
        -2.483343428225318,
        -2.483343428225318,
        -2.483343428225318,
        -2.483343428225318,
        -2.483343428225318,
        -2.483343428225318,
        -2.483343428225318,
        -2.483343428225318,
        -2.483343428225318,
        -2.483343428225318,
        -2.483343428225318,
        -2.483343428225318,
        -2.483343428225318,
        -2.483343428225318,
        -2.483343428225318,
        -2.483343428225318,
        -2.483343428225318,
        -2.483343428225318,
        -2.483343428225318,
        -2.483343428225318,
        -2.483343428225318,
        -2.483343428225318,
        -2.483343428225318,
        -2.483343428225318,
        -2.483343428225318,
        -2.483343428225318,
        -2.483343428225318,
        -2.483343428225318,
        -2.483343428225318,
        -2.483343428225318,
        -2.483343428225318,
        -2.483343428225318,
        -2.483343428225318,
        -2.483343428225318,
        -2.483343428225318,
        -2.483343428225318,
        -2.483343428225318,
        -2.483343428225318,
        -2.483343428225318,
        -2.483343428225318,
        -2.483343428225318,
        -2.483343428225318,
        -2.483343428225318,
        -2.483343428225318,
        -2.483343428225318,
        -2.483343428225318,
        -2.483343428225318
    ],
    "phiDotR": [
        -2.301635372501514,
        -2.301635372501514,
        -2.301635372501514,
        -2.301635372501514,
        -2.301635372501514,
        -2.301635372501514,
        -2.301635372501514,
        -2.301635372501514,
        -2.301635372501514,
        -2.301635372501514,
        -2.301635372501514,
        -2.301635372501514,
        -2.301635372501514,
        -2.301635372501514,
        -2.301635372501514,
        -2.301635372501514,
        -2.301635372501514,
        -2.301635372501514,
        -2.301635372501514,
        -2.301635372501514,
        -2.301635372501514,
        -2.301635372501514,
        -2.301635372501514,
        -2.301635372501514,
        -2.301635372501514,
        -2.301635372501514,
        -2.301635372501514,
        -2.301635372501514,
        -2.301635372501514,
        -2.301635372501514,
        -2.301635372501514,
        -2.301635372501514,
        -2.301635372501514,
        -2.301635372501514,
        -2.301635372501514,
        -2.301635372501514,
        -2.301635372501514,
        -2.301635372501514,
        -2.301635372501514,
        -2.301635372501514,
        -2.301635372501514,
        -2.301635372501514,
        -2.301635372501514,
        -2.301635372501514,
        -2.301635372501514,
        -2.301635372501514,
        -2.301635372501514,
        -2.301635372501514,
        -2.301635372501514
    ]
}