{
    "segment_index": 1568,
    "A": 0.45269324746197875,
    "B1": 0.042722119776104475,
    "B2": -0.07769761692917775,
    "omega": [
        -1.21660304069519,
        -1.20860016345978,
        -1.18864130973816,
        -1.18002772331238,
        -1.25610649585724,
        -1.25641191005707,
        -1.25116777420044,
        -1.26122999191284,
        -1.20255410671234,
        -1.17442381381989,
        -1.16001963615417,
        -1.19345486164093,
        -1.21028852462769,
        -1.22855257987976,
        -1.17839765548706,
        -1.13660776615143,
        -1.16552686691284,
        -1.1186238527298,
        -1.0514976978302,
        -0.991969585418701,
        -0.976480007171631,
        -0.912220418453217,
        -0.903262734413147,
        -0.895715951919556,
        -0.926693618297577,
        -0.976005852222443,
        -1.02304112911224,
        -1.01758694648743,
        -1.12142038345337,
        -0.788482785224915,
        -0.124941371381283,
        0.0190499946475029,
        0.0056270388886332,
        0.007692608051002,
        -0.0044029587879777,
        -0.0047958237119019,
        0.0002104267769027,
        0.0010491635184735,
        0.0014284485951066,
        0.0005096775130368,
        0.0004270853823982,
        0.0023367619141936,
        0.0009410263155587,
        0.0010062652872875,
        -0.0042447573505342,
        0.000808605691418,
        -0.0042988238856196,
        0.0019378706347197,
        -0.0006214445456862
    ],
    "omega_next": [
        -1.20860016345978,
        -1.18864130973816,
        -1.18002772331238,
        -1.25610649585724,
        -1.25641191005707,
        -1.25116777420044,
        -1.26122999191284,
        -1.20255410671234,
        -1.17442381381989,
        -1.16001963615417,
        -1.19345486164093,
        -1.21028852462769,
        -1.22855257987976,
        -1.17839765548706,
        -1.13660776615143,
        -1.16552686691284,
        -1.1186238527298,
        -1.0514976978302,
        -0.991969585418701,
        -0.976480007171631,
        -0.912220418453217,
        -0.903262734413147,
        -0.895715951919556,
        -0.926693618297577,
        -0.976005852222443,
        -1.02304112911224,
        -1.01758694648743,
        -1.12142038345337,
        -0.788482785224915,
        -0.124941371381283,
        0.0190499946475029,
        0.0056270388886332,
        0.007692608051002,
        -0.0044029587879777,
        -0.0047958237119019,
        0.0002104267769027,
        0.0010491635184735,
        0.0014284485951066,
        0.0005096775130368,
        0.0004270853823982,
        0.0023367619141936,
        0.0009410263155587,
        0.0010062652872875,
        -0.0042447573505342,
        0.000808605691418,
        -0.0042988238856196,
        0.0019378706347197,
        -0.0006214445456862,
        0.0013104333775118
    ],
    "phiDotL": [
        -3.089036947304664,
        -3.089036947304664,
        -3.089036947304664,
        -3.089036947304664,
        -3.089036947304664,
        -3.1496062992125986,
        -3.1496062992125986,
        -3.1496062992125986,
        -3.1496062992125986,
        -3.1496062992125986,
        -3.210175651120533,
        -3.210175651120533,
        -3.210175651120533,
        -3.210175651120533,
        -3.210175651120533,
        -3.270745003028468,
        -3.270745003028468,
        -3.270745003028468,
        -3.270745003028468,
        -3.270745003028468,
        -3.270745003028468,
        -3.3313143549364024,
        -3.3313143549364024,
        -3.3313143549364024,
        -3.3313143549364024,
        -3.3313143549364024,
        -3.3918837068443373,
        -4.48213204118716,
        -2.5439127801332524,
        -0.6056935190793459,
        0.0,
        0.0,
        0.0,
        0.0,
        0.0,
        0.0,
        0.0,
        0.0,
        0.0,
        0.0,
        0.0,
        0.0,
        0.0,
        0.0,
        0.0,
        0.0,
        0.0,
        0.0,
        0.0
    ],
    "phiDotR": [
        6.0569351907934585,
        6.0569351907934585,
        5.996365838885524,
        6.0569351907934585,
        6.0569351907934585,
        6.0569351907934585,
        6.0569351907934585,
        5.996365838885524,
        5.996365838885524,
        6.0569351907934585,
        6.0569351907934585,
        6.0569351907934585,
        6.0569351907934585,
        5.996365838885524,
        6.0569351907934585,
        6.0569351907934585,
        6.0569351907934585,
        6.0569351907934585,
        6.0569351907934585,
        6.0569351907934585,
        6.0569351907934585,
        6.0569351907934585,
        6.0569351907934585,
        6.0569351907934585,
        6.0569351907934585,
        6.0569351907934585,
        6.0569351907934585,
        4.48213204118716,
        2.5439127801332524,
        0.6056935190793459,
        0.0,
        0.0,
        0.0,
        0.0,
        0.0,
        0.0,
        0.0,
        0.0,
        0.0,
        0.0,
        0.0,
        0.0,
        0.0,
        0.0,
        0.0,
        0.0,
        0.0,
        0.0,
        0.0
    ]
}