{
    "segment_index": 620,
    "A": -0.6385726803606518,
    "B1": -0.1902942268806786,
    "B2": -0.5517040158897507,
    "omega": [
        -1.45018672943115,
        -1.44546246528625,
        -1.49498760700226,
        -1.43017256259918,
        -1.45217275619507,
        -1.47613620758057,
        -1.47774922847748,
        -1.49637031555176,
        -1.49091708660126,
        -1.5047721862793,
        -1.49091911315918,
        -1.49044620990753,
        -1.45361685752869,
        -1.41878497600555,
        -1.2997190952301,
        -0.874161005020142,
        -0.237673029303551,
        0.101319186389446,
        0.0230888947844505,
        0.0059647136367857,
        0.0045327991247177,
        0.0016627501463517,
        -0.0009023693855851,
        -0.0003308269660919,
        0.0007532337913289,
        0.0004315683327149,
        -0.0012322585098445,
        0.0020522125996649,
        0.0004462263314053,
        0.0008481480763293,
        0.003494492964819,
        0.0018986214417964,
        0.0016466493252664,
        -0.0009113176492974,
        0.0005172136588953,
        0.0011182164307683,
        0.0016147475689649,
        0.0022691830527037,
        -0.0010316824773326,
        0.0004762318567372,
        0.0022142464295029,
        0.0039830347523093,
        2.59529624599963e-05,
        0.0039875451475381,
        0.0032827458344399,
        0.0001966240961337,
        -0.0015994150890037,
        0.0016367571661248,
        0.0032958795782178
    ],
    "omega_next": [
        -1.44546246528625,
        -1.49498760700226,
        -1.43017256259918,
        -1.45217275619507,
        -1.47613620758057,
        -1.47774922847748,
        -1.49637031555176,
        -1.49091708660126,
        -1.5047721862793,
        -1.49091911315918,
        -1.49044620990753,
        -1.45361685752869,
        -1.41878497600555,
        -1.2997190952301,
        -0.874161005020142,
        -0.237673029303551,
        0.101319186389446,
        0.0230888947844505,
        0.0059647136367857,
        0.0045327991247177,
        0.0016627501463517,
        -0.0009023693855851,
        -0.0003308269660919,
        0.0007532337913289,
        0.0004315683327149,
        -0.0012322585098445,
        0.0020522125996649,
        0.0004462263314053,
        0.0008481480763293,
        0.003494492964819,
        0.0018986214417964,
        0.0016466493252664,
        -0.0009113176492974,
        0.0005172136588953,
        0.0011182164307683,
        0.0016147475689649,
        0.0022691830527037,
        -0.0010316824773326,
        0.0004762318567372,
        0.0022142464295029,
        0.0039830347523093,
        2.59529624599963e-05,
        0.0039875451475381,
        0.0032827458344399,
        0.0001966240961337,
        -0.0015994150890037,
        0.0016367571661248,
        0.0032958795782178,
        -0.0012580049224197
    ],
    "phiDotL": [
        -4.906117504542702,
        -4.906117504542702,
        -4.906117504542702,
        -4.966686856450636,
        -4.966686856450636,
        -4.966686856450636,
        -4.966686856450636,
        -4.966686856450636,
        -4.966686856450636,
        -4.966686856450636,
        -4.966686856450636,
        -4.966686856450636,
        -4.966686856450636,
        -4.966686856450636,
        -4.48213204118716,
        -2.5439127801332524,
        -0.6056935190793459,
        0.0,
        0.0,
        0.0,
        0.0,
        0.0,
        0.0,
        0.0,
        0.0,
        0.0,
        0.0,
        0.0,
        0.0,
        0.0,
        0.0,
        0.0,
        0.0,
        0.0,
        0.0,
        0.0,
        0.0,
        0.0,
        0.0,
        0.0,
        0.0,
        0.0,
        0.0,
        0.0,
        0.0,
        0.0,
        0.0,
        0.0,
        0.0
    ],
    "phiDotR": [
        6.0569351907934585,
        6.0569351907934585,
        6.0569351907934585,
        6.0569351907934585,
        6.0569351907934585,
        6.0569351907934585,
        6.0569351907934585,
        6.0569351907934585,
        6.0569351907934585,
        6.0569351907934585,
        5.996365838885524,
        6.0569351907934585,
        6.0569351907934585,
        6.0569351907934585,
        4.48213204118716,
        2.5439127801332524,
        0.6056935190793459,
        0.0,
        0.0,
        0.0,
        0.0,
        0.0,
        0.0,
        0.0,
        0.0,
        0.0,
        0.0,
        0.0,
        0.0,
        0.0,
        0.0,
        0.0,
        0.0,
        0.0,
        0.0,
        0.0,
        0.0,
        0.0,
        0.0,
        0.0,
        0.0,
        0.0,
        0.0,
        0.0,
        0.0,
        0.0,
        0.0,
        0.0,
        0.0
    ]
}