{
    "segment_index": 2702,
    "A": 0.6265857816585071,
    "B1": 0.049667830723634426,
    "B2": -0.048331087809664,
    "omega": [
        -0.708012878894806,
        -0.720215857028961,
        -0.72260046005249,
        -0.621274173259735,
        -0.598405659198761,
        -0.530566275119781,
        -0.514903128147125,
        -0.687468349933624,
        -0.603616237640381,
        -0.691250801086426,
        -0.640028178691864,
        -0.69926643371582,
        -0.72557657957077,
        -0.674287021160126,
        -0.646885335445404,
        -0.656366348266602,
        -0.589435160160065,
        -0.581786632537842,
        -0.606989085674286,
        -0.629669845104218,
        -0.645820796489716,
        -0.743523180484772,
        -0.790147662162781,
        -0.733806252479553,
        -0.695318579673767,
        -0.718732059001923,
        -0.722495555877686,
        -0.750206291675568,
        -0.724501430988312,
        -0.885976672172546,
        -0.892605662345886,
        -0.910736441612244,
        -0.846828818321228,
        -0.758514583110809,
        -0.750191807746887,
        -0.722711801528931,
        -0.740045368671417,
        -0.771618068218231,
        -0.814397513866425,
        -0.888470709323883,
        -0.88241183757782,
        -0.964242100715637,
        -0.963648855686188,
        -0.931452512741089,
        -0.996186196804047,
        -0.983491599559784,
        -1.02851343154907,
        -1.00774312019348,
        -1.05396640300751
    ],
    "omega_next": [
        -0.720215857028961,
        -0.72260046005249,
        -0.621274173259735,
        -0.598405659198761,
        -0.530566275119781,
        -0.514903128147125,
        -0.687468349933624,
        -0.603616237640381,
        -0.691250801086426,
        -0.640028178691864,
        -0.69926643371582,
        -0.72557657957077,
        -0.674287021160126,
        -0.646885335445404,
        -0.656366348266602,
        -0.589435160160065,
        -0.581786632537842,
        -0.606989085674286,
        -0.629669845104218,
        -0.645820796489716,
        -0.743523180484772,
        -0.790147662162781,
        -0.733806252479553,
        -0.695318579673767,
        -0.718732059001923,
        -0.722495555877686,
        -0.750206291675568,
        -0.724501430988312,
        -0.885976672172546,
        -0.892605662345886,
        -0.910736441612244,
        -0.846828818321228,
        -0.758514583110809,
        -0.750191807746887,
        -0.722711801528931,
        -0.740045368671417,
        -0.771618068218231,
        -0.814397513866425,
        -0.888470709323883,
        -0.88241183757782,
        -0.964242100715637,
        -0.963648855686188,
        -0.931452512741089,
        -0.996186196804047,
        -0.983491599559784,
        -1.02851343154907,
        -1.00774312019348,
        -1.05396640300751,
        -0.848192811012268
    ],
    "phiDotL": [
        0.1817080557238037,
        0.1817080557238037,
        0.1211387038158691,
        0.1211387038158691,
        0.0605693519079345,
        0.0,
        0.0,
        0.0,
        0.0,
        -0.0605693519079345,
        -0.0605693519079345,
        -0.1211387038158691,
        -0.1211387038158691,
        -0.1817080557238037,
        -0.1817080557238037,
        -0.2422774076317383,
        -0.2422774076317383,
        -0.3028467595396729,
        -0.3634161114476075,
        -0.3634161114476075,
        -0.4239854633555421,
        -0.4239854633555421,
        -0.4845548152634767,
        -0.4845548152634767,
        -0.5451241671714112,
        -0.5451241671714112,
        -0.6056935190793459,
        -0.6056935190793459,
        -0.6662628709872804,
        -0.6662628709872804,
        -0.726832222895215,
        -0.726832222895215,
        -0.7874015748031497,
        -0.8479709267110843,
        -0.8479709267110843,
        -0.9085402786190188,
        -0.9085402786190188,
        -0.9691096305269534,
        -0.9691096305269534,
        -1.029678982434888,
        -1.029678982434888,
        -1.0902483343428224,
        -1.0902483343428224,
        -1.150817686250757,
        -1.150817686250757,
        -1.2113870381586918,
        -1.2113870381586918,
        -1.2719563900666262,
        -1.2719563900666262
    ],
    "phiDotR": [
        4.603270745003028,
        4.603270745003028,
        4.663840096910963,
        4.663840096910963,
        4.724409448818898,
        4.784978800726832,
        4.784978800726832,
        4.845548152634767,
        4.845548152634767,
        4.906117504542702,
        4.906117504542702,
        4.966686856450636,
        4.966686856450636,
        5.027256208358571,
        5.027256208358571,
        5.087825560266505,
        5.087825560266505,
        5.14839491217444,
        5.208964264082375,
        5.208964264082375,
        5.269533615990309,
        5.269533615990309,
        5.3301029678982434,
        5.3301029678982434,
        5.390672319806178,
        5.390672319806178,
        5.451241671714113,
        5.451241671714113,
        5.511811023622047,
        5.511811023622047,
        5.572380375529982,
        5.572380375529982,
        5.632949727437917,
        5.693519079345851,
        5.693519079345851,
        5.754088431253785,
        5.754088431253785,
        5.81465778316172,
        5.81465778316172,
        5.875227135069655,
        5.875227135069655,
        5.93579648697759,
        5.93579648697759,
        5.996365838885524,
        5.996365838885524,
        6.0569351907934585,
        6.0569351907934585,
        6.0569351907934585,
        6.0569351907934585
    ]
}