{
    "segment_index": 2416,
    "A": -0.4275052981164763,
    "B1": -0.0053757003299349255,
    "B2": -0.00537570032993665,
    "omega": [
        -0.00648233294487,
        0.0042303432710468,
        0.0028165783733129,
        0.0009467873023822,
        -0.0022358726710081,
        -0.0022358726710081,
        0.0031308848410844,
        0.0011008002329617,
        -0.0025566809345036,
        0.004563171416521,
        0.0734045207500458,
        -0.0124461026862264,
        -0.0027244763914495,
        0.0245783068239689,
        -0.0360124707221985,
        0.0031097915489226,
        9.05801425687969e-06,
        -0.0021658714395016,
        0.0035980860702693,
        -0.0018217909382656,
        -0.0022556171752512,
        0.0009753822232596,
        0.000223827897571,
        0.0045898514799773,
        0.0004989252774976,
        0.0027530544903129,
        -0.0003060255548916,
        0.0029561535920947,
        -0.0004715631366707,
        -0.0008077133097685,
        0.0019311207579448,
        -0.0001141817774623,
        -0.0005632456741295,
        0.0033269855193793,
        0.000857085629832,
        -0.0036280753556639,
        0.003594507696107,
        -9.61025507422164e-05,
        0.0004636990779545,
        -0.0005998816341161,
        0.0015381305711343,
        0.0020213581155985,
        0.0009605925879441,
        -2.14805877476465e-05,
        0.000992291374132,
        -0.0022499489132314,
        -0.0023220279254019,
        0.0024071130901575,
        0.0023092930205166
    ],
    "omega_next": [
        0.0042303432710468,
        0.0028165783733129,
        0.0009467873023822,
        -0.0022358726710081,
        -0.0022358726710081,
        0.0031308848410844,
        0.0011008002329617,
        -0.0025566809345036,
        0.004563171416521,
        0.0734045207500458,
        -0.0124461026862264,
        -0.0027244763914495,
        0.0245783068239689,
        -0.0360124707221985,
        0.0031097915489226,
        9.05801425687969e-06,
        -0.0021658714395016,
        0.0035980860702693,
        -0.0018217909382656,
        -0.0022556171752512,
        0.0009753822232596,
        0.000223827897571,
        0.0045898514799773,
        0.0004989252774976,
        0.0027530544903129,
        -0.0003060255548916,
        0.0029561535920947,
        -0.0004715631366707,
        -0.0008077133097685,
        0.0019311207579448,
        -0.0001141817774623,
        -0.0005632456741295,
        0.0033269855193793,
        0.000857085629832,
        -0.0036280753556639,
        0.003594507696107,
        -9.61025507422164e-05,
        0.0004636990779545,
        -0.0005998816341161,
        0.0015381305711343,
        0.0020213581155985,
        0.0009605925879441,
        -2.14805877476465e-05,
        0.000992291374132,
        -0.0022499489132314,
        -0.0023220279254019,
        0.0024071130901575,
        0.0023092930205166,
        -0.0001820940087782
    ],
    "phiDotL": [
        0.0,
        0.0,
        0.0,
        0.0,
        0.0,
        0.0,
        0.0,
        0.0,
        -1.8170805572380373,
        -2.4227740763173835,
        -2.4227740763173835,
        -2.4227740763173835,
        -0.5451241671714112,
        0.0,
        0.0,
        0.0,
        0.0,
        0.0,
        0.0,
        0.0,
        0.0,
        0.0,
        0.0,
        0.0,
        0.0,
        0.0,
        0.0,
        0.0,
        0.0,
        0.0,
        0.0,
        0.0,
        0.0,
        0.0,
        0.0,
        0.0,
        0.0,
        0.0,
        0.0,
        0.0,
        0.0,
        0.0,
        0.0,
        0.0,
        0.0,
        0.0,
        0.0,
        0.0,
        0.0
    ],
    "phiDotR": [
        0.0,
        0.0,
        0.0,
        0.0,
        0.0,
        0.0,
        0.0,
        0.0,
        -1.8170805572380373,
        -2.4227740763173835,
        -2.4227740763173835,
        -2.4227740763173835,
        -0.5451241671714112,
        0.0,
        0.0,
        0.0,
        0.0,
        0.0,
        0.0,
        0.0,
        0.0,
        0.0,
        0.0,
        0.0,
        0.0,
        0.0,
        0.0,
        0.0,
        0.0,
        0.0,
        0.0,
        0.0,
        0.0,
        0.0,
        0.0,
        0.0,
        0.0,
        0.0,
        0.0,
        0.0,
        0.0,
        0.0,
        0.0,
        0.0,
        0.0,
        0.0,
        0.0,
        0.0,
        0.0
    ]
}