{
    "segment_index": 2438,
    "A": 0.09962821754455777,
    "B1": 0.0,
    "B2": 0.0,
    "omega": [
        0.000223827897571,
        0.0045898514799773,
        0.0004989252774976,
        0.0027530544903129,
        -0.0003060255548916,
        0.0029561535920947,
        -0.0004715631366707,
        -0.0008077133097685,
        0.0019311207579448,
        -0.0001141817774623,
        -0.0005632456741295,
        0.0033269855193793,
        0.000857085629832,
        -0.0036280753556639,
        0.003594507696107,
        -9.61025507422164e-05,
        0.0004636990779545,
        -0.0005998816341161,
        0.0015381305711343,
        0.0020213581155985,
        0.0009605925879441,
        -2.14805877476465e-05,
        0.000992291374132,
        -0.0022499489132314,
        -0.0023220279254019,
        0.0024071130901575,
        0.0023092930205166,
        -0.0001820940087782,
        -0.0011720712063834,
        -0.0035928012803196,
        0.0009277460630983,
        -0.0013003644999116,
        -0.001719897496514,
        -0.0002499943075235,
        -0.0006553687853738,
        -0.0012017465196549,
        -0.0020279155578464,
        0.0012275199405849,
        0.0010093225864693,
        -0.0047797979786992,
        -0.0035544170532375,
        -0.0014708461239934,
        -0.0017306143417954,
        -0.0016385435592383,
        -0.0006023669848218,
        0.0012194665614515,
        -8.67250200826675e-05,
        0.0006582555943168,
        -0.0004557523061521
    ],
    "omega_next": [
        0.0045898514799773,
        0.0004989252774976,
        0.0027530544903129,
        -0.0003060255548916,
        0.0029561535920947,
        -0.0004715631366707,
        -0.0008077133097685,
        0.0019311207579448,
        -0.0001141817774623,
        -0.0005632456741295,
        0.0033269855193793,
        0.000857085629832,
        -0.0036280753556639,
        0.003594507696107,
        -9.61025507422164e-05,
        0.0004636990779545,
        -0.0005998816341161,
        0.0015381305711343,
        0.0020213581155985,
        0.0009605925879441,
        -2.14805877476465e-05,
        0.000992291374132,
        -0.0022499489132314,
        -0.0023220279254019,
        0.0024071130901575,
        0.0023092930205166,
        -0.0001820940087782,
        -0.0011720712063834,
        -0.0035928012803196,
        0.0009277460630983,
        -0.0013003644999116,
        -0.001719897496514,
        -0.0002499943075235,
        -0.0006553687853738,
        -0.0012017465196549,
        -0.0020279155578464,
        0.0012275199405849,
        0.0010093225864693,
        -0.0047797979786992,
        -0.0035544170532375,
        -0.0014708461239934,
        -0.0017306143417954,
        -0.0016385435592383,
        -0.0006023669848218,
        0.0012194665614515,
        -8.67250200826675e-05,
        0.0006582555943168,
        -0.0004557523061521,
        -0.0004655183001887
    ],
    "phiDotL": [
        0.0,
        0.0,
        0.0,
        0.0,
        0.0,
        0.0,
        0.0,
        0.0,
        0.0,
        0.0,
        0.0,
        0.0,
        0.0,
        0.0,
        0.0,
        0.0,
        0.0,
        0.0,
        0.0,
        0.0,
        0.0,
        0.0,
        0.0,
        0.0,
        0.0,
        0.0,
        0.0,
        0.0,
        0.0,
        0.0,
        0.0,
        0.0,
        0.0,
        0.0,
        0.0,
        0.0,
        0.0,
        0.0,
        0.0,
        0.0,
        0.0,
        0.0,
        0.0,
        0.0,
        0.0,
        0.0,
        0.0,
        0.0,
        0.0
    ],
    "phiDotR": [
        0.0,
        0.0,
        0.0,
        0.0,
        0.0,
        0.0,
        0.0,
        0.0,
        0.0,
        0.0,
        0.0,
        0.0,
        0.0,
        0.0,
        0.0,
        0.0,
        0.0,
        0.0,
        0.0,
        0.0,
        0.0,
        0.0,
        0.0,
        0.0,
        0.0,
        0.0,
        0.0,
        0.0,
        0.0,
        0.0,
        0.0,
        0.0,
        0.0,
        0.0,
        0.0,
        0.0,
        0.0,
        0.0,
        0.0,
        0.0,
        0.0,
        0.0,
        0.0,
        0.0,
        0.0,
        0.0,
        0.0,
        0.0,
        0.0
    ]
}