{
    "segment_index": 2159,
    "A": 0.9164110288444534,
    "B1": 0.11550306242661544,
    "B2": 0.014653061490209052,
    "omega": [
        0.0278006531298161,
        -0.055478822439909,
        -0.104287706315517,
        -0.155930399894714,
        -0.17692007124424,
        -0.133567497134209,
        -0.13374288380146,
        -0.0909548550844193,
        -0.0891560092568398,
        -0.127033814787865,
        -0.0923207849264145,
        -0.107696637511253,
        -0.117330402135849,
        -0.175303146243095,
        -0.223147317767143,
        -0.247306078672409,
        -0.200815632939339,
        -0.203760072588921,
        -0.182534083724022,
        -0.226552337408066,
        -0.224771097302437,
        -0.281242877244949,
        -0.388868153095245,
        -0.335538774728775,
        -0.256606936454773,
        -0.294115722179413,
        -0.271241128444672,
        -0.331754356622696,
        -0.371433198451996,
        -0.435929596424103,
        -0.539791882038116,
        -0.647894561290741,
        -0.69410103559494,
        -0.655787289142609,
        -0.678897857666016,
        -0.743561506271362,
        -0.781079471111298,
        -0.821251630783081,
        -0.808743059635162,
        -0.805836617946625,
        -0.835389196872711,
        -0.808870077133179,
        -0.88164085149765,
        -1.09449422359467,
        -1.30018198490143,
        -1.44046318531036,
        -1.5221174955368,
        -1.64050841331482,
        -1.7011137008667
    ],
    "omega_next": [
        -0.055478822439909,
        -0.104287706315517,
        -0.155930399894714,
        -0.17692007124424,
        -0.133567497134209,
        -0.13374288380146,
        -0.0909548550844193,
        -0.0891560092568398,
        -0.127033814787865,
        -0.0923207849264145,
        -0.107696637511253,
        -0.117330402135849,
        -0.175303146243095,
        -0.223147317767143,
        -0.247306078672409,
        -0.200815632939339,
        -0.203760072588921,
        -0.182534083724022,
        -0.226552337408066,
        -0.224771097302437,
        -0.281242877244949,
        -0.388868153095245,
        -0.335538774728775,
        -0.256606936454773,
        -0.294115722179413,
        -0.271241128444672,
        -0.331754356622696,
        -0.371433198451996,
        -0.435929596424103,
        -0.539791882038116,
        -0.647894561290741,
        -0.69410103559494,
        -0.655787289142609,
        -0.678897857666016,
        -0.743561506271362,
        -0.781079471111298,
        -0.821251630783081,
        -0.808743059635162,
        -0.805836617946625,
        -0.835389196872711,
        -0.808870077133179,
        -0.88164085149765,
        -1.09449422359467,
        -1.30018198490143,
        -1.44046318531036,
        -1.5221174955368,
        -1.64050841331482,
        -1.7011137008667,
        -1.39946341514587
    ],
    "phiDotL": [
        -0.4239854633555421,
        -0.4845548152634767,
        -0.5451241671714112,
        -0.5451241671714112,
        -0.6056935190793459,
        -0.6056935190793459,
        -0.6662628709872804,
        -0.6662628709872804,
        -0.726832222895215,
        -0.726832222895215,
        -0.7874015748031497,
        -0.7874015748031497,
        -0.8479709267110843,
        -0.8479709267110843,
        -0.9085402786190188,
        -0.9691096305269534,
        -0.9691096305269534,
        -1.029678982434888,
        -1.029678982434888,
        -1.0902483343428224,
        -1.0902483343428224,
        -1.150817686250757,
        -1.150817686250757,
        -1.2113870381586918,
        -1.2113870381586918,
        -1.2719563900666262,
        -1.2719563900666262,
        -1.3325257419745609,
        -1.3325257419745609,
        -1.3930950938824955,
        -1.45366444579043,
        -1.45366444579043,
        -1.5142337976983646,
        -1.5142337976983646,
        -1.5748031496062993,
        -1.5748031496062993,
        -1.635372501514234,
        -1.635372501514234,
        -1.6959418534221686,
        -1.6959418534221686,
        -1.6959418534221686,
        -1.6959418534221686,
        -1.8170805572380373,
        -1.877649909145972,
        -1.877649909145972,
        -1.9382192610539069,
        -1.9382192610539069,
        -1.9987886129618413,
        -1.9987886129618413
    ],
    "phiDotR": [
        4.058146577831618,
        4.118715929739552,
        4.179285281647486,
        4.179285281647486,
        4.239854633555421,
        4.239854633555421,
        4.300423985463356,
        4.300423985463356,
        4.36099333737129,
        4.36099333737129,
        4.421562689279225,
        4.421562689279225,
        4.48213204118716,
        4.48213204118716,
        4.542701393095094,
        4.603270745003028,
        4.603270745003028,
        4.663840096910963,
        4.663840096910963,
        4.724409448818898,
        4.724409448818898,
        4.784978800726832,
        4.784978800726832,
        4.845548152634767,
        4.845548152634767,
        4.906117504542702,
        4.906117504542702,
        4.966686856450636,
        4.966686856450636,
        5.027256208358571,
        5.087825560266505,
        5.087825560266505,
        5.14839491217444,
        5.14839491217444,
        5.208964264082375,
        5.208964264082375,
        5.269533615990309,
        5.269533615990309,
        5.3301029678982434,
        5.3301029678982434,
        5.390672319806178,
        5.390672319806178,
        5.451241671714113,
        5.511811023622047,
        5.511811023622047,
        5.572380375529982,
        5.572380375529982,
        5.632949727437917,
        5.632949727437917
    ]
}