{
    "segment_index": 1914,
    "A": 0.8304290427480638,
    "B1": 0.03240852863120301,
    "B2": -0.004631282199158071,
    "omega": [
        0.526289880275726,
        0.492395341396332,
        0.577266812324524,
        0.654337823390961,
        0.820260584354401,
        0.938425004482269,
        0.961665570735931,
        0.976799190044403,
        1.03030550479889,
        1.06795239448547,
        1.05325651168823,
        1.08538711071014,
        1.11759495735168,
        1.09939885139465,
        1.14098036289215,
        1.15862655639648,
        1.13108360767365,
        1.09730339050293,
        1.12403380870819,
        1.22600924968719,
        1.2318993806839,
        1.20347917079926,
        1.18209850788116,
        1.13482201099396,
        1.12819373607635,
        1.19888710975647,
        1.19427287578583,
        1.21603465080261,
        1.23241949081421,
        1.20914781093597,
        1.17325758934021,
        1.21660304069519,
        1.25076162815094,
        1.24063622951508,
        1.18891084194183,
        1.14695930480957,
        1.0506454706192,
        1.0663423538208,
        1.14202058315277,
        1.20094740390778,
        1.29843151569366,
        1.31881499290466,
        1.26442813873291,
        1.24445271492004,
        1.22676753997803,
        1.17984509468079,
        1.21990716457367,
        1.2575398683548,
        1.26475036144257
    ],
    "omega_next": [
        0.492395341396332,
        0.577266812324524,
        0.654337823390961,
        0.820260584354401,
        0.938425004482269,
        0.961665570735931,
        0.976799190044403,
        1.03030550479889,
        1.06795239448547,
        1.05325651168823,
        1.08538711071014,
        1.11759495735168,
        1.09939885139465,
        1.14098036289215,
        1.15862655639648,
        1.13108360767365,
        1.09730339050293,
        1.12403380870819,
        1.22600924968719,
        1.2318993806839,
        1.20347917079926,
        1.18209850788116,
        1.13482201099396,
        1.12819373607635,
        1.19888710975647,
        1.19427287578583,
        1.21603465080261,
        1.23241949081421,
        1.20914781093597,
        1.17325758934021,
        1.21660304069519,
        1.25076162815094,
        1.24063622951508,
        1.18891084194183,
        1.14695930480957,
        1.0506454706192,
        1.0663423538208,
        1.14202058315277,
        1.20094740390778,
        1.29843151569366,
        1.31881499290466,
        1.26442813873291,
        1.24445271492004,
        1.22676753997803,
        1.17984509468079,
        1.21990716457367,
        1.2575398683548,
        1.26475036144257,
        1.24105274677277
    ],
    "phiDotL": [
        5.3301029678982434,
        5.390672319806178,
        5.390672319806178,
        5.451241671714113,
        5.511811023622047,
        5.511811023622047,
        5.572380375529982,
        5.572380375529982,
        5.632949727437917,
        5.632949727437917,
        5.693519079345851,
        5.693519079345851,
        5.754088431253785,
        5.754088431253785,
        5.81465778316172,
        5.81465778316172,
        5.875227135069655,
        5.875227135069655,
        5.93579648697759,
        5.996365838885524,
        5.996365838885524,
        6.0569351907934585,
        6.0569351907934585,
        6.0569351907934585,
        6.0569351907934585,
        6.0569351907934585,
        6.0569351907934585,
        6.0569351907934585,
        6.0569351907934585,
        6.0569351907934585,
        6.0569351907934585,
        6.0569351907934585,
        6.0569351907934585,
        6.0569351907934585,
        6.0569351907934585,
        6.0569351907934585,
        6.0569351907934585,
        6.0569351907934585,
        6.0569351907934585,
        6.0569351907934585,
        6.0569351907934585,
        6.0569351907934585,
        6.0569351907934585,
        6.0569351907934585,
        6.0569351907934585,
        5.996365838885524,
        6.0569351907934585,
        6.0569351907934585,
        6.0569351907934585
    ],
    "phiDotR": [
        -1.6959418534221686,
        -1.6959418534221686,
        -1.6959418534221686,
        -1.8170805572380373,
        -1.877649909145972,
        -1.877649909145972,
        -1.9382192610539069,
        -1.9382192610539069,
        -1.9987886129618413,
        -1.9987886129618413,
        -2.059357964869776,
        -2.059357964869776,
        -2.1199273167777104,
        -2.1199273167777104,
        -2.180496668685645,
        -2.180496668685645,
        -2.24106602059358,
        -2.24106602059358,
        -2.301635372501514,
        -2.362204724409449,
        -2.362204724409449,
        -2.4227740763173835,
        -2.4227740763173835,
        -2.4227740763173835,
        -2.483343428225318,
        -2.483343428225318,
        -2.483343428225318,
        -2.483343428225318,
        -2.5439127801332524,
        -2.5439127801332524,
        -2.5439127801332524,
        -2.6044821320411877,
        -2.6044821320411877,
        -2.6044821320411877,
        -2.6044821320411877,
        -2.6650514839491217,
        -2.6650514839491217,
        -2.6650514839491217,
        -2.7256208358570566,
        -2.7256208358570566,
        -2.7256208358570566,
        -2.7256208358570566,
        -2.786190187764991,
        -2.786190187764991,
        -2.786190187764991,
        -2.786190187764991,
        -2.846759539672925,
        -2.846759539672925,
        -2.846759539672925
    ]
}