{
    "segment_index": 972,
    "A": 0.27520981497293945,
    "B1": 0.0,
    "B2": 0.0,
    "omega": [
        0.0042365109547972,
        -0.000683462829329,
        -0.00295180385001,
        -0.0026883003301918,
        0.0025215246714651,
        0.0020477792713791,
        0.0031393871176987,
        0.0037140541244298,
        0.004091762471944,
        0.0002336918842047,
        -0.0004591572214849,
        -0.0001599959650775,
        0.0030095260590314,
        0.0015655289171263,
        -0.0020451901946216,
        -0.0004878570325672,
        -0.0011983858421444,
        0.0024759294465184,
        0.0013163420371711,
        9.61050318437628e-05,
        0.0015284944092854,
        0.0053426469676196,
        0.0001976771163754,
        0.002065535634756,
        -0.0019225091673433,
        -0.000767414632719,
        -0.0007611341425217,
        0.001731549622491,
        0.0022099923808127,
        -0.0006039561703801,
        -0.0017920571845024,
        0.0015573390992358,
        0.0042485133744776,
        0.0028740589041262,
        -0.001131075201556,
        0.0005698253517039,
        0.0026525433640927,
        -0.0012999160680919,
        0.0036008821334689,
        -0.0024460332933813,
        -0.0016157542122528,
        -0.0015298132784664,
        -0.0015298132784664,
        -0.0015298132784664,
        -0.0015298132784664,
        -0.0015298132784664,
        -0.0015298132784664,
        -0.0015298132784664,
        -0.0015298132784664
    ],
    "omega_next": [
        -0.000683462829329,
        -0.00295180385001,
        -0.0026883003301918,
        0.0025215246714651,
        0.0020477792713791,
        0.0031393871176987,
        0.0037140541244298,
        0.004091762471944,
        0.0002336918842047,
        -0.0004591572214849,
        -0.0001599959650775,
        0.0030095260590314,
        0.0015655289171263,
        -0.0020451901946216,
        -0.0004878570325672,
        -0.0011983858421444,
        0.0024759294465184,
        0.0013163420371711,
        9.61050318437628e-05,
        0.0015284944092854,
        0.0053426469676196,
        0.0001976771163754,
        0.002065535634756,
        -0.0019225091673433,
        -0.000767414632719,
        -0.0007611341425217,
        0.001731549622491,
        0.0022099923808127,
        -0.0006039561703801,
        -0.0017920571845024,
        0.0015573390992358,
        0.0042485133744776,
        0.0028740589041262,
        -0.001131075201556,
        0.0005698253517039,
        0.0026525433640927,
        -0.0012999160680919,
        0.0036008821334689,
        -0.0024460332933813,
        -0.0016157542122528,
        -0.0015298132784664,
        -0.0015298132784664,
        -0.0015298132784664,
        -0.0015298132784664,
        -0.0015298132784664,
        -0.0015298132784664,
        -0.0015298132784664,
        -0.0015298132784664,
        0.0037975867744535
    ],
    "phiDotL": [
        0.0,
        0.0,
        0.0,
        0.0,
        0.0,
        0.0,
        0.0,
        0.0,
        0.0,
        0.0,
        0.0,
        0.0,
        0.0,
        0.0,
        0.0,
        0.0,
        0.0,
        0.0,
        0.0,
        0.0,
        0.0,
        0.0,
        0.0,
        0.0,
        0.0,
        0.0,
        0.0,
        0.0,
        0.0,
        0.0,
        0.0,
        0.0,
        0.0,
        0.0,
        0.0,
        0.0,
        0.0,
        0.0,
        0.0,
        0.0,
        0.0,
        0.0,
        0.0,
        0.0,
        0.0,
        0.0,
        0.0,
        0.0,
        0.0
    ],
    "phiDotR": [
        0.0,
        0.0,
        0.0,
        0.0,
        0.0,
        0.0,
        0.0,
        0.0,
        0.0,
        0.0,
        0.0,
        0.0,
        0.0,
        0.0,
        0.0,
        0.0,
        0.0,
        0.0,
        0.0,
        0.0,
        0.0,
        0.0,
        0.0,
        0.0,
        0.0,
        0.0,
        0.0,
        0.0,
        0.0,
        0.0,
        0.0,
        0.0,
        0.0,
        0.0,
        0.0,
        0.0,
        0.0,
        0.0,
        0.0,
        0.0,
        0.0,
        0.0,
        0.0,
        0.0,
        0.0,
        0.0,
        0.0,
        0.0,
        0.0
    ]
}