{
    "segment_index": 1750,
    "A": -0.055983152399521285,
    "B1": 0.0,
    "B2": 0.0,
    "omega": [
        -0.0013382195029407,
        -0.0025468620005995,
        0.0017622595187276,
        0.0005240412428975,
        -0.0042162598110735,
        0.0006914670811966,
        0.0003611631109379,
        -0.000685455976054,
        -0.0004435256123542,
        0.0017626343760639,
        -0.0013659709366038,
        0.0011217314749956,
        -9.45520441746339e-05,
        -0.0035351221449673,
        0.0033690463751554,
        -0.0002744782541412,
        0.0043521970510482,
        -0.0002745873644016,
        0.0016765961190685,
        -0.0015558503801003,
        0.0004068301059305,
        -0.0022741376888006,
        0.0014695686986669,
        -0.0012559345923364,
        0.0026601199060678,
        -0.0006379629485309,
        -0.0025843624025583,
        0.0004403450293466,
        -0.0013552310410887,
        0.0009823396103456,
        -0.0023817883338779,
        -0.0008694471907801,
        -0.0004214941873215,
        0.0017771392595022,
        0.0052455514669418,
        0.0052455514669418,
        6.23577943770215e-06,
        0.0039823250845074,
        -0.0013924672966823,
        -0.0019485588418319,
        0.0011518580140546,
        -0.0011014954652637,
        -0.0011014954652637,
        0.0018543773330748,
        0.0018891660729423,
        0.0018891660729423,
        -0.0016097332118079,
        0.0022687357850372,
        -0.000681480509229
    ],
    "omega_next": [
        -0.0025468620005995,
        0.0017622595187276,
        0.0005240412428975,
        -0.0042162598110735,
        0.0006914670811966,
        0.0003611631109379,
        -0.000685455976054,
        -0.0004435256123542,
        0.0017626343760639,
        -0.0013659709366038,
        0.0011217314749956,
        -9.45520441746339e-05,
        -0.0035351221449673,
        0.0033690463751554,
        -0.0002744782541412,
        0.0043521970510482,
        -0.0002745873644016,
        0.0016765961190685,
        -0.0015558503801003,
        0.0004068301059305,
        -0.0022741376888006,
        0.0014695686986669,
        -0.0012559345923364,
        0.0026601199060678,
        -0.0006379629485309,
        -0.0025843624025583,
        0.0004403450293466,
        -0.0013552310410887,
        0.0009823396103456,
        -0.0023817883338779,
        -0.0008694471907801,
        -0.0004214941873215,
        0.0017771392595022,
        0.0052455514669418,
        0.0052455514669418,
        6.23577943770215e-06,
        0.0039823250845074,
        -0.0013924672966823,
        -0.0019485588418319,
        0.0011518580140546,
        -0.0011014954652637,
        -0.0011014954652637,
        0.0018543773330748,
        0.0018891660729423,
        0.0018891660729423,
        -0.0016097332118079,
        0.0022687357850372,
        -0.000681480509229,
        -0.0010696435347199
    ],
    "phiDotL": [
        0.0,
        0.0,
        0.0,
        0.0,
        0.0,
        0.0,
        0.0,
        0.0,
        0.0,
        0.0,
        0.0,
        0.0,
        0.0,
        0.0,
        0.0,
        0.0,
        0.0,
        0.0,
        0.0,
        0.0,
        0.0,
        0.0,
        0.0,
        0.0,
        0.0,
        0.0,
        0.0,
        0.0,
        0.0,
        0.0,
        0.0,
        0.0,
        0.0,
        0.0,
        0.0,
        0.0,
        0.0,
        0.0,
        0.0,
        0.0,
        0.0,
        0.0,
        0.0,
        0.0,
        0.0,
        0.0,
        0.0,
        0.0,
        0.0
    ],
    "phiDotR": [
        0.0,
        0.0,
        0.0,
        0.0,
        0.0,
        0.0,
        0.0,
        0.0,
        0.0,
        0.0,
        0.0,
        0.0,
        0.0,
        0.0,
        0.0,
        0.0,
        0.0,
        0.0,
        0.0,
        0.0,
        0.0,
        0.0,
        0.0,
        0.0,
        0.0,
        0.0,
        0.0,
        0.0,
        0.0,
        0.0,
        0.0,
        0.0,
        0.0,
        0.0,
        0.0,
        0.0,
        0.0,
        0.0,
        0.0,
        0.0,
        0.0,
        0.0,
        0.0,
        0.0,
        0.0,
        0.0,
        0.0,
        0.0,
        0.0
    ]
}