{
    "segment_index": 2030,
    "A": 0.025020743472854597,
    "B1": 0.0,
    "B2": 0.0,
    "omega": [
        -0.001216109842062,
        0.0017917860532179,
        -0.0041842521168291,
        -0.0057112113572657,
        -0.0010298400884494,
        -0.0009726291173137,
        -0.0018594126449897,
        0.0009517148719169,
        -0.0009006951586343,
        -0.0009006951586343,
        -0.0009006951586343,
        -0.0009006951586343,
        -0.0009006951586343,
        -0.0009006951586343,
        -0.0009006951586343,
        -0.0011528553441166,
        0.0023268116638064,
        -0.0027409298345446,
        0.0002275214792462,
        -0.002186479512602,
        0.0011026974534615,
        0.0018202785868197,
        0.0028863386251032,
        0.0023796136956661,
        -0.0018397138919681,
        0.0026629951316863,
        0.0013276000972837,
        -0.0030053111258894,
        0.0018965546041727,
        -0.0036188343074172,
        0.001109623350203,
        0.0019339413847774,
        -7.3816227086354e-07,
        0.0008375362958759,
        -0.0015654064482078,
        5.88788025197573e-05,
        0.0032978693488985,
        0.0018135095015168,
        0.0028357547707855,
        -0.0018297036876902,
        0.0015094198752194,
        0.000869185780175,
        0.0003008623607456,
        -0.0002416687493678,
        -0.0009854295058175,
        -0.0021336595527827,
        -0.0012124695349484,
        -0.0052952943369746,
        0.0043452121317386
    ],
    "omega_next": [
        0.0017917860532179,
        -0.0041842521168291,
        -0.0057112113572657,
        -0.0010298400884494,
        -0.0009726291173137,
        -0.0018594126449897,
        0.0009517148719169,
        -0.0009006951586343,
        -0.0009006951586343,
        -0.0009006951586343,
        -0.0009006951586343,
        -0.0009006951586343,
        -0.0009006951586343,
        -0.0009006951586343,
        -0.0011528553441166,
        0.0023268116638064,
        -0.0027409298345446,
        0.0002275214792462,
        -0.002186479512602,
        0.0011026974534615,
        0.0018202785868197,
        0.0028863386251032,
        0.0023796136956661,
        -0.0018397138919681,
        0.0026629951316863,
        0.0013276000972837,
        -0.0030053111258894,
        0.0018965546041727,
        -0.0036188343074172,
        0.001109623350203,
        0.0019339413847774,
        -7.3816227086354e-07,
        0.0008375362958759,
        -0.0015654064482078,
        5.88788025197573e-05,
        0.0032978693488985,
        0.0018135095015168,
        0.0028357547707855,
        -0.0018297036876902,
        0.0015094198752194,
        0.000869185780175,
        0.0003008623607456,
        -0.0002416687493678,
        -0.0009854295058175,
        -0.0021336595527827,
        -0.0012124695349484,
        -0.0052952943369746,
        0.0043452121317386,
        0.0024092600215226
    ],
    "phiDotL": [
        0.0,
        0.0,
        0.0,
        0.0,
        0.0,
        0.0,
        0.0,
        0.0,
        0.0,
        0.0,
        0.0,
        0.0,
        0.0,
        0.0,
        0.0,
        0.0,
        0.0,
        0.0,
        0.0,
        0.0,
        0.0,
        0.0,
        0.0,
        0.0,
        0.0,
        0.0,
        0.0,
        0.0,
        0.0,
        0.0,
        0.0,
        0.0,
        0.0,
        0.0,
        0.0,
        0.0,
        0.0,
        0.0,
        0.0,
        0.0,
        0.0,
        0.0,
        0.0,
        0.0,
        0.0,
        0.0,
        0.0,
        0.0,
        0.0
    ],
    "phiDotR": [
        0.0,
        0.0,
        0.0,
        0.0,
        0.0,
        0.0,
        0.0,
        0.0,
        0.0,
        0.0,
        0.0,
        0.0,
        0.0,
        0.0,
        0.0,
        0.0,
        0.0,
        0.0,
        0.0,
        0.0,
        0.0,
        0.0,
        0.0,
        0.0,
        0.0,
        0.0,
        0.0,
        0.0,
        0.0,
        0.0,
        0.0,
        0.0,
        0.0,
        0.0,
        0.0,
        0.0,
        0.0,
        0.0,
        0.0,
        0.0,
        0.0,
        0.0,
        0.0,
        0.0,
        0.0,
        0.0,
        0.0,
        0.0,
        0.0
    ]
}