{
    "segment_index": 410,
    "A": 0.03249070215043619,
    "B1": 0.13622820902844887,
    "B2": -0.11680448280612771,
    "omega": [
        0.0002092382783303,
        0.0011505550937727,
        -0.0006268192082643,
        0.0023753498680889,
        -0.000644045881927,
        0.0034985106904059,
        0.0016238075913861,
        -0.0004961935337632,
        0.0037509608082473,
        0.0016524384263902,
        0.0018695718608796,
        -0.0010076013859361,
        -0.000308766553644,
        0.0007190498290583,
        0.0007248530746437,
        0.0030668533872813,
        0.0003375643864274,
        0.0033141230233013,
        0.0016345254844054,
        0.0006656210753135,
        0.0022229433525353,
        0.0007137325592339,
        0.0012851196806877,
        -0.0001102831447497,
        -0.0008351007709279,
        -0.0011299885809421,
        0.0207790043205023,
        -0.0121829947456717,
        -0.000873030279763,
        -0.0101190079003572,
        -0.0232141669839621,
        -0.0358365476131439,
        -0.0411680601537228,
        -0.0492146275937557,
        -0.0681156739592552,
        -0.0990426912903786,
        -0.0865897536277771,
        -0.100751362740993,
        -0.130853950977325,
        -0.13368883728981,
        -0.0805375054478645,
        -0.119422569870949,
        -0.144105345010757,
        -0.144612237811089,
        -0.0991711467504501,
        -0.168520107865334,
        -0.169910281896591,
        -0.14929635822773,
        -0.141621500253677
    ],
    "omega_next": [
        0.0011505550937727,
        -0.0006268192082643,
        0.0023753498680889,
        -0.000644045881927,
        0.0034985106904059,
        0.0016238075913861,
        -0.0004961935337632,
        0.0037509608082473,
        0.0016524384263902,
        0.0018695718608796,
        -0.0010076013859361,
        -0.000308766553644,
        0.0007190498290583,
        0.0007248530746437,
        0.0030668533872813,
        0.0003375643864274,
        0.0033141230233013,
        0.0016345254844054,
        0.0006656210753135,
        0.0022229433525353,
        0.0007137325592339,
        0.0012851196806877,
        -0.0001102831447497,
        -0.0008351007709279,
        -0.0011299885809421,
        0.0207790043205023,
        -0.0121829947456717,
        -0.000873030279763,
        -0.0101190079003572,
        -0.0232141669839621,
        -0.0358365476131439,
        -0.0411680601537228,
        -0.0492146275937557,
        -0.0681156739592552,
        -0.0990426912903786,
        -0.0865897536277771,
        -0.100751362740993,
        -0.130853950977325,
        -0.13368883728981,
        -0.0805375054478645,
        -0.119422569870949,
        -0.144105345010757,
        -0.144612237811089,
        -0.0991711467504501,
        -0.168520107865334,
        -0.169910281896591,
        -0.14929635822773,
        -0.141621500253677,
        -0.210592925548553
    ],
    "phiDotL": [
        0.0,
        0.0,
        0.0,
        0.0,
        0.0,
        0.0,
        0.0,
        0.0,
        0.0,
        0.0,
        0.0,
        0.0,
        0.0,
        0.0,
        0.0,
        0.0,
        0.0,
        0.0,
        0.0,
        0.0,
        0.0,
        0.0,
        0.0,
        0.0,
        0.0,
        0.0,
        0.4845548152634767,
        0.4845548152634767,
        0.4239854633555421,
        0.4239854633555421,
        0.3634161114476075,
        0.3634161114476075,
        0.3028467595396729,
        0.3028467595396729,
        0.2422774076317383,
        0.2422774076317383,
        0.1817080557238037,
        0.1817080557238037,
        0.1211387038158691,
        0.0605693519079345,
        0.0605693519079345,
        0.0,
        0.0,
        0.0,
        0.0,
        -0.0605693519079345,
        -0.0605693519079345,
        -0.1211387038158691,
        -0.1211387038158691
    ],
    "phiDotR": [
        0.0,
        0.0,
        0.0,
        0.0,
        0.0,
        0.0,
        0.0,
        0.0,
        0.0,
        0.0,
        0.0,
        0.0,
        0.0,
        0.0,
        0.0,
        0.0,
        0.0,
        0.0,
        0.0,
        0.0,
        0.0,
        0.0,
        0.0,
        0.0,
        0.0,
        0.0,
        0.6662628709872804,
        0.6662628709872804,
        0.726832222895215,
        0.726832222895215,
        0.7874015748031497,
        0.7874015748031497,
        0.8479709267110843,
        0.8479709267110843,
        0.9085402786190188,
        0.9085402786190188,
        0.9691096305269534,
        0.9691096305269534,
        1.029678982434888,
        1.0902483343428224,
        1.0902483343428224,
        1.150817686250757,
        1.150817686250757,
        1.2113870381586918,
        1.2113870381586918,
        1.2719563900666262,
        1.2719563900666262,
        1.3325257419745609,
        1.3325257419745609
    ]
}