{
    "segment_index": 942,
    "A": -0.3138898609215166,
    "B1": -0.1687280945405669,
    "B2": -0.41471598171109025,
    "omega": [
        -1.39800834655762,
        -1.42588579654694,
        -1.4665732383728,
        -1.41439533233643,
        -1.42676913738251,
        -1.40708756446838,
        -1.39373552799225,
        -1.3824987411499,
        -1.39142620563507,
        -1.38320779800415,
        -1.42135906219482,
        -1.40915858745575,
        -1.39191710948944,
        -1.36636257171631,
        -1.34448635578156,
        -1.37648093700409,
        -1.38132631778717,
        -1.36699688434601,
        -1.36279773712158,
        -1.39219403266907,
        -1.40071392059326,
        -1.30744183063507,
        -0.784945726394653,
        -0.265212118625641,
        0.0580610819160938,
        0.0125668710097671,
        0.0031923460774123,
        0.0047174026258289,
        0.0011243650224059,
        -0.0038457820191979,
        0.0042365109547972,
        -0.000683462829329,
        -0.00295180385001,
        -0.0026883003301918,
        0.0025215246714651,
        0.0020477792713791,
        0.0031393871176987,
        0.0037140541244298,
        0.004091762471944,
        0.0002336918842047,
        -0.0004591572214849,
        -0.0001599959650775,
        0.0030095260590314,
        0.0015655289171263,
        -0.0020451901946216,
        -0.0004878570325672,
        -0.0011983858421444,
        0.0024759294465184,
        0.0013163420371711
    ],
    "omega_next": [
        -1.42588579654694,
        -1.4665732383728,
        -1.41439533233643,
        -1.42676913738251,
        -1.40708756446838,
        -1.39373552799225,
        -1.3824987411499,
        -1.39142620563507,
        -1.38320779800415,
        -1.42135906219482,
        -1.40915858745575,
        -1.39191710948944,
        -1.36636257171631,
        -1.34448635578156,
        -1.37648093700409,
        -1.38132631778717,
        -1.36699688434601,
        -1.36279773712158,
        -1.39219403266907,
        -1.40071392059326,
        -1.30744183063507,
        -0.784945726394653,
        -0.265212118625641,
        0.0580610819160938,
        0.0125668710097671,
        0.0031923460774123,
        0.0047174026258289,
        0.0011243650224059,
        -0.0038457820191979,
        0.0042365109547972,
        -0.000683462829329,
        -0.00295180385001,
        -0.0026883003301918,
        0.0025215246714651,
        0.0020477792713791,
        0.0031393871176987,
        0.0037140541244298,
        0.004091762471944,
        0.0002336918842047,
        -0.0004591572214849,
        -0.0001599959650775,
        0.0030095260590314,
        0.0015655289171263,
        -0.0020451901946216,
        -0.0004878570325672,
        -0.0011983858421444,
        0.0024759294465184,
        0.0013163420371711,
        9.61050318437628e-05
    ],
    "phiDotL": [
        -3.937007874015748,
        -3.937007874015748,
        -3.937007874015748,
        -3.937007874015748,
        -3.997577225923683,
        -3.997577225923683,
        -3.997577225923683,
        -3.997577225923683,
        -3.997577225923683,
        -3.997577225923683,
        -3.997577225923683,
        -4.058146577831618,
        -4.058146577831618,
        -4.058146577831618,
        -4.058146577831618,
        -4.058146577831618,
        -4.058146577831618,
        -4.058146577831618,
        -4.118715929739552,
        -4.118715929739552,
        -4.118715929739552,
        -4.48213204118716,
        -2.5439127801332524,
        -0.6056935190793459,
        0.0,
        0.0,
        0.0,
        0.0,
        0.0,
        0.0,
        0.0,
        0.0,
        0.0,
        0.0,
        0.0,
        0.0,
        0.0,
        0.0,
        0.0,
        0.0,
        0.0,
        0.0,
        0.0,
        0.0,
        0.0,
        0.0,
        0.0,
        0.0,
        0.0
    ],
    "phiDotR": [
        5.996365838885524,
        6.0569351907934585,
        6.0569351907934585,
        6.0569351907934585,
        6.0569351907934585,
        6.0569351907934585,
        6.0569351907934585,
        6.0569351907934585,
        6.0569351907934585,
        6.0569351907934585,
        6.0569351907934585,
        5.996365838885524,
        6.0569351907934585,
        6.0569351907934585,
        6.0569351907934585,
        6.0569351907934585,
        6.0569351907934585,
        6.0569351907934585,
        5.996365838885524,
        6.0569351907934585,
        6.0569351907934585,
        4.48213204118716,
        2.5439127801332524,
        0.6056935190793459,
        0.0,
        0.0,
        0.0,
        0.0,
        0.0,
        0.0,
        0.0,
        0.0,
        0.0,
        0.0,
        0.0,
        0.0,
        0.0,
        0.0,
        0.0,
        0.0,
        0.0,
        0.0,
        0.0,
        0.0,
        0.0,
        0.0,
        0.0,
        0.0,
        0.0
    ]
}