{
    "segment_index": 917,
    "A": 0.7822321197400093,
    "B1": -0.27769172136346665,
    "B2": -0.22703219048369153,
    "omega": [
        -1.23384714126587,
        -1.27253079414368,
        -1.28821611404419,
        -1.2895120382309,
        -1.2836948633194,
        -1.24847996234894,
        -1.3006204366684,
        -1.332026720047,
        -1.35193347930908,
        -1.33399379253387,
        -1.31205034255981,
        -1.2957763671875,
        -1.25279176235199,
        -1.2871310710907,
        -1.32186055183411,
        -1.32236194610596,
        -1.28897333145142,
        -1.28932654857635,
        -1.26677906513214,
        -1.27280128002167,
        -1.29761183261871,
        -1.30129885673523,
        -1.33836495876312,
        -1.31902194023132,
        -1.3449399471283,
        -1.39800834655762,
        -1.42588579654694,
        -1.4665732383728,
        -1.41439533233643,
        -1.42676913738251,
        -1.40708756446838,
        -1.39373552799225,
        -1.3824987411499,
        -1.39142620563507,
        -1.38320779800415,
        -1.42135906219482,
        -1.40915858745575,
        -1.39191710948944,
        -1.36636257171631,
        -1.34448635578156,
        -1.37648093700409,
        -1.38132631778717,
        -1.36699688434601,
        -1.36279773712158,
        -1.39219403266907,
        -1.40071392059326,
        -1.30744183063507,
        -0.784945726394653,
        -0.265212118625641
    ],
    "omega_next": [
        -1.27253079414368,
        -1.28821611404419,
        -1.2895120382309,
        -1.2836948633194,
        -1.24847996234894,
        -1.3006204366684,
        -1.332026720047,
        -1.35193347930908,
        -1.33399379253387,
        -1.31205034255981,
        -1.2957763671875,
        -1.25279176235199,
        -1.2871310710907,
        -1.32186055183411,
        -1.32236194610596,
        -1.28897333145142,
        -1.28932654857635,
        -1.26677906513214,
        -1.27280128002167,
        -1.29761183261871,
        -1.30129885673523,
        -1.33836495876312,
        -1.31902194023132,
        -1.3449399471283,
        -1.39800834655762,
        -1.42588579654694,
        -1.4665732383728,
        -1.41439533233643,
        -1.42676913738251,
        -1.40708756446838,
        -1.39373552799225,
        -1.3824987411499,
        -1.39142620563507,
        -1.38320779800415,
        -1.42135906219482,
        -1.40915858745575,
        -1.39191710948944,
        -1.36636257171631,
        -1.34448635578156,
        -1.37648093700409,
        -1.38132631778717,
        -1.36699688434601,
        -1.36279773712158,
        -1.39219403266907,
        -1.40071392059326,
        -1.30744183063507,
        -0.784945726394653,
        -0.265212118625641,
        0.0580610819160938
    ],
    "phiDotL": [
        -3.634161114476075,
        -3.6947304663840095,
        -3.6947304663840095,
        -3.6947304663840095,
        -3.6947304663840095,
        -3.6947304663840095,
        -3.755299818291944,
        -3.755299818291944,
        -3.755299818291944,
        -3.755299818291944,
        -3.755299818291944,
        -3.815869170199879,
        -3.815869170199879,
        -3.815869170199879,
        -3.815869170199879,
        -3.815869170199879,
        -3.815869170199879,
        -3.8764385221078137,
        -3.8764385221078137,
        -3.8764385221078137,
        -3.8764385221078137,
        -3.8764385221078137,
        -3.8764385221078137,
        -3.937007874015748,
        -3.937007874015748,
        -3.937007874015748,
        -3.937007874015748,
        -3.937007874015748,
        -3.937007874015748,
        -3.997577225923683,
        -3.997577225923683,
        -3.997577225923683,
        -3.997577225923683,
        -3.997577225923683,
        -3.997577225923683,
        -3.997577225923683,
        -4.058146577831618,
        -4.058146577831618,
        -4.058146577831618,
        -4.058146577831618,
        -4.058146577831618,
        -4.058146577831618,
        -4.058146577831618,
        -4.118715929739552,
        -4.118715929739552,
        -4.118715929739552,
        -4.48213204118716,
        -2.5439127801332524,
        -0.6056935190793459
    ],
    "phiDotR": [
        6.0569351907934585,
        6.0569351907934585,
        6.0569351907934585,
        6.0569351907934585,
        6.0569351907934585,
        6.0569351907934585,
        6.0569351907934585,
        6.0569351907934585,
        6.0569351907934585,
        6.0569351907934585,
        6.0569351907934585,
        6.0569351907934585,
        6.0569351907934585,
        6.0569351907934585,
        6.0569351907934585,
        6.0569351907934585,
        6.0569351907934585,
        6.0569351907934585,
        6.0569351907934585,
        6.0569351907934585,
        6.0569351907934585,
        6.0569351907934585,
        6.0569351907934585,
        6.0569351907934585,
        6.0569351907934585,
        5.996365838885524,
        6.0569351907934585,
        6.0569351907934585,
        6.0569351907934585,
        6.0569351907934585,
        6.0569351907934585,
        6.0569351907934585,
        6.0569351907934585,
        6.0569351907934585,
        6.0569351907934585,
        6.0569351907934585,
        5.996365838885524,
        6.0569351907934585,
        6.0569351907934585,
        6.0569351907934585,
        6.0569351907934585,
        6.0569351907934585,
        6.0569351907934585,
        5.996365838885524,
        6.0569351907934585,
        6.0569351907934585,
        4.48213204118716,
        2.5439127801332524,
        0.6056935190793459
    ]
}