{
    "segment_index": 2756,
    "A": 0.5728218697411364,
    "B1": 0.11825996957331833,
    "B2": -0.03447785936972062,
    "omega": [
        -0.797920525074005,
        -0.86077207326889,
        -0.753126263618469,
        -0.875276982784271,
        -0.845863282680511,
        -0.861372828483582,
        -0.87806898355484,
        -0.934699952602386,
        -0.902663946151733,
        -0.902797400951385,
        -0.963048756122589,
        -0.929117858409882,
        -0.904579639434814,
        -0.936232209205627,
        -0.931465923786163,
        -0.85578066110611,
        -0.938983500003815,
        -1.00351417064667,
        -1.00664699077606,
        -1.00769102573395,
        -1.04703557491302,
        -1.08630394935608,
        -1.08482897281647,
        -1.07123017311096,
        -1.06314957141876,
        -1.07319927215576,
        -1.04037034511566,
        -1.03437745571136,
        -1.07838141918182,
        -1.04029583930969,
        -1.04900622367859,
        -1.15192699432373,
        -1.16218554973602,
        -1.05088770389557,
        -1.05088770389557,
        -1.05375301837921,
        -1.03893935680389,
        -1.03219795227051,
        -0.994625866413116,
        -1.0430828332901,
        -1.02030599117279,
        -0.966190934181213,
        -1.02012860774994,
        -1.11578953266144,
        -1.11677849292755,
        -1.08014178276062,
        -1.08014178276062,
        -1.03494358062744,
        -1.15372014045715
    ],
    "omega_next": [
        -0.86077207326889,
        -0.753126263618469,
        -0.875276982784271,
        -0.845863282680511,
        -0.861372828483582,
        -0.87806898355484,
        -0.934699952602386,
        -0.902663946151733,
        -0.902797400951385,
        -0.963048756122589,
        -0.929117858409882,
        -0.904579639434814,
        -0.936232209205627,
        -0.931465923786163,
        -0.85578066110611,
        -0.938983500003815,
        -1.00351417064667,
        -1.00664699077606,
        -1.00769102573395,
        -1.04703557491302,
        -1.08630394935608,
        -1.08482897281647,
        -1.07123017311096,
        -1.06314957141876,
        -1.07319927215576,
        -1.04037034511566,
        -1.03437745571136,
        -1.07838141918182,
        -1.04029583930969,
        -1.04900622367859,
        -1.15192699432373,
        -1.16218554973602,
        -1.05088770389557,
        -1.05088770389557,
        -1.05375301837921,
        -1.03893935680389,
        -1.03219795227051,
        -0.994625866413116,
        -1.0430828332901,
        -1.02030599117279,
        -0.966190934181213,
        -1.02012860774994,
        -1.11578953266144,
        -1.11677849292755,
        -1.08014178276062,
        -1.08014178276062,
        -1.03494358062744,
        -1.15372014045715,
        -1.16596531867981
    ],
    "phiDotL": [
        -1.45366444579043,
        -1.45366444579043,
        -1.45366444579043,
        -1.5142337976983646,
        -1.5142337976983646,
        -1.5142337976983646,
        -1.5748031496062993,
        -1.5748031496062993,
        -1.5748031496062993,
        -1.635372501514234,
        -1.635372501514234,
        -1.6959418534221686,
        -1.6959418534221686,
        -1.6959418534221686,
        -1.6959418534221686,
        -1.6959418534221686,
        -1.6959418534221686,
        -1.8170805572380373,
        -1.8170805572380373,
        -1.8170805572380373,
        -1.877649909145972,
        -1.877649909145972,
        -1.877649909145972,
        -1.877649909145972,
        -1.9382192610539069,
        -1.9382192610539069,
        -1.9382192610539069,
        -1.9987886129618413,
        -1.9987886129618413,
        -1.9987886129618413,
        -2.059357964869776,
        -2.059357964869776,
        -2.059357964869776,
        -2.059357964869776,
        -2.1199273167777104,
        -2.1199273167777104,
        -2.1199273167777104,
        -2.180496668685645,
        -2.180496668685645,
        -2.180496668685645,
        -2.180496668685645,
        -2.24106602059358,
        -2.24106602059358,
        -2.24106602059358,
        -2.24106602059358,
        -2.301635372501514,
        -2.301635372501514,
        -2.301635372501514,
        -2.301635372501514
    ],
    "phiDotR": [
        6.0569351907934585,
        6.0569351907934585,
        6.0569351907934585,
        6.0569351907934585,
        6.0569351907934585,
        6.0569351907934585,
        6.0569351907934585,
        6.0569351907934585,
        6.0569351907934585,
        6.0569351907934585,
        6.0569351907934585,
        6.0569351907934585,
        6.0569351907934585,
        6.0569351907934585,
        6.0569351907934585,
        6.0569351907934585,
        6.0569351907934585,
        6.0569351907934585,
        6.0569351907934585,
        6.0569351907934585,
        5.996365838885524,
        5.996365838885524,
        6.0569351907934585,
        6.0569351907934585,
        6.0569351907934585,
        6.0569351907934585,
        6.0569351907934585,
        6.0569351907934585,
        6.0569351907934585,
        6.0569351907934585,
        6.0569351907934585,
        6.0569351907934585,
        6.0569351907934585,
        6.0569351907934585,
        6.0569351907934585,
        6.0569351907934585,
        6.0569351907934585,
        6.0569351907934585,
        6.0569351907934585,
        6.0569351907934585,
        6.0569351907934585,
        6.0569351907934585,
        6.0569351907934585,
        6.0569351907934585,
        6.0569351907934585,
        6.0569351907934585,
        6.0569351907934585,
        6.0569351907934585,
        6.0569351907934585
    ]
}