{
    "segment_index": 1319,
    "A": 0.1828803484466642,
    "B1": 0.0,
    "B2": 0.0,
    "omega": [
        0.0037517384625971,
        0.0018088629003614,
        0.0018088629003614,
        0.0018088629003614,
        0.0018088629003614,
        0.0018088629003614,
        0.0018088629003614,
        0.0018088629003614,
        0.0020667654462158,
        0.0026492548640817,
        0.0021406242158263,
        -0.0003384354931768,
        -0.0012978127924725,
        -0.0016951360739767,
        0.0009489679941907,
        -0.0010806531645357,
        -0.0019440428586676,
        -0.0001428960240446,
        0.0014344353694468,
        0.0012297555804252,
        0.0005153706297278,
        0.0035763506311923,
        0.0012924803886562,
        0.0022216406650841,
        -0.0018217753386125,
        -0.001119268592447,
        0.0009042652091011,
        -0.0005833168397657,
        -0.0031300312839448,
        -0.0002705671649891,
        0.0014820167561993,
        0.0015642655780538,
        0.0014017613139003,
        0.0011149592464789,
        0.0012515856651589,
        -0.0037968119140714,
        -0.0001603374694241,
        -0.0014136721147224,
        -0.0014136721147224,
        0.0039127874188125,
        -0.0027640121988952,
        -0.0018762068357318,
        0.0032066183630377,
        0.0010358075378462,
        0.005793843884021,
        -0.0014517360832542,
        0.0026005499530583,
        -0.0001710746291792,
        0.0005997780826874
    ],
    "omega_next": [
        0.0018088629003614,
        0.0018088629003614,
        0.0018088629003614,
        0.0018088629003614,
        0.0018088629003614,
        0.0018088629003614,
        0.0018088629003614,
        0.0020667654462158,
        0.0026492548640817,
        0.0021406242158263,
        -0.0003384354931768,
        -0.0012978127924725,
        -0.0016951360739767,
        0.0009489679941907,
        -0.0010806531645357,
        -0.0019440428586676,
        -0.0001428960240446,
        0.0014344353694468,
        0.0012297555804252,
        0.0005153706297278,
        0.0035763506311923,
        0.0012924803886562,
        0.0022216406650841,
        -0.0018217753386125,
        -0.001119268592447,
        0.0009042652091011,
        -0.0005833168397657,
        -0.0031300312839448,
        -0.0002705671649891,
        0.0014820167561993,
        0.0015642655780538,
        0.0014017613139003,
        0.0011149592464789,
        0.0012515856651589,
        -0.0037968119140714,
        -0.0001603374694241,
        -0.0014136721147224,
        -0.0014136721147224,
        0.0039127874188125,
        -0.0027640121988952,
        -0.0018762068357318,
        0.0032066183630377,
        0.0010358075378462,
        0.005793843884021,
        -0.0014517360832542,
        0.0026005499530583,
        -0.0001710746291792,
        0.0005997780826874,
        0.0005997780826874
    ],
    "phiDotL": [
        0.0,
        0.0,
        0.0,
        0.0,
        0.0,
        0.0,
        0.0,
        0.0,
        0.0,
        0.0,
        0.0,
        0.0,
        0.0,
        0.0,
        0.0,
        0.0,
        0.0,
        0.0,
        0.0,
        0.0,
        0.0,
        0.0,
        0.0,
        0.0,
        0.0,
        0.0,
        0.0,
        0.0,
        0.0,
        0.0,
        0.0,
        0.0,
        0.0,
        0.0,
        0.0,
        0.0,
        0.0,
        0.0,
        0.0,
        0.0,
        0.0,
        0.0,
        0.0,
        0.0,
        0.0,
        0.0,
        0.0,
        0.0,
        0.0
    ],
    "phiDotR": [
        0.0,
        0.0,
        0.0,
        0.0,
        0.0,
        0.0,
        0.0,
        0.0,
        0.0,
        0.0,
        0.0,
        0.0,
        0.0,
        0.0,
        0.0,
        0.0,
        0.0,
        0.0,
        0.0,
        0.0,
        0.0,
        0.0,
        0.0,
        0.0,
        0.0,
        0.0,
        0.0,
        0.0,
        0.0,
        0.0,
        0.0,
        0.0,
        0.0,
        0.0,
        0.0,
        0.0,
        0.0,
        0.0,
        0.0,
        0.0,
        0.0,
        0.0,
        0.0,
        0.0,
        0.0,
        0.0,
        0.0,
        0.0,
        0.0
    ]
}