{
    "segment_index": 1117,
    "A": 0.48039626998307633,
    "B1": 0.06784450993632088,
    "B2": -0.09904341180524966,
    "omega": [
        0.448478549718857,
        0.455741226673126,
        0.43336296081543,
        0.43389168381691,
        0.379124522209167,
        0.376878023147583,
        0.385799616575241,
        0.428045630455017,
        0.496926844120026,
        0.513992607593536,
        0.519077360630035,
        0.47688040137291,
        0.467071324586868,
        0.611140608787537,
        0.533937096595764,
        0.725851476192474,
        0.764925360679626,
        0.713633239269257,
        0.619415879249573,
        0.507949888706207,
        0.55391651391983,
        0.655414462089539,
        0.583029091358185,
        0.618495643138885,
        0.569946527481079,
        0.561999142169952,
        0.612575948238373,
        0.5805624127388,
        0.650601804256439,
        0.54755973815918,
        0.541802763938904,
        0.671565413475037,
        0.636678874492645,
        0.72913920879364,
        0.749735236167908,
        0.840574145317078,
        0.730907082557678,
        0.717154264450073,
        0.81769073009491,
        0.911523520946503,
        0.821638643741608,
        0.755925476551056,
        0.84682285785675,
        0.829163551330566,
        0.960586428642273,
        0.830344796180725,
        0.826806485652924,
        0.815440893173218,
        0.950756192207336
    ],
    "omega_next": [
        0.455741226673126,
        0.43336296081543,
        0.43389168381691,
        0.379124522209167,
        0.376878023147583,
        0.385799616575241,
        0.428045630455017,
        0.496926844120026,
        0.513992607593536,
        0.519077360630035,
        0.47688040137291,
        0.467071324586868,
        0.611140608787537,
        0.533937096595764,
        0.725851476192474,
        0.764925360679626,
        0.713633239269257,
        0.619415879249573,
        0.507949888706207,
        0.55391651391983,
        0.655414462089539,
        0.583029091358185,
        0.618495643138885,
        0.569946527481079,
        0.561999142169952,
        0.612575948238373,
        0.5805624127388,
        0.650601804256439,
        0.54755973815918,
        0.541802763938904,
        0.671565413475037,
        0.636678874492645,
        0.72913920879364,
        0.749735236167908,
        0.840574145317078,
        0.730907082557678,
        0.717154264450073,
        0.81769073009491,
        0.911523520946503,
        0.821638643741608,
        0.755925476551056,
        0.84682285785675,
        0.829163551330566,
        0.960586428642273,
        0.830344796180725,
        0.826806485652924,
        0.815440893173218,
        0.950756192207336,
        0.943169355392456
    ],
    "phiDotL": [
        2.7256208358570566,
        2.7256208358570566,
        2.786190187764991,
        2.786190187764991,
        2.846759539672925,
        2.846759539672925,
        2.90732889158086,
        2.90732889158086,
        2.967898243488795,
        2.967898243488795,
        3.0284675953967293,
        3.089036947304664,
        3.089036947304664,
        3.1496062992125986,
        3.1496062992125986,
        3.210175651120533,
        3.210175651120533,
        3.270745003028468,
        3.270745003028468,
        3.3313143549364024,
        3.3313143549364024,
        3.3918837068443373,
        3.3918837068443373,
        3.3918837068443373,
        3.3918837068443373,
        3.4524530587522717,
        3.5735917625681406,
        3.634161114476075,
        3.634161114476075,
        3.634161114476075,
        3.6947304663840095,
        3.6947304663840095,
        3.755299818291944,
        3.755299818291944,
        3.815869170199879,
        3.815869170199879,
        3.8764385221078137,
        3.8764385221078137,
        3.997577225923683,
        3.997577225923683,
        3.997577225923683,
        4.058146577831618,
        4.058146577831618,
        4.118715929739552,
        4.118715929739552,
        4.179285281647486,
        4.179285281647486,
        4.239854633555421,
        4.239854633555421
    ],
    "phiDotR": [
        -0.3028467595396729,
        -0.3028467595396729,
        -0.3634161114476075,
        -0.3634161114476075,
        -0.4239854633555421,
        -0.4239854633555421,
        -0.4845548152634767,
        -0.4845548152634767,
        -0.5451241671714112,
        -0.5451241671714112,
        -0.6056935190793459,
        -0.6662628709872804,
        -0.6662628709872804,
        -0.726832222895215,
        -0.726832222895215,
        -0.7874015748031497,
        -0.7874015748031497,
        -0.8479709267110843,
        -0.8479709267110843,
        -0.9085402786190188,
        -0.9085402786190188,
        -0.9691096305269534,
        -0.9691096305269534,
        -1.029678982434888,
        -1.029678982434888,
        -1.0902483343428224,
        -1.150817686250757,
        -1.2113870381586918,
        -1.2113870381586918,
        -1.2113870381586918,
        -1.2719563900666262,
        -1.2719563900666262,
        -1.3325257419745609,
        -1.3325257419745609,
        -1.3930950938824955,
        -1.3930950938824955,
        -1.45366444579043,
        -1.45366444579043,
        -1.5748031496062993,
        -1.5748031496062993,
        -1.5748031496062993,
        -1.635372501514234,
        -1.635372501514234,
        -1.6959418534221686,
        -1.6959418534221686,
        -1.6959418534221686,
        -1.6959418534221686,
        -1.8170805572380373,
        -1.8170805572380373
    ]
}