{
    "segment_index": 277,
    "A": -0.07906181673820298,
    "B1": 0.47834743113145434,
    "B2": 0.26126731004502196,
    "omega": [
        1.47682011127472,
        1.57806527614594,
        1.5026593208313,
        1.42102444171906,
        1.46765494346619,
        1.52364385128021,
        1.51142704486847,
        1.50486981868744,
        1.48071026802063,
        1.43748712539673,
        1.43457508087158,
        1.48189675807953,
        1.44832837581635,
        1.38435971736908,
        1.46528840065002,
        1.60938382148743,
        1.62985682487488,
        1.52657556533813,
        1.48983907699585,
        1.55034804344177,
        1.52490746974945,
        1.51420950889587,
        1.55952620506287,
        1.5103086233139,
        1.47164809703827,
        1.53073668479919,
        1.52616477012634,
        1.53929340839386,
        1.56310307979584,
        1.5448762178421,
        1.51185619831085,
        1.47952389717102,
        1.45392417907715,
        1.4352753162384,
        1.44466543197632,
        1.44992434978485,
        1.32230150699615,
        1.01398873329163,
        0.209244802594185,
        -0.0676253512501717,
        -0.019501056522131,
        -0.0089545836672186,
        -0.004663273692131,
        -0.0015982231125235,
        0.0003427011542953,
        0.0011420766822993,
        1.39841285999864e-05,
        1.17032323032618e-06,
        0.0010098135098815
    ],
    "omega_next": [
        1.57806527614594,
        1.5026593208313,
        1.42102444171906,
        1.46765494346619,
        1.52364385128021,
        1.51142704486847,
        1.50486981868744,
        1.48071026802063,
        1.43748712539673,
        1.43457508087158,
        1.48189675807953,
        1.44832837581635,
        1.38435971736908,
        1.46528840065002,
        1.60938382148743,
        1.62985682487488,
        1.52657556533813,
        1.48983907699585,
        1.55034804344177,
        1.52490746974945,
        1.51420950889587,
        1.55952620506287,
        1.5103086233139,
        1.47164809703827,
        1.53073668479919,
        1.52616477012634,
        1.53929340839386,
        1.56310307979584,
        1.5448762178421,
        1.51185619831085,
        1.47952389717102,
        1.45392417907715,
        1.4352753162384,
        1.44466543197632,
        1.44992434978485,
        1.32230150699615,
        1.01398873329163,
        0.209244802594185,
        -0.0676253512501717,
        -0.019501056522131,
        -0.0089545836672186,
        -0.004663273692131,
        -0.0015982231125235,
        0.0003427011542953,
        0.0011420766822993,
        1.39841285999864e-05,
        1.17032323032618e-06,
        0.0010098135098815,
        0.0012465259060263
    ],
    "phiDotL": [
        5.875227135069655,
        5.93579648697759,
        5.93579648697759,
        5.996365838885524,
        5.996365838885524,
        6.0569351907934585,
        6.0569351907934585,
        6.0569351907934585,
        6.0569351907934585,
        6.0569351907934585,
        6.0569351907934585,
        6.0569351907934585,
        6.0569351907934585,
        6.0569351907934585,
        6.0569351907934585,
        6.0569351907934585,
        6.0569351907934585,
        6.0569351907934585,
        6.0569351907934585,
        6.0569351907934585,
        6.0569351907934585,
        6.0569351907934585,
        6.0569351907934585,
        6.0569351907934585,
        6.0569351907934585,
        6.0569351907934585,
        6.0569351907934585,
        6.0569351907934585,
        5.996365838885524,
        6.0569351907934585,
        6.0569351907934585,
        6.0569351907934585,
        6.0569351907934585,
        6.0569351907934585,
        6.0569351907934585,
        6.0569351907934585,
        4.48213204118716,
        2.5439127801332524,
        0.6056935190793459,
        0.0,
        0.0,
        0.0,
        0.0,
        0.0,
        0.0,
        0.0,
        0.0,
        0.0,
        0.0
    ],
    "phiDotR": [
        -4.663840096910963,
        -4.724409448818898,
        -4.724409448818898,
        -4.784978800726832,
        -4.784978800726832,
        -4.845548152634767,
        -4.845548152634767,
        -4.845548152634767,
        -4.845548152634767,
        -4.845548152634767,
        -4.845548152634767,
        -4.845548152634767,
        -4.845548152634767,
        -4.845548152634767,
        -4.845548152634767,
        -4.906117504542702,
        -4.906117504542702,
        -4.906117504542702,
        -4.906117504542702,
        -4.906117504542702,
        -4.906117504542702,
        -4.906117504542702,
        -4.906117504542702,
        -4.906117504542702,
        -4.906117504542702,
        -4.966686856450636,
        -4.966686856450636,
        -4.966686856450636,
        -4.966686856450636,
        -4.966686856450636,
        -4.966686856450636,
        -4.966686856450636,
        -4.966686856450636,
        -4.966686856450636,
        -4.966686856450636,
        -4.966686856450636,
        -4.48213204118716,
        -2.5439127801332524,
        -0.6056935190793459,
        0.0,
        0.0,
        0.0,
        0.0,
        0.0,
        0.0,
        0.0,
        0.0,
        0.0,
        0.0
    ]
}