{
    "segment_index": 2555,
    "A": 0.34251560313482227,
    "B1": 0.0,
    "B2": 0.0,
    "omega": [
        0.0041682426817715,
        0.0030905115418136,
        -0.000793813553173,
        0.0016457902966067,
        0.0010719512356445,
        0.0042667230591177,
        0.0017923433333635,
        0.0016596985515207,
        0.0021624565124511,
        0.003098631510511,
        -0.0008042484987527,
        -0.0006370157934725,
        -0.0017405283870175,
        0.0007583074038848,
        -0.0044931364245712,
        0.0013934611342847,
        -0.0039257132448256,
        -0.0004774727276526,
        0.0034872409887611,
        -0.0015453086234629,
        -0.0024802675470709,
        0.0015395889058709,
        -0.0007503390079364,
        0.0002087556640617,
        0.0012852424988523,
        0.0012197617907077,
        -0.0028435734566301,
        -0.00050625303993,
        0.0002896982769016,
        -0.0018710974836722,
        0.0003841318539343,
        -0.0043481914326548,
        0.0040457732975482,
        0.0040457732975482,
        0.0040457732975482,
        0.0040457732975482,
        0.0040457732975482,
        0.0040457732975482,
        0.0040457732975482,
        0.0040457732975482,
        0.0009030116489157,
        -0.0007541404338553,
        6.87013234710321e-05,
        -0.0028000324964523,
        0.0002595854748506,
        -0.0003221283259335,
        0.0010632080957293,
        -0.0009758985252119,
        0.0010665233712643
    ],
    "omega_next": [
        0.0030905115418136,
        -0.000793813553173,
        0.0016457902966067,
        0.0010719512356445,
        0.0042667230591177,
        0.0017923433333635,
        0.0016596985515207,
        0.0021624565124511,
        0.003098631510511,
        -0.0008042484987527,
        -0.0006370157934725,
        -0.0017405283870175,
        0.0007583074038848,
        -0.0044931364245712,
        0.0013934611342847,
        -0.0039257132448256,
        -0.0004774727276526,
        0.0034872409887611,
        -0.0015453086234629,
        -0.0024802675470709,
        0.0015395889058709,
        -0.0007503390079364,
        0.0002087556640617,
        0.0012852424988523,
        0.0012197617907077,
        -0.0028435734566301,
        -0.00050625303993,
        0.0002896982769016,
        -0.0018710974836722,
        0.0003841318539343,
        -0.0043481914326548,
        0.0040457732975482,
        0.0040457732975482,
        0.0040457732975482,
        0.0040457732975482,
        0.0040457732975482,
        0.0040457732975482,
        0.0040457732975482,
        0.0040457732975482,
        0.0009030116489157,
        -0.0007541404338553,
        6.87013234710321e-05,
        -0.0028000324964523,
        0.0002595854748506,
        -0.0003221283259335,
        0.0010632080957293,
        -0.0009758985252119,
        0.0010665233712643,
        0.001550625776872
    ],
    "phiDotL": [
        0.0,
        0.0,
        0.0,
        0.0,
        0.0,
        0.0,
        0.0,
        0.0,
        0.0,
        0.0,
        0.0,
        0.0,
        0.0,
        0.0,
        0.0,
        0.0,
        0.0,
        0.0,
        0.0,
        0.0,
        0.0,
        0.0,
        0.0,
        0.0,
        0.0,
        0.0,
        0.0,
        0.0,
        0.0,
        0.0,
        0.0,
        0.0,
        0.0,
        0.0,
        0.0,
        0.0,
        0.0,
        0.0,
        0.0,
        0.0,
        0.0,
        0.0,
        0.0,
        0.0,
        0.0,
        0.0,
        0.0,
        0.0,
        0.0
    ],
    "phiDotR": [
        0.0,
        0.0,
        0.0,
        0.0,
        0.0,
        0.0,
        0.0,
        0.0,
        0.0,
        0.0,
        0.0,
        0.0,
        0.0,
        0.0,
        0.0,
        0.0,
        0.0,
        0.0,
        0.0,
        0.0,
        0.0,
        0.0,
        0.0,
        0.0,
        0.0,
        0.0,
        0.0,
        0.0,
        0.0,
        0.0,
        0.0,
        0.0,
        0.0,
        0.0,
        0.0,
        0.0,
        0.0,
        0.0,
        0.0,
        0.0,
        0.0,
        0.0,
        0.0,
        0.0,
        0.0,
        0.0,
        0.0,
        0.0,
        0.0
    ]
}