{
    "segment_index": 2286,
    "A": 0.1666485449838919,
    "B1": 0.08604373734330521,
    "B2": -0.13143558572425507,
    "omega": [
        -1.31880497932434,
        -1.3294929265976,
        -1.28191161155701,
        -1.16953778266907,
        -0.79457288980484,
        -0.214875385165215,
        -0.101573124527931,
        0.0232263188809156,
        0.0081168347969651,
        0.0026900579687207,
        0.001116732135415,
        0.0005316671449691,
        0.0008339959895238,
        0.0022548355627805,
        -0.0041123363189399,
        0.0011004384141415,
        0.0009029718348756,
        -0.0005810422007925,
        -0.001248929882422,
        -0.0017338700126856,
        -0.0017899139784276,
        0.0024936250410974,
        0.0044452748261392,
        0.0006544520147144,
        3.92748916056007e-05,
        0.00102533493191,
        -0.0012623877264559,
        -0.0016441772459074,
        -0.0033194520510733,
        0.0013132190797478,
        -0.0039151511155068,
        -0.001156426151283,
        0.0031147454865276,
        -0.0034310065675526,
        0.0007532236631959,
        8.5367399151437e-05,
        -0.0018962944159284,
        0.0020338599570095,
        0.0014270532410591,
        0.0012434484669938,
        0.0008847563294693,
        0.0016986374976113,
        0.0004568079893942,
        -0.000872979289852,
        0.0024352320469915,
        0.0001974991173483,
        0.0022851831745356,
        0.0011996059911325,
        3.92289402952883e-05
    ],
    "omega_next": [
        -1.3294929265976,
        -1.28191161155701,
        -1.16953778266907,
        -0.79457288980484,
        -0.214875385165215,
        -0.101573124527931,
        0.0232263188809156,
        0.0081168347969651,
        0.0026900579687207,
        0.001116732135415,
        0.0005316671449691,
        0.0008339959895238,
        0.0022548355627805,
        -0.0041123363189399,
        0.0011004384141415,
        0.0009029718348756,
        -0.0005810422007925,
        -0.001248929882422,
        -0.0017338700126856,
        -0.0017899139784276,
        0.0024936250410974,
        0.0044452748261392,
        0.0006544520147144,
        3.92748916056007e-05,
        0.00102533493191,
        -0.0012623877264559,
        -0.0016441772459074,
        -0.0033194520510733,
        0.0013132190797478,
        -0.0039151511155068,
        -0.001156426151283,
        0.0031147454865276,
        -0.0034310065675526,
        0.0007532236631959,
        8.5367399151437e-05,
        -0.0018962944159284,
        0.0020338599570095,
        0.0014270532410591,
        0.0012434484669938,
        0.0008847563294693,
        0.0016986374976113,
        0.0004568079893942,
        -0.000872979289852,
        0.0024352320469915,
        0.0001974991173483,
        0.0022851831745356,
        0.0011996059911325,
        3.92289402952883e-05,
        -0.0015827709576115
    ],
    "phiDotL": [
        -3.3313143549364024,
        -3.3918837068443373,
        -4.48213204118716,
        -2.5439127801332524,
        -0.6056935190793459,
        0.0,
        0.0,
        0.0,
        0.0,
        0.0,
        0.0,
        0.0,
        0.0,
        0.0,
        0.0,
        0.0,
        0.0,
        0.0,
        0.0,
        0.0,
        0.0,
        0.0,
        0.0,
        0.0,
        0.0,
        0.0,
        0.0,
        0.0,
        0.0,
        0.0,
        0.0,
        0.0,
        0.0,
        0.0,
        0.0,
        0.0,
        0.0,
        0.0,
        0.0,
        0.0,
        0.0,
        0.0,
        0.0,
        0.0,
        0.0,
        0.0,
        0.0,
        0.0,
        0.0
    ],
    "phiDotR": [
        6.0569351907934585,
        6.0569351907934585,
        4.48213204118716,
        2.5439127801332524,
        0.6056935190793459,
        0.0,
        0.0,
        0.0,
        0.0,
        0.0,
        0.0,
        0.0,
        0.0,
        0.0,
        0.0,
        0.0,
        0.0,
        0.0,
        0.0,
        0.0,
        0.0,
        0.0,
        0.0,
        0.0,
        0.0,
        0.0,
        0.0,
        0.0,
        0.0,
        0.0,
        0.0,
        0.0,
        0.0,
        0.0,
        0.0,
        0.0,
        0.0,
        0.0,
        0.0,
        0.0,
        0.0,
        0.0,
        0.0,
        0.0,
        0.0,
        0.0,
        0.0,
        0.0,
        0.0
    ]
}