{
    "segment_index": 1666,
    "A": 0.15833863765249778,
    "B1": 0.0,
    "B2": 0.0,
    "omega": [
        -0.001140093198046,
        0.000185729979421,
        0.0006789579056203,
        0.0015196781605482,
        -0.0038445512764155,
        0.0021293631289154,
        0.0006632774602621,
        0.0009952388936653,
        0.0012247740523889,
        -0.0001316295965807,
        -0.0005999104469083,
        -0.0006420791032724,
        -0.002732623135671,
        0.0046679587103426,
        0.0003237575292587,
        0.0006621805368922,
        0.0029383527580648,
        0.0004324704059399,
        0.0014395820908248,
        0.0018424375448375,
        0.0002526884200051,
        0.0018098688451573,
        -0.0011971162166446,
        0.000565935508348,
        0.0026592931244522,
        0.0030758923385292,
        0.0011312891729176,
        0.0008637083228677,
        0.003340097842738,
        -8.86315101524815e-05,
        -0.001597647788003,
        -0.002546361181885,
        -0.0002184548357035,
        0.0008110014605335,
        0.001355001470074,
        0.0020026005804538,
        0.0010707575129345,
        0.0035539942327886,
        -0.0036913626827299,
        -0.0012233660090714,
        0.0003997084277216,
        0.0001143492409028,
        0.0023363481741398,
        -0.000542479683645,
        -0.0007867182139307,
        0.0021702861413359,
        0.0029372237622737,
        0.0040855375118553,
        0.0021357631776481
    ],
    "omega_next": [
        0.000185729979421,
        0.0006789579056203,
        0.0015196781605482,
        -0.0038445512764155,
        0.0021293631289154,
        0.0006632774602621,
        0.0009952388936653,
        0.0012247740523889,
        -0.0001316295965807,
        -0.0005999104469083,
        -0.0006420791032724,
        -0.002732623135671,
        0.0046679587103426,
        0.0003237575292587,
        0.0006621805368922,
        0.0029383527580648,
        0.0004324704059399,
        0.0014395820908248,
        0.0018424375448375,
        0.0002526884200051,
        0.0018098688451573,
        -0.0011971162166446,
        0.000565935508348,
        0.0026592931244522,
        0.0030758923385292,
        0.0011312891729176,
        0.0008637083228677,
        0.003340097842738,
        -8.86315101524815e-05,
        -0.001597647788003,
        -0.002546361181885,
        -0.0002184548357035,
        0.0008110014605335,
        0.001355001470074,
        0.0020026005804538,
        0.0010707575129345,
        0.0035539942327886,
        -0.0036913626827299,
        -0.0012233660090714,
        0.0003997084277216,
        0.0001143492409028,
        0.0023363481741398,
        -0.000542479683645,
        -0.0007867182139307,
        0.0021702861413359,
        0.0029372237622737,
        0.0040855375118553,
        0.0021357631776481,
        -0.0010827407240867
    ],
    "phiDotL": [
        0.0,
        0.0,
        0.0,
        0.0,
        0.0,
        0.0,
        0.0,
        0.0,
        0.0,
        0.0,
        0.0,
        0.0,
        0.0,
        0.0,
        0.0,
        0.0,
        0.0,
        0.0,
        0.0,
        0.0,
        0.0,
        0.0,
        0.0,
        0.0,
        0.0,
        0.0,
        0.0,
        0.0,
        0.0,
        0.0,
        0.0,
        0.0,
        0.0,
        0.0,
        0.0,
        0.0,
        0.0,
        0.0,
        0.0,
        0.0,
        0.0,
        0.0,
        0.0,
        0.0,
        0.0,
        0.0,
        0.0,
        0.0,
        0.0
    ],
    "phiDotR": [
        0.0,
        0.0,
        0.0,
        0.0,
        0.0,
        0.0,
        0.0,
        0.0,
        0.0,
        0.0,
        0.0,
        0.0,
        0.0,
        0.0,
        0.0,
        0.0,
        0.0,
        0.0,
        0.0,
        0.0,
        0.0,
        0.0,
        0.0,
        0.0,
        0.0,
        0.0,
        0.0,
        0.0,
        0.0,
        0.0,
        0.0,
        0.0,
        0.0,
        0.0,
        0.0,
        0.0,
        0.0,
        0.0,
        0.0,
        0.0,
        0.0,
        0.0,
        0.0,
        0.0,
        0.0,
        0.0,
        0.0,
        0.0,
        0.0
    ]
}