{
    "segment_index": 300,
    "A": -0.5947924897282195,
    "B1": 0.45186065900318145,
    "B2": 0.07307727306057135,
    "omega": [
        1.5103086233139,
        1.47164809703827,
        1.53073668479919,
        1.52616477012634,
        1.53929340839386,
        1.56310307979584,
        1.5448762178421,
        1.51185619831085,
        1.47952389717102,
        1.45392417907715,
        1.4352753162384,
        1.44466543197632,
        1.44992434978485,
        1.32230150699615,
        1.01398873329163,
        0.209244802594185,
        -0.0676253512501717,
        -0.019501056522131,
        -0.0089545836672186,
        -0.004663273692131,
        -0.0015982231125235,
        0.0003427011542953,
        0.0011420766822993,
        1.39841285999864e-05,
        1.17032323032618e-06,
        0.0010098135098815,
        0.0012465259060263,
        -0.0004519328358583,
        -0.000787655415479,
        -0.0002951978822238,
        -0.0011747682001441,
        0.0002743243821896,
        0.001465285429731,
        0.0045636710710823,
        0.0001365128264296,
        0.0008930841577239,
        0.0014352051075547,
        0.0027821734547615,
        0.0016347145428881,
        0.0013476940803229,
        -0.0001403917558491,
        -0.0022677187807858,
        0.0025116244796663,
        0.0037938021123409,
        0.0012741868849843,
        0.0017700431635603,
        0.0012841366697102,
        -0.0034275278449058,
        0.0020818733610212
    ],
    "omega_next": [
        1.47164809703827,
        1.53073668479919,
        1.52616477012634,
        1.53929340839386,
        1.56310307979584,
        1.5448762178421,
        1.51185619831085,
        1.47952389717102,
        1.45392417907715,
        1.4352753162384,
        1.44466543197632,
        1.44992434978485,
        1.32230150699615,
        1.01398873329163,
        0.209244802594185,
        -0.0676253512501717,
        -0.019501056522131,
        -0.0089545836672186,
        -0.004663273692131,
        -0.0015982231125235,
        0.0003427011542953,
        0.0011420766822993,
        1.39841285999864e-05,
        1.17032323032618e-06,
        0.0010098135098815,
        0.0012465259060263,
        -0.0004519328358583,
        -0.000787655415479,
        -0.0002951978822238,
        -0.0011747682001441,
        0.0002743243821896,
        0.001465285429731,
        0.0045636710710823,
        0.0001365128264296,
        0.0008930841577239,
        0.0014352051075547,
        0.0027821734547615,
        0.0016347145428881,
        0.0013476940803229,
        -0.0001403917558491,
        -0.0022677187807858,
        0.0025116244796663,
        0.0037938021123409,
        0.0012741868849843,
        0.0017700431635603,
        0.0012841366697102,
        -0.0034275278449058,
        0.0020818733610212,
        -0.0012330110184848
    ],
    "phiDotL": [
        6.0569351907934585,
        6.0569351907934585,
        6.0569351907934585,
        6.0569351907934585,
        6.0569351907934585,
        5.996365838885524,
        6.0569351907934585,
        6.0569351907934585,
        6.0569351907934585,
        6.0569351907934585,
        6.0569351907934585,
        6.0569351907934585,
        6.0569351907934585,
        4.48213204118716,
        2.5439127801332524,
        0.6056935190793459,
        0.0,
        0.0,
        0.0,
        0.0,
        0.0,
        0.0,
        0.0,
        0.0,
        0.0,
        0.0,
        0.0,
        0.0,
        0.0,
        0.0,
        0.0,
        0.0,
        0.0,
        0.0,
        0.0,
        0.0,
        0.0,
        0.0,
        0.0,
        0.0,
        0.0,
        0.0,
        0.0,
        0.0,
        0.0,
        0.0,
        0.0,
        0.0,
        0.0
    ],
    "phiDotR": [
        -4.906117504542702,
        -4.906117504542702,
        -4.966686856450636,
        -4.966686856450636,
        -4.966686856450636,
        -4.966686856450636,
        -4.966686856450636,
        -4.966686856450636,
        -4.966686856450636,
        -4.966686856450636,
        -4.966686856450636,
        -4.966686856450636,
        -4.966686856450636,
        -4.48213204118716,
        -2.5439127801332524,
        -0.6056935190793459,
        0.0,
        0.0,
        0.0,
        0.0,
        0.0,
        0.0,
        0.0,
        0.0,
        0.0,
        0.0,
        0.0,
        0.0,
        0.0,
        0.0,
        0.0,
        0.0,
        0.0,
        0.0,
        0.0,
        0.0,
        0.0,
        0.0,
        0.0,
        0.0,
        0.0,
        0.0,
        0.0,
        0.0,
        0.0,
        0.0,
        0.0,
        0.0,
        0.0
    ]
}