{
    "segment_index": 1684,
    "A": 0.3068635509591152,
    "B1": 0.0,
    "B2": 0.0,
    "omega": [
        0.0014395820908248,
        0.0018424375448375,
        0.0002526884200051,
        0.0018098688451573,
        -0.0011971162166446,
        0.000565935508348,
        0.0026592931244522,
        0.0030758923385292,
        0.0011312891729176,
        0.0008637083228677,
        0.003340097842738,
        -8.86315101524815e-05,
        -0.001597647788003,
        -0.002546361181885,
        -0.0002184548357035,
        0.0008110014605335,
        0.001355001470074,
        0.0020026005804538,
        0.0010707575129345,
        0.0035539942327886,
        -0.0036913626827299,
        -0.0012233660090714,
        0.0003997084277216,
        0.0001143492409028,
        0.0023363481741398,
        -0.000542479683645,
        -0.0007867182139307,
        0.0021702861413359,
        0.0029372237622737,
        0.0040855375118553,
        0.0021357631776481,
        -0.0010827407240867,
        -0.0007201695116236,
        0.0012472525704652,
        -0.0001051105427904,
        0.0025349806528538,
        0.0017780638299882,
        -0.0004450193664524,
        0.0017407474806532,
        -0.0005724777001887,
        0.0017600647406652,
        0.0001894483866635,
        -0.003377788234502,
        -0.0027846121229231,
        0.0016998235369101,
        -0.0005381577066145,
        -0.0002890801115427,
        -0.0013517875922843,
        -0.0007782275206409
    ],
    "omega_next": [
        0.0018424375448375,
        0.0002526884200051,
        0.0018098688451573,
        -0.0011971162166446,
        0.000565935508348,
        0.0026592931244522,
        0.0030758923385292,
        0.0011312891729176,
        0.0008637083228677,
        0.003340097842738,
        -8.86315101524815e-05,
        -0.001597647788003,
        -0.002546361181885,
        -0.0002184548357035,
        0.0008110014605335,
        0.001355001470074,
        0.0020026005804538,
        0.0010707575129345,
        0.0035539942327886,
        -0.0036913626827299,
        -0.0012233660090714,
        0.0003997084277216,
        0.0001143492409028,
        0.0023363481741398,
        -0.000542479683645,
        -0.0007867182139307,
        0.0021702861413359,
        0.0029372237622737,
        0.0040855375118553,
        0.0021357631776481,
        -0.0010827407240867,
        -0.0007201695116236,
        0.0012472525704652,
        -0.0001051105427904,
        0.0025349806528538,
        0.0017780638299882,
        -0.0004450193664524,
        0.0017407474806532,
        -0.0005724777001887,
        0.0017600647406652,
        0.0001894483866635,
        -0.003377788234502,
        -0.0027846121229231,
        0.0016998235369101,
        -0.0005381577066145,
        -0.0002890801115427,
        -0.0013517875922843,
        -0.0007782275206409,
        -0.0019466407829895
    ],
    "phiDotL": [
        0.0,
        0.0,
        0.0,
        0.0,
        0.0,
        0.0,
        0.0,
        0.0,
        0.0,
        0.0,
        0.0,
        0.0,
        0.0,
        0.0,
        0.0,
        0.0,
        0.0,
        0.0,
        0.0,
        0.0,
        0.0,
        0.0,
        0.0,
        0.0,
        0.0,
        0.0,
        0.0,
        0.0,
        0.0,
        0.0,
        0.0,
        0.0,
        0.0,
        0.0,
        0.0,
        0.0,
        0.0,
        0.0,
        0.0,
        0.0,
        0.0,
        0.0,
        0.0,
        0.0,
        0.0,
        0.0,
        0.0,
        0.0,
        0.0
    ],
    "phiDotR": [
        0.0,
        0.0,
        0.0,
        0.0,
        0.0,
        0.0,
        0.0,
        0.0,
        0.0,
        0.0,
        0.0,
        0.0,
        0.0,
        0.0,
        0.0,
        0.0,
        0.0,
        0.0,
        0.0,
        0.0,
        0.0,
        0.0,
        0.0,
        0.0,
        0.0,
        0.0,
        0.0,
        0.0,
        0.0,
        0.0,
        0.0,
        0.0,
        0.0,
        0.0,
        0.0,
        0.0,
        0.0,
        0.0,
        0.0,
        0.0,
        0.0,
        0.0,
        0.0,
        0.0,
        0.0,
        0.0,
        0.0,
        0.0,
        0.0
    ]
}