{
    "segment_index": 926,
    "A": 0.6782635568231739,
    "B1": -0.29299873482736044,
    "B2": -0.2626633481676541,
    "omega": [
        -1.33399379253387,
        -1.31205034255981,
        -1.2957763671875,
        -1.25279176235199,
        -1.2871310710907,
        -1.32186055183411,
        -1.32236194610596,
        -1.28897333145142,
        -1.28932654857635,
        -1.26677906513214,
        -1.27280128002167,
        -1.29761183261871,
        -1.30129885673523,
        -1.33836495876312,
        -1.31902194023132,
        -1.3449399471283,
        -1.39800834655762,
        -1.42588579654694,
        -1.4665732383728,
        -1.41439533233643,
        -1.42676913738251,
        -1.40708756446838,
        -1.39373552799225,
        -1.3824987411499,
        -1.39142620563507,
        -1.38320779800415,
        -1.42135906219482,
        -1.40915858745575,
        -1.39191710948944,
        -1.36636257171631,
        -1.34448635578156,
        -1.37648093700409,
        -1.38132631778717,
        -1.36699688434601,
        -1.36279773712158,
        -1.39219403266907,
        -1.40071392059326,
        -1.30744183063507,
        -0.784945726394653,
        -0.265212118625641,
        0.0580610819160938,
        0.0125668710097671,
        0.0031923460774123,
        0.0047174026258289,
        0.0011243650224059,
        -0.0038457820191979,
        0.0042365109547972,
        -0.000683462829329,
        -0.00295180385001
    ],
    "omega_next": [
        -1.31205034255981,
        -1.2957763671875,
        -1.25279176235199,
        -1.2871310710907,
        -1.32186055183411,
        -1.32236194610596,
        -1.28897333145142,
        -1.28932654857635,
        -1.26677906513214,
        -1.27280128002167,
        -1.29761183261871,
        -1.30129885673523,
        -1.33836495876312,
        -1.31902194023132,
        -1.3449399471283,
        -1.39800834655762,
        -1.42588579654694,
        -1.4665732383728,
        -1.41439533233643,
        -1.42676913738251,
        -1.40708756446838,
        -1.39373552799225,
        -1.3824987411499,
        -1.39142620563507,
        -1.38320779800415,
        -1.42135906219482,
        -1.40915858745575,
        -1.39191710948944,
        -1.36636257171631,
        -1.34448635578156,
        -1.37648093700409,
        -1.38132631778717,
        -1.36699688434601,
        -1.36279773712158,
        -1.39219403266907,
        -1.40071392059326,
        -1.30744183063507,
        -0.784945726394653,
        -0.265212118625641,
        0.0580610819160938,
        0.0125668710097671,
        0.0031923460774123,
        0.0047174026258289,
        0.0011243650224059,
        -0.0038457820191979,
        0.0042365109547972,
        -0.000683462829329,
        -0.00295180385001,
        -0.0026883003301918
    ],
    "phiDotL": [
        -3.755299818291944,
        -3.755299818291944,
        -3.815869170199879,
        -3.815869170199879,
        -3.815869170199879,
        -3.815869170199879,
        -3.815869170199879,
        -3.815869170199879,
        -3.8764385221078137,
        -3.8764385221078137,
        -3.8764385221078137,
        -3.8764385221078137,
        -3.8764385221078137,
        -3.8764385221078137,
        -3.937007874015748,
        -3.937007874015748,
        -3.937007874015748,
        -3.937007874015748,
        -3.937007874015748,
        -3.937007874015748,
        -3.997577225923683,
        -3.997577225923683,
        -3.997577225923683,
        -3.997577225923683,
        -3.997577225923683,
        -3.997577225923683,
        -3.997577225923683,
        -4.058146577831618,
        -4.058146577831618,
        -4.058146577831618,
        -4.058146577831618,
        -4.058146577831618,
        -4.058146577831618,
        -4.058146577831618,
        -4.118715929739552,
        -4.118715929739552,
        -4.118715929739552,
        -4.48213204118716,
        -2.5439127801332524,
        -0.6056935190793459,
        0.0,
        0.0,
        0.0,
        0.0,
        0.0,
        0.0,
        0.0,
        0.0,
        0.0
    ],
    "phiDotR": [
        6.0569351907934585,
        6.0569351907934585,
        6.0569351907934585,
        6.0569351907934585,
        6.0569351907934585,
        6.0569351907934585,
        6.0569351907934585,
        6.0569351907934585,
        6.0569351907934585,
        6.0569351907934585,
        6.0569351907934585,
        6.0569351907934585,
        6.0569351907934585,
        6.0569351907934585,
        6.0569351907934585,
        6.0569351907934585,
        5.996365838885524,
        6.0569351907934585,
        6.0569351907934585,
        6.0569351907934585,
        6.0569351907934585,
        6.0569351907934585,
        6.0569351907934585,
        6.0569351907934585,
        6.0569351907934585,
        6.0569351907934585,
        6.0569351907934585,
        5.996365838885524,
        6.0569351907934585,
        6.0569351907934585,
        6.0569351907934585,
        6.0569351907934585,
        6.0569351907934585,
        6.0569351907934585,
        5.996365838885524,
        6.0569351907934585,
        6.0569351907934585,
        4.48213204118716,
        2.5439127801332524,
        0.6056935190793459,
        0.0,
        0.0,
        0.0,
        0.0,
        0.0,
        0.0,
        0.0,
        0.0,
        0.0
    ]
}