{
    "segment_index": 183,
    "A": 0.7779406509940673,
    "B1": 0.031006971245779738,
    "B2": -0.04148677514609102,
    "omega": [
        0.642229020595551,
        0.569295346736908,
        0.616176247596741,
        0.60952091217041,
        0.633922040462494,
        0.716900289058685,
        0.710693418979645,
        0.69653594493866,
        0.710009157657623,
        0.740953385829926,
        0.603115558624268,
        0.681784331798553,
        0.693695902824402,
        0.756212770938873,
        0.757970213890076,
        0.815989375114441,
        0.895366251468658,
        0.997934997081757,
        0.906586289405823,
        0.788501501083374,
        0.786477446556091,
        0.809386968612671,
        0.788424551486969,
        0.83171135187149,
        0.850002348423004,
        0.927768886089325,
        1.03707468509674,
        0.977406620979309,
        1.02735269069672,
        1.14435613155365,
        1.15880751609802,
        1.20966970920563,
        1.19108974933624,
        1.16642105579376,
        1.08028149604797,
        1.00252449512482,
        1.0480043888092,
        1.07135272026062,
        1.08769643306732,
        1.31654262542725,
        1.23295629024506,
        1.09905588626862,
        1.01180982589722,
        0.930481612682343,
        0.893457472324371,
        0.971103250980377,
        1.04847586154938,
        1.02125144004822,
        1.11603367328644
    ],
    "omega_next": [
        0.569295346736908,
        0.616176247596741,
        0.60952091217041,
        0.633922040462494,
        0.716900289058685,
        0.710693418979645,
        0.69653594493866,
        0.710009157657623,
        0.740953385829926,
        0.603115558624268,
        0.681784331798553,
        0.693695902824402,
        0.756212770938873,
        0.757970213890076,
        0.815989375114441,
        0.895366251468658,
        0.997934997081757,
        0.906586289405823,
        0.788501501083374,
        0.786477446556091,
        0.809386968612671,
        0.788424551486969,
        0.83171135187149,
        0.850002348423004,
        0.927768886089325,
        1.03707468509674,
        0.977406620979309,
        1.02735269069672,
        1.14435613155365,
        1.15880751609802,
        1.20966970920563,
        1.19108974933624,
        1.16642105579376,
        1.08028149604797,
        1.00252449512482,
        1.0480043888092,
        1.07135272026062,
        1.08769643306732,
        1.31654262542725,
        1.23295629024506,
        1.09905588626862,
        1.01180982589722,
        0.930481612682343,
        0.893457472324371,
        0.971103250980377,
        1.04847586154938,
        1.02125144004822,
        1.11603367328644,
        1.16939651966095
    ],
    "phiDotL": [
        2.846759539672925,
        2.846759539672925,
        2.90732889158086,
        2.967898243488795,
        2.967898243488795,
        3.0284675953967293,
        3.0284675953967293,
        3.089036947304664,
        3.089036947304664,
        3.1496062992125986,
        3.1496062992125986,
        3.210175651120533,
        3.210175651120533,
        3.270745003028468,
        3.270745003028468,
        3.3313143549364024,
        3.3918837068443373,
        3.3918837068443373,
        3.3918837068443373,
        3.3918837068443373,
        3.4524530587522717,
        3.4524530587522717,
        3.5735917625681406,
        3.5735917625681406,
        3.634161114476075,
        3.634161114476075,
        3.6947304663840095,
        3.6947304663840095,
        3.755299818291944,
        3.755299818291944,
        3.815869170199879,
        3.8764385221078137,
        3.8764385221078137,
        3.937007874015748,
        3.937007874015748,
        3.997577225923683,
        3.997577225923683,
        4.058146577831618,
        4.058146577831618,
        4.118715929739552,
        4.118715929739552,
        4.179285281647486,
        4.179285281647486,
        4.239854633555421,
        4.300423985463356,
        4.300423985463356,
        4.36099333737129,
        4.36099333737129,
        4.421562689279225
    ],
    "phiDotR": [
        -1.635372501514234,
        -1.635372501514234,
        -1.6959418534221686,
        -1.6959418534221686,
        -1.6959418534221686,
        -1.8170805572380373,
        -1.8170805572380373,
        -1.877649909145972,
        -1.877649909145972,
        -1.9382192610539069,
        -1.9382192610539069,
        -1.9987886129618413,
        -1.9987886129618413,
        -2.059357964869776,
        -2.059357964869776,
        -2.1199273167777104,
        -2.180496668685645,
        -2.180496668685645,
        -2.24106602059358,
        -2.24106602059358,
        -2.301635372501514,
        -2.301635372501514,
        -2.362204724409449,
        -2.362204724409449,
        -2.4227740763173835,
        -2.4227740763173835,
        -2.483343428225318,
        -2.483343428225318,
        -2.5439127801332524,
        -2.5439127801332524,
        -2.6044821320411877,
        -2.6650514839491217,
        -2.6650514839491217,
        -2.7256208358570566,
        -2.7256208358570566,
        -2.786190187764991,
        -2.786190187764991,
        -2.846759539672925,
        -2.846759539672925,
        -2.90732889158086,
        -2.90732889158086,
        -2.967898243488795,
        -2.967898243488795,
        -3.0284675953967293,
        -3.089036947304664,
        -3.089036947304664,
        -3.1496062992125986,
        -3.1496062992125986,
        -3.210175651120533
    ]
}