{
    "segment_index": 1539,
    "A": 0.8672814573136722,
    "B1": -0.07993485444013845,
    "B2": -0.06571024115676795,
    "omega": [
        -1.03477096557617,
        -1.07931876182556,
        -1.1309005022049,
        -1.20514714717865,
        -1.23568379878998,
        -1.27501428127289,
        -1.24786937236786,
        -1.24786937236786,
        -1.25520408153534,
        -1.23519277572632,
        -1.2321902513504,
        -1.24618852138519,
        -1.23385655879974,
        -1.2255722284317,
        -1.2326192855835,
        -1.25789642333984,
        -1.21259367465973,
        -1.20103859901428,
        -1.19998395442963,
        -1.19998395442963,
        -1.23204863071442,
        -1.28800225257874,
        -1.32318842411041,
        -1.2824764251709,
        -1.23276424407959,
        -1.27363431453705,
        -1.22658002376556,
        -1.21503055095673,
        -1.21296012401581,
        -1.21660304069519,
        -1.20860016345978,
        -1.18864130973816,
        -1.18002772331238,
        -1.25610649585724,
        -1.25641191005707,
        -1.25116777420044,
        -1.26122999191284,
        -1.20255410671234,
        -1.17442381381989,
        -1.16001963615417,
        -1.19345486164093,
        -1.21028852462769,
        -1.22855257987976,
        -1.17839765548706,
        -1.13660776615143,
        -1.16552686691284,
        -1.1186238527298,
        -1.0514976978302,
        -0.991969585418701
    ],
    "omega_next": [
        -1.07931876182556,
        -1.1309005022049,
        -1.20514714717865,
        -1.23568379878998,
        -1.27501428127289,
        -1.24786937236786,
        -1.24786937236786,
        -1.25520408153534,
        -1.23519277572632,
        -1.2321902513504,
        -1.24618852138519,
        -1.23385655879974,
        -1.2255722284317,
        -1.2326192855835,
        -1.25789642333984,
        -1.21259367465973,
        -1.20103859901428,
        -1.19998395442963,
        -1.19998395442963,
        -1.23204863071442,
        -1.28800225257874,
        -1.32318842411041,
        -1.2824764251709,
        -1.23276424407959,
        -1.27363431453705,
        -1.22658002376556,
        -1.21503055095673,
        -1.21296012401581,
        -1.21660304069519,
        -1.20860016345978,
        -1.18864130973816,
        -1.18002772331238,
        -1.25610649585724,
        -1.25641191005707,
        -1.25116777420044,
        -1.26122999191284,
        -1.20255410671234,
        -1.17442381381989,
        -1.16001963615417,
        -1.19345486164093,
        -1.21028852462769,
        -1.22855257987976,
        -1.17839765548706,
        -1.13660776615143,
        -1.16552686691284,
        -1.1186238527298,
        -1.0514976978302,
        -0.991969585418701,
        -0.976480007171631
    ],
    "phiDotL": [
        -2.6044821320411877,
        -2.6650514839491217,
        -2.6650514839491217,
        -2.6650514839491217,
        -2.7256208358570566,
        -2.7256208358570566,
        -2.7256208358570566,
        -2.7256208358570566,
        -2.786190187764991,
        -2.786190187764991,
        -2.786190187764991,
        -2.786190187764991,
        -2.846759539672925,
        -2.846759539672925,
        -2.846759539672925,
        -2.846759539672925,
        -2.90732889158086,
        -2.90732889158086,
        -2.90732889158086,
        -2.90732889158086,
        -2.967898243488795,
        -2.967898243488795,
        -2.967898243488795,
        -2.967898243488795,
        -2.967898243488795,
        -3.0284675953967293,
        -3.0284675953967293,
        -3.0284675953967293,
        -3.0284675953967293,
        -3.089036947304664,
        -3.089036947304664,
        -3.089036947304664,
        -3.089036947304664,
        -3.089036947304664,
        -3.1496062992125986,
        -3.1496062992125986,
        -3.1496062992125986,
        -3.1496062992125986,
        -3.1496062992125986,
        -3.210175651120533,
        -3.210175651120533,
        -3.210175651120533,
        -3.210175651120533,
        -3.210175651120533,
        -3.270745003028468,
        -3.270745003028468,
        -3.270745003028468,
        -3.270745003028468,
        -3.270745003028468
    ],
    "phiDotR": [
        6.0569351907934585,
        6.0569351907934585,
        6.0569351907934585,
        6.0569351907934585,
        6.0569351907934585,
        6.0569351907934585,
        6.0569351907934585,
        6.0569351907934585,
        6.0569351907934585,
        6.0569351907934585,
        6.0569351907934585,
        6.0569351907934585,
        6.0569351907934585,
        6.0569351907934585,
        6.0569351907934585,
        6.0569351907934585,
        6.0569351907934585,
        6.0569351907934585,
        5.996365838885524,
        6.0569351907934585,
        6.0569351907934585,
        6.0569351907934585,
        5.996365838885524,
        6.0569351907934585,
        5.996365838885524,
        6.0569351907934585,
        6.0569351907934585,
        6.0569351907934585,
        6.0569351907934585,
        6.0569351907934585,
        6.0569351907934585,
        5.996365838885524,
        6.0569351907934585,
        6.0569351907934585,
        6.0569351907934585,
        6.0569351907934585,
        5.996365838885524,
        5.996365838885524,
        6.0569351907934585,
        6.0569351907934585,
        6.0569351907934585,
        6.0569351907934585,
        5.996365838885524,
        6.0569351907934585,
        6.0569351907934585,
        6.0569351907934585,
        6.0569351907934585,
        6.0569351907934585,
        6.0569351907934585
    ]
}