{
    "segment_index": 1768,
    "A": -0.4687433844838494,
    "B1": 0.18520553470884374,
    "B2": -0.17880884764568292,
    "omega": [
        0.0016765961190685,
        -0.0015558503801003,
        0.0004068301059305,
        -0.0022741376888006,
        0.0014695686986669,
        -0.0012559345923364,
        0.0026601199060678,
        -0.0006379629485309,
        -0.0025843624025583,
        0.0004403450293466,
        -0.0013552310410887,
        0.0009823396103456,
        -0.0023817883338779,
        -0.0008694471907801,
        -0.0004214941873215,
        0.0017771392595022,
        0.0052455514669418,
        0.0052455514669418,
        6.23577943770215e-06,
        0.0039823250845074,
        -0.0013924672966823,
        -0.0019485588418319,
        0.0011518580140546,
        -0.0011014954652637,
        -0.0011014954652637,
        0.0018543773330748,
        0.0018891660729423,
        0.0018891660729423,
        -0.0016097332118079,
        0.0022687357850372,
        -0.000681480509229,
        -0.0010696435347199,
        0.0016193662304431,
        0.0016456479206681,
        0.0016456479206681,
        0.0002226586220785,
        0.0004675419186241,
        0.0005202703177928,
        -0.0014342304784804,
        0.121987603604794,
        -0.0303821843117476,
        0.0335519388318062,
        0.0300481878221035,
        0.0661390647292137,
        0.0661390647292137,
        0.0654009357094765,
        0.078029178082943,
        0.101102009415627,
        0.0887216180562973
    ],
    "omega_next": [
        -0.0015558503801003,
        0.0004068301059305,
        -0.0022741376888006,
        0.0014695686986669,
        -0.0012559345923364,
        0.0026601199060678,
        -0.0006379629485309,
        -0.0025843624025583,
        0.0004403450293466,
        -0.0013552310410887,
        0.0009823396103456,
        -0.0023817883338779,
        -0.0008694471907801,
        -0.0004214941873215,
        0.0017771392595022,
        0.0052455514669418,
        0.0052455514669418,
        6.23577943770215e-06,
        0.0039823250845074,
        -0.0013924672966823,
        -0.0019485588418319,
        0.0011518580140546,
        -0.0011014954652637,
        -0.0011014954652637,
        0.0018543773330748,
        0.0018891660729423,
        0.0018891660729423,
        -0.0016097332118079,
        0.0022687357850372,
        -0.000681480509229,
        -0.0010696435347199,
        0.0016193662304431,
        0.0016456479206681,
        0.0016456479206681,
        0.0002226586220785,
        0.0004675419186241,
        0.0005202703177928,
        -0.0014342304784804,
        0.121987603604794,
        -0.0303821843117476,
        0.0335519388318062,
        0.0300481878221035,
        0.0661390647292137,
        0.0661390647292137,
        0.0654009357094765,
        0.078029178082943,
        0.101102009415627,
        0.0887216180562973,
        0.129690408706665
    ],
    "phiDotL": [
        0.0,
        0.0,
        0.0,
        0.0,
        0.0,
        0.0,
        0.0,
        0.0,
        0.0,
        0.0,
        0.0,
        0.0,
        0.0,
        0.0,
        0.0,
        0.0,
        0.0,
        0.0,
        0.0,
        0.0,
        0.0,
        0.0,
        0.0,
        0.0,
        0.0,
        0.0,
        0.0,
        0.0,
        0.0,
        0.0,
        0.0,
        0.0,
        0.0,
        0.0,
        0.0,
        0.0,
        0.0,
        0.0,
        1.877649909145972,
        1.877649909145972,
        1.9382192610539069,
        1.9382192610539069,
        1.9987886129618413,
        1.9987886129618413,
        2.059357964869776,
        2.059357964869776,
        2.1199273167777104,
        2.1199273167777104,
        2.180496668685645
    ],
    "phiDotR": [
        0.0,
        0.0,
        0.0,
        0.0,
        0.0,
        0.0,
        0.0,
        0.0,
        0.0,
        0.0,
        0.0,
        0.0,
        0.0,
        0.0,
        0.0,
        0.0,
        0.0,
        0.0,
        0.0,
        0.0,
        0.0,
        0.0,
        0.0,
        0.0,
        0.0,
        0.0,
        0.0,
        0.0,
        0.0,
        0.0,
        0.0,
        0.0,
        0.0,
        0.0,
        0.0,
        0.0,
        0.0,
        0.0,
        1.6959418534221686,
        1.6959418534221686,
        1.635372501514234,
        1.635372501514234,
        1.5748031496062993,
        1.5748031496062993,
        1.5142337976983646,
        1.5142337976983646,
        1.45366444579043,
        1.45366444579043,
        1.3930950938824955
    ]
}