{
    "segment_index": 2404,
    "A": -0.4197748264555277,
    "B1": 0.35782610184445013,
    "B2": -0.36852170121834493,
    "omega": [
        -0.0166840627789497,
        -0.0307617597281933,
        -0.0176327228546143,
        -0.0301837585866451,
        -0.0301837585866451,
        -0.0375657640397549,
        -0.0281272381544113,
        -0.0281272381544113,
        0.017630772665143,
        -0.034145787358284,
        0.0034808628261089,
        -0.0101681845262647,
        -0.00648233294487,
        0.0042303432710468,
        0.0028165783733129,
        0.0009467873023822,
        -0.0022358726710081,
        -0.0022358726710081,
        0.0031308848410844,
        0.0011008002329617,
        -0.0025566809345036,
        0.004563171416521,
        0.0734045207500458,
        -0.0124461026862264,
        -0.0027244763914495,
        0.0245783068239689,
        -0.0360124707221985,
        0.0031097915489226,
        9.05801425687969e-06,
        -0.0021658714395016,
        0.0035980860702693,
        -0.0018217909382656,
        -0.0022556171752512,
        0.0009753822232596,
        0.000223827897571,
        0.0045898514799773,
        0.0004989252774976,
        0.0027530544903129,
        -0.0003060255548916,
        0.0029561535920947,
        -0.0004715631366707,
        -0.0008077133097685,
        0.0019311207579448,
        -0.0001141817774623,
        -0.0005632456741295,
        0.0033269855193793,
        0.000857085629832,
        -0.0036280753556639,
        0.003594507696107
    ],
    "omega_next": [
        -0.0307617597281933,
        -0.0176327228546143,
        -0.0301837585866451,
        -0.0301837585866451,
        -0.0375657640397549,
        -0.0281272381544113,
        -0.0281272381544113,
        0.017630772665143,
        -0.034145787358284,
        0.0034808628261089,
        -0.0101681845262647,
        -0.00648233294487,
        0.0042303432710468,
        0.0028165783733129,
        0.0009467873023822,
        -0.0022358726710081,
        -0.0022358726710081,
        0.0031308848410844,
        0.0011008002329617,
        -0.0025566809345036,
        0.004563171416521,
        0.0734045207500458,
        -0.0124461026862264,
        -0.0027244763914495,
        0.0245783068239689,
        -0.0360124707221985,
        0.0031097915489226,
        9.05801425687969e-06,
        -0.0021658714395016,
        0.0035980860702693,
        -0.0018217909382656,
        -0.0022556171752512,
        0.0009753822232596,
        0.000223827897571,
        0.0045898514799773,
        0.0004989252774976,
        0.0027530544903129,
        -0.0003060255548916,
        0.0029561535920947,
        -0.0004715631366707,
        -0.0008077133097685,
        0.0019311207579448,
        -0.0001141817774623,
        -0.0005632456741295,
        0.0033269855193793,
        0.000857085629832,
        -0.0036280753556639,
        0.003594507696107,
        -9.61025507422164e-05
    ],
    "phiDotL": [
        -2.483343428225318,
        -2.483343428225318,
        -2.483343428225318,
        -2.483343428225318,
        -2.483343428225318,
        -2.483343428225318,
        -2.483343428225318,
        -0.5451241671714112,
        0.0,
        0.0,
        0.0,
        0.0,
        0.0,
        0.0,
        0.0,
        0.0,
        0.0,
        0.0,
        0.0,
        0.0,
        -1.8170805572380373,
        -2.4227740763173835,
        -2.4227740763173835,
        -2.4227740763173835,
        -0.5451241671714112,
        0.0,
        0.0,
        0.0,
        0.0,
        0.0,
        0.0,
        0.0,
        0.0,
        0.0,
        0.0,
        0.0,
        0.0,
        0.0,
        0.0,
        0.0,
        0.0,
        0.0,
        0.0,
        0.0,
        0.0,
        0.0,
        0.0,
        0.0,
        0.0
    ],
    "phiDotR": [
        -2.301635372501514,
        -2.301635372501514,
        -2.301635372501514,
        -2.301635372501514,
        -2.301635372501514,
        -2.301635372501514,
        -2.301635372501514,
        -0.5451241671714112,
        0.0,
        0.0,
        0.0,
        0.0,
        0.0,
        0.0,
        0.0,
        0.0,
        0.0,
        0.0,
        0.0,
        0.0,
        -1.8170805572380373,
        -2.4227740763173835,
        -2.4227740763173835,
        -2.4227740763173835,
        -0.5451241671714112,
        0.0,
        0.0,
        0.0,
        0.0,
        0.0,
        0.0,
        0.0,
        0.0,
        0.0,
        0.0,
        0.0,
        0.0,
        0.0,
        0.0,
        0.0,
        0.0,
        0.0,
        0.0,
        0.0,
        0.0,
        0.0,
        0.0,
        0.0,
        0.0
    ]
}