{
    "segment_index": 999,
    "A": 0.2160198897454956,
    "B1": 0.0,
    "B2": 0.0,
    "omega": [
        0.001731549622491,
        0.0022099923808127,
        -0.0006039561703801,
        -0.0017920571845024,
        0.0015573390992358,
        0.0042485133744776,
        0.0028740589041262,
        -0.001131075201556,
        0.0005698253517039,
        0.0026525433640927,
        -0.0012999160680919,
        0.0036008821334689,
        -0.0024460332933813,
        -0.0016157542122528,
        -0.0015298132784664,
        -0.0015298132784664,
        -0.0015298132784664,
        -0.0015298132784664,
        -0.0015298132784664,
        -0.0015298132784664,
        -0.0015298132784664,
        -0.0015298132784664,
        0.0037975867744535,
        0.002802865114063,
        0.0023303315974772,
        0.0003924269112758,
        0.0022480350453406,
        0.0020283309277147,
        0.0009880810976028,
        0.0011051922338083,
        -0.0020250307861715,
        0.0010542415548116,
        -0.0016117906197905,
        0.0020590859930962,
        -0.0013592611066997,
        0.0023531464394182,
        -0.001124030095525,
        -0.0028616599738597,
        -0.0036851316690444,
        0.0003866139159072,
        0.0033787582069635,
        0.0003649484715424,
        0.0031633991748094,
        0.0013528448762372,
        -0.0028717759996652,
        -0.0008105206070467,
        0.0026465801056474,
        0.0013263041619211,
        -0.0006695919437333
    ],
    "omega_next": [
        0.0022099923808127,
        -0.0006039561703801,
        -0.0017920571845024,
        0.0015573390992358,
        0.0042485133744776,
        0.0028740589041262,
        -0.001131075201556,
        0.0005698253517039,
        0.0026525433640927,
        -0.0012999160680919,
        0.0036008821334689,
        -0.0024460332933813,
        -0.0016157542122528,
        -0.0015298132784664,
        -0.0015298132784664,
        -0.0015298132784664,
        -0.0015298132784664,
        -0.0015298132784664,
        -0.0015298132784664,
        -0.0015298132784664,
        -0.0015298132784664,
        0.0037975867744535,
        0.002802865114063,
        0.0023303315974772,
        0.0003924269112758,
        0.0022480350453406,
        0.0020283309277147,
        0.0009880810976028,
        0.0011051922338083,
        -0.0020250307861715,
        0.0010542415548116,
        -0.0016117906197905,
        0.0020590859930962,
        -0.0013592611066997,
        0.0023531464394182,
        -0.001124030095525,
        -0.0028616599738597,
        -0.0036851316690444,
        0.0003866139159072,
        0.0033787582069635,
        0.0003649484715424,
        0.0031633991748094,
        0.0013528448762372,
        -0.0028717759996652,
        -0.0008105206070467,
        0.0026465801056474,
        0.0013263041619211,
        -0.0006695919437333,
        -0.0017168642953038
    ],
    "phiDotL": [
        0.0,
        0.0,
        0.0,
        0.0,
        0.0,
        0.0,
        0.0,
        0.0,
        0.0,
        0.0,
        0.0,
        0.0,
        0.0,
        0.0,
        0.0,
        0.0,
        0.0,
        0.0,
        0.0,
        0.0,
        0.0,
        0.0,
        0.0,
        0.0,
        0.0,
        0.0,
        0.0,
        0.0,
        0.0,
        0.0,
        0.0,
        0.0,
        0.0,
        0.0,
        0.0,
        0.0,
        0.0,
        0.0,
        0.0,
        0.0,
        0.0,
        0.0,
        0.0,
        0.0,
        0.0,
        0.0,
        0.0,
        0.0,
        0.0
    ],
    "phiDotR": [
        0.0,
        0.0,
        0.0,
        0.0,
        0.0,
        0.0,
        0.0,
        0.0,
        0.0,
        0.0,
        0.0,
        0.0,
        0.0,
        0.0,
        0.0,
        0.0,
        0.0,
        0.0,
        0.0,
        0.0,
        0.0,
        0.0,
        0.0,
        0.0,
        0.0,
        0.0,
        0.0,
        0.0,
        0.0,
        0.0,
        0.0,
        0.0,
        0.0,
        0.0,
        0.0,
        0.0,
        0.0,
        0.0,
        0.0,
        0.0,
        0.0,
        0.0,
        0.0,
        0.0,
        0.0,
        0.0,
        0.0,
        0.0,
        0.0
    ]
}