{
    "segment_index": 1522,
    "A": 0.8725990332648386,
    "B1": 0.018399876627179058,
    "B2": -0.016742007337616317,
    "omega": [
        -1.22389090061188,
        -1.17724072933197,
        -1.1784975528717,
        -1.19395792484283,
        -1.22180223464966,
        -1.21425223350525,
        -1.20761203765869,
        -1.19785404205322,
        -1.17415976524353,
        -1.15749061107635,
        -1.18938362598419,
        -1.1883145570755,
        -1.07016444206238,
        -1.02947676181793,
        -1.02947676181793,
        -1.01751935482025,
        -1.0205911397934,
        -1.03477096557617,
        -1.07931876182556,
        -1.1309005022049,
        -1.20514714717865,
        -1.23568379878998,
        -1.27501428127289,
        -1.24786937236786,
        -1.24786937236786,
        -1.25520408153534,
        -1.23519277572632,
        -1.2321902513504,
        -1.24618852138519,
        -1.23385655879974,
        -1.2255722284317,
        -1.2326192855835,
        -1.25789642333984,
        -1.21259367465973,
        -1.20103859901428,
        -1.19998395442963,
        -1.19998395442963,
        -1.23204863071442,
        -1.28800225257874,
        -1.32318842411041,
        -1.2824764251709,
        -1.23276424407959,
        -1.27363431453705,
        -1.22658002376556,
        -1.21503055095673,
        -1.21296012401581,
        -1.21660304069519,
        -1.20860016345978,
        -1.18864130973816
    ],
    "omega_next": [
        -1.17724072933197,
        -1.1784975528717,
        -1.19395792484283,
        -1.22180223464966,
        -1.21425223350525,
        -1.20761203765869,
        -1.19785404205322,
        -1.17415976524353,
        -1.15749061107635,
        -1.18938362598419,
        -1.1883145570755,
        -1.07016444206238,
        -1.02947676181793,
        -1.02947676181793,
        -1.01751935482025,
        -1.0205911397934,
        -1.03477096557617,
        -1.07931876182556,
        -1.1309005022049,
        -1.20514714717865,
        -1.23568379878998,
        -1.27501428127289,
        -1.24786937236786,
        -1.24786937236786,
        -1.25520408153534,
        -1.23519277572632,
        -1.2321902513504,
        -1.24618852138519,
        -1.23385655879974,
        -1.2255722284317,
        -1.2326192855835,
        -1.25789642333984,
        -1.21259367465973,
        -1.20103859901428,
        -1.19998395442963,
        -1.19998395442963,
        -1.23204863071442,
        -1.28800225257874,
        -1.32318842411041,
        -1.2824764251709,
        -1.23276424407959,
        -1.27363431453705,
        -1.22658002376556,
        -1.21503055095673,
        -1.21296012401581,
        -1.21660304069519,
        -1.20860016345978,
        -1.18864130973816,
        -1.18002772331238
    ],
    "phiDotL": [
        -2.24106602059358,
        -2.301635372501514,
        -2.362204724409449,
        -2.362204724409449,
        -2.4227740763173835,
        -2.4227740763173835,
        -2.4227740763173835,
        -2.483343428225318,
        -2.483343428225318,
        -2.483343428225318,
        -2.483343428225318,
        -2.5439127801332524,
        -2.5439127801332524,
        -2.5439127801332524,
        -2.6044821320411877,
        -2.6044821320411877,
        -2.6044821320411877,
        -2.6044821320411877,
        -2.6650514839491217,
        -2.6650514839491217,
        -2.6650514839491217,
        -2.7256208358570566,
        -2.7256208358570566,
        -2.7256208358570566,
        -2.7256208358570566,
        -2.786190187764991,
        -2.786190187764991,
        -2.786190187764991,
        -2.786190187764991,
        -2.846759539672925,
        -2.846759539672925,
        -2.846759539672925,
        -2.846759539672925,
        -2.90732889158086,
        -2.90732889158086,
        -2.90732889158086,
        -2.90732889158086,
        -2.967898243488795,
        -2.967898243488795,
        -2.967898243488795,
        -2.967898243488795,
        -2.967898243488795,
        -3.0284675953967293,
        -3.0284675953967293,
        -3.0284675953967293,
        -3.0284675953967293,
        -3.089036947304664,
        -3.089036947304664,
        -3.089036947304664
    ],
    "phiDotR": [
        5.875227135069655,
        5.93579648697759,
        5.996365838885524,
        5.996365838885524,
        6.0569351907934585,
        6.0569351907934585,
        6.0569351907934585,
        6.0569351907934585,
        6.0569351907934585,
        6.0569351907934585,
        6.0569351907934585,
        6.0569351907934585,
        6.0569351907934585,
        6.0569351907934585,
        6.0569351907934585,
        6.0569351907934585,
        6.0569351907934585,
        6.0569351907934585,
        6.0569351907934585,
        6.0569351907934585,
        6.0569351907934585,
        6.0569351907934585,
        6.0569351907934585,
        6.0569351907934585,
        6.0569351907934585,
        6.0569351907934585,
        6.0569351907934585,
        6.0569351907934585,
        6.0569351907934585,
        6.0569351907934585,
        6.0569351907934585,
        6.0569351907934585,
        6.0569351907934585,
        6.0569351907934585,
        6.0569351907934585,
        5.996365838885524,
        6.0569351907934585,
        6.0569351907934585,
        6.0569351907934585,
        5.996365838885524,
        6.0569351907934585,
        5.996365838885524,
        6.0569351907934585,
        6.0569351907934585,
        6.0569351907934585,
        6.0569351907934585,
        6.0569351907934585,
        6.0569351907934585,
        5.996365838885524
    ]
}