{
    "segment_index": 1156,
    "A": 0.4903467599356464,
    "B1": 0.07583117840742544,
    "B2": -0.06421394668914478,
    "omega": [
        0.911523520946503,
        0.821638643741608,
        0.755925476551056,
        0.84682285785675,
        0.829163551330566,
        0.960586428642273,
        0.830344796180725,
        0.826806485652924,
        0.815440893173218,
        0.950756192207336,
        0.943169355392456,
        0.951833009719849,
        0.928522348403931,
        0.889044165611267,
        0.928270757198334,
        0.921509325504303,
        0.892480254173279,
        0.876670598983765,
        0.874137818813324,
        0.915834784507751,
        0.897747874259949,
        0.881147742271423,
        0.90302711725235,
        0.96752667427063,
        0.939779937267303,
        0.941525936126709,
        0.887588977813721,
        0.941237092018127,
        1.00044369697571,
        0.998322427272797,
        0.957343697547913,
        1.0737053155899,
        1.11230444908142,
        1.07168793678284,
        1.0450884103775,
        1.08203387260437,
        1.08493077754974,
        1.00360298156738,
        1.06476032733917,
        1.07483923435211,
        1.12061834335327,
        1.1199963092804,
        1.16493940353394,
        1.1785352230072,
        1.14102959632874,
        1.14584362506866,
        1.21832036972046,
        1.30175495147705,
        1.23035502433777
    ],
    "omega_next": [
        0.821638643741608,
        0.755925476551056,
        0.84682285785675,
        0.829163551330566,
        0.960586428642273,
        0.830344796180725,
        0.826806485652924,
        0.815440893173218,
        0.950756192207336,
        0.943169355392456,
        0.951833009719849,
        0.928522348403931,
        0.889044165611267,
        0.928270757198334,
        0.921509325504303,
        0.892480254173279,
        0.876670598983765,
        0.874137818813324,
        0.915834784507751,
        0.897747874259949,
        0.881147742271423,
        0.90302711725235,
        0.96752667427063,
        0.939779937267303,
        0.941525936126709,
        0.887588977813721,
        0.941237092018127,
        1.00044369697571,
        0.998322427272797,
        0.957343697547913,
        1.0737053155899,
        1.11230444908142,
        1.07168793678284,
        1.0450884103775,
        1.08203387260437,
        1.08493077754974,
        1.00360298156738,
        1.06476032733917,
        1.07483923435211,
        1.12061834335327,
        1.1199963092804,
        1.16493940353394,
        1.1785352230072,
        1.14102959632874,
        1.14584362506866,
        1.21832036972046,
        1.30175495147705,
        1.23035502433777,
        1.28639376163483
    ],
    "phiDotL": [
        3.997577225923683,
        3.997577225923683,
        4.058146577831618,
        4.058146577831618,
        4.118715929739552,
        4.118715929739552,
        4.179285281647486,
        4.179285281647486,
        4.239854633555421,
        4.239854633555421,
        4.300423985463356,
        4.300423985463356,
        4.36099333737129,
        4.36099333737129,
        4.421562689279225,
        4.48213204118716,
        4.48213204118716,
        4.542701393095094,
        4.542701393095094,
        4.603270745003028,
        4.603270745003028,
        4.663840096910963,
        4.663840096910963,
        4.724409448818898,
        4.724409448818898,
        4.784978800726832,
        4.784978800726832,
        4.845548152634767,
        4.906117504542702,
        4.906117504542702,
        4.966686856450636,
        4.966686856450636,
        5.027256208358571,
        5.027256208358571,
        5.087825560266505,
        5.087825560266505,
        5.14839491217444,
        5.14839491217444,
        5.208964264082375,
        5.208964264082375,
        5.269533615990309,
        5.269533615990309,
        5.3301029678982434,
        5.390672319806178,
        5.390672319806178,
        5.451241671714113,
        5.451241671714113,
        5.511811023622047,
        5.511811023622047
    ],
    "phiDotR": [
        -1.5748031496062993,
        -1.5748031496062993,
        -1.635372501514234,
        -1.635372501514234,
        -1.6959418534221686,
        -1.6959418534221686,
        -1.6959418534221686,
        -1.6959418534221686,
        -1.8170805572380373,
        -1.8170805572380373,
        -1.877649909145972,
        -1.877649909145972,
        -1.9382192610539069,
        -1.9382192610539069,
        -1.9987886129618413,
        -2.059357964869776,
        -2.059357964869776,
        -2.1199273167777104,
        -2.1199273167777104,
        -2.180496668685645,
        -2.180496668685645,
        -2.24106602059358,
        -2.24106602059358,
        -2.301635372501514,
        -2.301635372501514,
        -2.362204724409449,
        -2.362204724409449,
        -2.4227740763173835,
        -2.483343428225318,
        -2.483343428225318,
        -2.5439127801332524,
        -2.5439127801332524,
        -2.6044821320411877,
        -2.6044821320411877,
        -2.6650514839491217,
        -2.6650514839491217,
        -2.7256208358570566,
        -2.7256208358570566,
        -2.786190187764991,
        -2.786190187764991,
        -2.846759539672925,
        -2.846759539672925,
        -2.90732889158086,
        -2.967898243488795,
        -2.967898243488795,
        -3.0284675953967293,
        -3.0284675953967293,
        -3.089036947304664,
        -3.089036947304664
    ]
}