{
    "segment_index": 498,
    "A": 0.6806662863668017,
    "B1": 0.03313111848830248,
    "B2": -0.0496890071586599,
    "omega": [
        -0.72603964805603,
        -0.651346564292908,
        -0.69251823425293,
        -0.747061252593994,
        -0.804154872894287,
        -0.853603959083557,
        -0.751103758811951,
        -0.493741422891617,
        -0.492212444543839,
        -0.576176047325134,
        -0.540542900562286,
        -0.57586008310318,
        -0.576550424098969,
        -0.634756743907928,
        -0.581071138381958,
        -0.593635261058807,
        -0.655893623828888,
        -0.695058047771454,
        -0.605158388614655,
        -0.74390059709549,
        -0.748726367950439,
        -0.746949434280396,
        -0.761344194412231,
        -0.6595179438591,
        -0.647244989871979,
        -0.631265997886658,
        -0.698590576648712,
        -0.734423339366913,
        -0.708496034145355,
        -0.732684314250946,
        -0.722509801387787,
        -0.735761642456055,
        -0.808155059814453,
        -0.79779464006424,
        -0.778842151165009,
        -0.785376787185669,
        -0.794855296611786,
        -0.898775935173035,
        -0.965787529945374,
        -0.973067700862885,
        -0.808245062828064,
        -0.810264766216278,
        -0.887211978435516,
        -0.959635496139526,
        -0.880847275257111,
        -0.866029024124146,
        -0.782781898975372,
        -0.930672705173492,
        -1.03791010379791
    ],
    "omega_next": [
        -0.651346564292908,
        -0.69251823425293,
        -0.747061252593994,
        -0.804154872894287,
        -0.853603959083557,
        -0.751103758811951,
        -0.493741422891617,
        -0.492212444543839,
        -0.576176047325134,
        -0.540542900562286,
        -0.57586008310318,
        -0.576550424098969,
        -0.634756743907928,
        -0.581071138381958,
        -0.593635261058807,
        -0.655893623828888,
        -0.695058047771454,
        -0.605158388614655,
        -0.74390059709549,
        -0.748726367950439,
        -0.746949434280396,
        -0.761344194412231,
        -0.6595179438591,
        -0.647244989871979,
        -0.631265997886658,
        -0.698590576648712,
        -0.734423339366913,
        -0.708496034145355,
        -0.732684314250946,
        -0.722509801387787,
        -0.735761642456055,
        -0.808155059814453,
        -0.79779464006424,
        -0.778842151165009,
        -0.785376787185669,
        -0.794855296611786,
        -0.898775935173035,
        -0.965787529945374,
        -0.973067700862885,
        -0.808245062828064,
        -0.810264766216278,
        -0.887211978435516,
        -0.959635496139526,
        -0.880847275257111,
        -0.866029024124146,
        -0.782781898975372,
        -0.930672705173492,
        -1.03791010379791,
        -1.06184089183807
    ],
    "phiDotL": [
        -1.45366444579043,
        -1.45366444579043,
        -1.5142337976983646,
        -1.5142337976983646,
        -1.5748031496062993,
        -1.5748031496062993,
        -1.635372501514234,
        -1.635372501514234,
        -1.6959418534221686,
        -1.6959418534221686,
        -1.6959418534221686,
        -1.8170805572380373,
        -1.8170805572380373,
        -1.877649909145972,
        -1.877649909145972,
        -1.9382192610539069,
        -1.9382192610539069,
        -1.9987886129618413,
        -1.9987886129618413,
        -2.059357964869776,
        -2.059357964869776,
        -2.1199273167777104,
        -2.180496668685645,
        -2.180496668685645,
        -2.24106602059358,
        -2.24106602059358,
        -2.301635372501514,
        -2.301635372501514,
        -2.362204724409449,
        -2.362204724409449,
        -2.4227740763173835,
        -2.4227740763173835,
        -2.483343428225318,
        -2.483343428225318,
        -2.5439127801332524,
        -2.5439127801332524,
        -2.6044821320411877,
        -2.6650514839491217,
        -2.6650514839491217,
        -2.7256208358570566,
        -2.7256208358570566,
        -2.786190187764991,
        -2.786190187764991,
        -2.846759539672925,
        -2.846759539672925,
        -2.90732889158086,
        -2.90732889158086,
        -2.967898243488795,
        -2.967898243488795
    ],
    "phiDotR": [
        2.6650514839491217,
        2.6650514839491217,
        2.7256208358570566,
        2.7256208358570566,
        2.786190187764991,
        2.786190187764991,
        2.846759539672925,
        2.846759539672925,
        2.90732889158086,
        2.967898243488795,
        2.967898243488795,
        3.0284675953967293,
        3.0284675953967293,
        3.089036947304664,
        3.089036947304664,
        3.1496062992125986,
        3.1496062992125986,
        3.210175651120533,
        3.210175651120533,
        3.270745003028468,
        3.270745003028468,
        3.3313143549364024,
        3.3918837068443373,
        3.3918837068443373,
        3.3918837068443373,
        3.3918837068443373,
        3.4524530587522717,
        3.4524530587522717,
        3.5735917625681406,
        3.5735917625681406,
        3.634161114476075,
        3.634161114476075,
        3.6947304663840095,
        3.6947304663840095,
        3.755299818291944,
        3.755299818291944,
        3.815869170199879,
        3.8764385221078137,
        3.8764385221078137,
        3.937007874015748,
        3.937007874015748,
        3.997577225923683,
        3.997577225923683,
        4.058146577831618,
        4.058146577831618,
        4.118715929739552,
        4.118715929739552,
        4.179285281647486,
        4.179285281647486
    ]
}