{
    "segment_index": 1829,
    "A": 0.9553039473838771,
    "B1": 0.0032541958326996186,
    "B2": 0.03704064307991412,
    "omega": [
        0.250241905450821,
        0.296036630868912,
        0.287546187639236,
        0.197708144783974,
        0.304553180932999,
        0.33322674036026,
        0.408026337623596,
        0.482551574707031,
        0.464547693729401,
        0.419962644577026,
        0.423406511545181,
        0.391621708869934,
        0.443057239055634,
        0.452794700860977,
        0.454650402069092,
        0.47860661149025,
        0.522351026535034,
        0.471788614988327,
        0.494111388921738,
        0.512995362281799,
        0.450899928808212,
        0.451250642538071,
        0.526174247264862,
        0.532065868377686,
        0.562998175621033,
        0.611436247825623,
        0.644509494304657,
        0.682492315769196,
        0.671923816204071,
        0.700538277626038,
        0.700538277626038,
        0.686713576316833,
        0.725035071372986,
        0.789378583431244,
        0.746227264404297,
        0.775168538093567,
        0.743298709392548,
        0.541785001754761,
        0.412976741790771,
        0.332886040210724,
        0.312614023685455,
        0.275871872901917,
        0.22098633646965,
        0.186075493693352,
        0.115849241614342,
        0.0068590557202696,
        0.0333592146635056,
        0.0699344947934151,
        0.125548481941223
    ],
    "omega_next": [
        0.296036630868912,
        0.287546187639236,
        0.197708144783974,
        0.304553180932999,
        0.33322674036026,
        0.408026337623596,
        0.482551574707031,
        0.464547693729401,
        0.419962644577026,
        0.423406511545181,
        0.391621708869934,
        0.443057239055634,
        0.452794700860977,
        0.454650402069092,
        0.47860661149025,
        0.522351026535034,
        0.471788614988327,
        0.494111388921738,
        0.512995362281799,
        0.450899928808212,
        0.451250642538071,
        0.526174247264862,
        0.532065868377686,
        0.562998175621033,
        0.611436247825623,
        0.644509494304657,
        0.682492315769196,
        0.671923816204071,
        0.700538277626038,
        0.700538277626038,
        0.686713576316833,
        0.725035071372986,
        0.789378583431244,
        0.746227264404297,
        0.775168538093567,
        0.743298709392548,
        0.541785001754761,
        0.412976741790771,
        0.332886040210724,
        0.312614023685455,
        0.275871872901917,
        0.22098633646965,
        0.186075493693352,
        0.115849241614342,
        0.0068590557202696,
        0.0333592146635056,
        0.0699344947934151,
        0.125548481941223,
        0.222414180636406
    ],
    "phiDotL": [
        2.6044821320411877,
        2.6044821320411877,
        2.6650514839491217,
        2.6650514839491217,
        2.7256208358570566,
        2.786190187764991,
        2.786190187764991,
        2.846759539672925,
        2.846759539672925,
        2.90732889158086,
        2.90732889158086,
        2.967898243488795,
        2.967898243488795,
        3.0284675953967293,
        3.0284675953967293,
        3.089036947304664,
        3.089036947304664,
        3.1496062992125986,
        3.210175651120533,
        3.210175651120533,
        3.270745003028468,
        3.270745003028468,
        3.3313143549364024,
        3.3313143549364024,
        3.3918837068443373,
        3.3918837068443373,
        3.3918837068443373,
        3.3918837068443373,
        3.4524530587522717,
        3.4524530587522717,
        3.5735917625681406,
        3.5735917625681406,
        3.634161114476075,
        3.6947304663840095,
        3.6947304663840095,
        3.755299818291944,
        3.755299818291944,
        3.815869170199879,
        3.815869170199879,
        3.8764385221078137,
        3.8764385221078137,
        3.937007874015748,
        3.937007874015748,
        3.997577225923683,
        3.997577225923683,
        4.058146577831618,
        4.058146577831618,
        4.118715929739552,
        4.179285281647486
    ],
    "phiDotR": [
        0.9691096305269534,
        0.9691096305269534,
        0.9085402786190188,
        0.9085402786190188,
        0.8479709267110843,
        0.7874015748031497,
        0.7874015748031497,
        0.726832222895215,
        0.726832222895215,
        0.6662628709872804,
        0.6662628709872804,
        0.6056935190793459,
        0.6056935190793459,
        0.5451241671714112,
        0.5451241671714112,
        0.4845548152634767,
        0.4845548152634767,
        0.4239854633555421,
        0.3634161114476075,
        0.3634161114476075,
        0.3028467595396729,
        0.3028467595396729,
        0.2422774076317383,
        0.2422774076317383,
        0.1817080557238037,
        0.1817080557238037,
        0.1211387038158691,
        0.1211387038158691,
        0.0605693519079345,
        0.0605693519079345,
        0.0,
        0.0,
        0.0,
        -0.0605693519079345,
        -0.0605693519079345,
        -0.1211387038158691,
        -0.1211387038158691,
        -0.1817080557238037,
        -0.1817080557238037,
        -0.2422774076317383,
        -0.2422774076317383,
        -0.3028467595396729,
        -0.3028467595396729,
        -0.3634161114476075,
        -0.3634161114476075,
        -0.4239854633555421,
        -0.4239854633555421,
        -0.4845548152634767,
        -0.5451241671714112
    ]
}