{
    "segment_index": 1508,
    "A": 0.9078813912867535,
    "B1": -0.013084631653521734,
    "B2": -0.024039493740144007,
    "omega": [
        -0.989578664302826,
        -1.00250351428986,
        -1.04387605190277,
        -1.05795347690582,
        -1.05917751789093,
        -1.05691075325012,
        -1.07151675224304,
        -1.07151675224304,
        -1.09975278377533,
        -1.13566720485687,
        -1.16602849960327,
        -1.16059172153473,
        -1.19441616535187,
        -1.20510566234589,
        -1.22389090061188,
        -1.17724072933197,
        -1.1784975528717,
        -1.19395792484283,
        -1.22180223464966,
        -1.21425223350525,
        -1.20761203765869,
        -1.19785404205322,
        -1.17415976524353,
        -1.15749061107635,
        -1.18938362598419,
        -1.1883145570755,
        -1.07016444206238,
        -1.02947676181793,
        -1.02947676181793,
        -1.01751935482025,
        -1.0205911397934,
        -1.03477096557617,
        -1.07931876182556,
        -1.1309005022049,
        -1.20514714717865,
        -1.23568379878998,
        -1.27501428127289,
        -1.24786937236786,
        -1.24786937236786,
        -1.25520408153534,
        -1.23519277572632,
        -1.2321902513504,
        -1.24618852138519,
        -1.23385655879974,
        -1.2255722284317,
        -1.2326192855835,
        -1.25789642333984,
        -1.21259367465973,
        -1.20103859901428
    ],
    "omega_next": [
        -1.00250351428986,
        -1.04387605190277,
        -1.05795347690582,
        -1.05917751789093,
        -1.05691075325012,
        -1.07151675224304,
        -1.07151675224304,
        -1.09975278377533,
        -1.13566720485687,
        -1.16602849960327,
        -1.16059172153473,
        -1.19441616535187,
        -1.20510566234589,
        -1.22389090061188,
        -1.17724072933197,
        -1.1784975528717,
        -1.19395792484283,
        -1.22180223464966,
        -1.21425223350525,
        -1.20761203765869,
        -1.19785404205322,
        -1.17415976524353,
        -1.15749061107635,
        -1.18938362598419,
        -1.1883145570755,
        -1.07016444206238,
        -1.02947676181793,
        -1.02947676181793,
        -1.01751935482025,
        -1.0205911397934,
        -1.03477096557617,
        -1.07931876182556,
        -1.1309005022049,
        -1.20514714717865,
        -1.23568379878998,
        -1.27501428127289,
        -1.24786937236786,
        -1.24786937236786,
        -1.25520408153534,
        -1.23519277572632,
        -1.2321902513504,
        -1.24618852138519,
        -1.23385655879974,
        -1.2255722284317,
        -1.2326192855835,
        -1.25789642333984,
        -1.21259367465973,
        -1.20103859901428,
        -1.19998395442963
    ],
    "phiDotL": [
        -1.8170805572380373,
        -1.877649909145972,
        -1.877649909145972,
        -1.9382192610539069,
        -1.9382192610539069,
        -1.9987886129618413,
        -1.9987886129618413,
        -2.059357964869776,
        -2.059357964869776,
        -2.1199273167777104,
        -2.1199273167777104,
        -2.180496668685645,
        -2.180496668685645,
        -2.24106602059358,
        -2.24106602059358,
        -2.301635372501514,
        -2.362204724409449,
        -2.362204724409449,
        -2.4227740763173835,
        -2.4227740763173835,
        -2.4227740763173835,
        -2.483343428225318,
        -2.483343428225318,
        -2.483343428225318,
        -2.483343428225318,
        -2.5439127801332524,
        -2.5439127801332524,
        -2.5439127801332524,
        -2.6044821320411877,
        -2.6044821320411877,
        -2.6044821320411877,
        -2.6044821320411877,
        -2.6650514839491217,
        -2.6650514839491217,
        -2.6650514839491217,
        -2.7256208358570566,
        -2.7256208358570566,
        -2.7256208358570566,
        -2.7256208358570566,
        -2.786190187764991,
        -2.786190187764991,
        -2.786190187764991,
        -2.786190187764991,
        -2.846759539672925,
        -2.846759539672925,
        -2.846759539672925,
        -2.846759539672925,
        -2.90732889158086,
        -2.90732889158086
    ],
    "phiDotR": [
        5.451241671714113,
        5.511811023622047,
        5.511811023622047,
        5.572380375529982,
        5.572380375529982,
        5.632949727437917,
        5.632949727437917,
        5.693519079345851,
        5.693519079345851,
        5.754088431253785,
        5.754088431253785,
        5.81465778316172,
        5.81465778316172,
        5.875227135069655,
        5.875227135069655,
        5.93579648697759,
        5.996365838885524,
        5.996365838885524,
        6.0569351907934585,
        6.0569351907934585,
        6.0569351907934585,
        6.0569351907934585,
        6.0569351907934585,
        6.0569351907934585,
        6.0569351907934585,
        6.0569351907934585,
        6.0569351907934585,
        6.0569351907934585,
        6.0569351907934585,
        6.0569351907934585,
        6.0569351907934585,
        6.0569351907934585,
        6.0569351907934585,
        6.0569351907934585,
        6.0569351907934585,
        6.0569351907934585,
        6.0569351907934585,
        6.0569351907934585,
        6.0569351907934585,
        6.0569351907934585,
        6.0569351907934585,
        6.0569351907934585,
        6.0569351907934585,
        6.0569351907934585,
        6.0569351907934585,
        6.0569351907934585,
        6.0569351907934585,
        6.0569351907934585,
        6.0569351907934585
    ]
}