{
    "segment_index": 209,
    "A": 0.7424206169321889,
    "B1": 0.14907896848775073,
    "B2": 0.11146256372701172,
    "omega": [
        1.03707468509674,
        0.977406620979309,
        1.02735269069672,
        1.14435613155365,
        1.15880751609802,
        1.20966970920563,
        1.19108974933624,
        1.16642105579376,
        1.08028149604797,
        1.00252449512482,
        1.0480043888092,
        1.07135272026062,
        1.08769643306732,
        1.31654262542725,
        1.23295629024506,
        1.09905588626862,
        1.01180982589722,
        0.930481612682343,
        0.893457472324371,
        0.971103250980377,
        1.04847586154938,
        1.02125144004822,
        1.11603367328644,
        1.16939651966095,
        1.15665435791016,
        1.22013664245605,
        1.20211279392242,
        1.28378558158875,
        1.24575531482697,
        1.30835449695587,
        1.24403238296509,
        1.17279362678528,
        1.09939885139465,
        1.18682408332825,
        1.2455245256424,
        1.35089123249054,
        1.35611820220947,
        1.29130399227142,
        1.26104938983917,
        1.23301959037781,
        1.15324306488037,
        1.11264586448669,
        1.12728047370911,
        1.14370036125183,
        1.16056656837463,
        1.24735486507416,
        1.29126346111298,
        1.26226401329041,
        1.29098844528198
    ],
    "omega_next": [
        0.977406620979309,
        1.02735269069672,
        1.14435613155365,
        1.15880751609802,
        1.20966970920563,
        1.19108974933624,
        1.16642105579376,
        1.08028149604797,
        1.00252449512482,
        1.0480043888092,
        1.07135272026062,
        1.08769643306732,
        1.31654262542725,
        1.23295629024506,
        1.09905588626862,
        1.01180982589722,
        0.930481612682343,
        0.893457472324371,
        0.971103250980377,
        1.04847586154938,
        1.02125144004822,
        1.11603367328644,
        1.16939651966095,
        1.15665435791016,
        1.22013664245605,
        1.20211279392242,
        1.28378558158875,
        1.24575531482697,
        1.30835449695587,
        1.24403238296509,
        1.17279362678528,
        1.09939885139465,
        1.18682408332825,
        1.2455245256424,
        1.35089123249054,
        1.35611820220947,
        1.29130399227142,
        1.26104938983917,
        1.23301959037781,
        1.15324306488037,
        1.11264586448669,
        1.12728047370911,
        1.14370036125183,
        1.16056656837463,
        1.24735486507416,
        1.29126346111298,
        1.26226401329041,
        1.29098844528198,
        1.31401407718658
    ],
    "phiDotL": [
        3.6947304663840095,
        3.6947304663840095,
        3.755299818291944,
        3.755299818291944,
        3.815869170199879,
        3.8764385221078137,
        3.8764385221078137,
        3.937007874015748,
        3.937007874015748,
        3.997577225923683,
        3.997577225923683,
        4.058146577831618,
        4.058146577831618,
        4.118715929739552,
        4.118715929739552,
        4.179285281647486,
        4.179285281647486,
        4.239854633555421,
        4.300423985463356,
        4.300423985463356,
        4.36099333737129,
        4.36099333737129,
        4.421562689279225,
        4.421562689279225,
        4.48213204118716,
        4.48213204118716,
        4.542701393095094,
        4.542701393095094,
        4.603270745003028,
        4.603270745003028,
        4.663840096910963,
        4.663840096910963,
        4.724409448818898,
        4.784978800726832,
        4.784978800726832,
        4.845548152634767,
        4.845548152634767,
        4.906117504542702,
        4.906117504542702,
        4.966686856450636,
        4.966686856450636,
        5.027256208358571,
        5.027256208358571,
        5.087825560266505,
        5.087825560266505,
        5.14839491217444,
        5.14839491217444,
        5.208964264082375,
        5.269533615990309
    ],
    "phiDotR": [
        -2.483343428225318,
        -2.483343428225318,
        -2.5439127801332524,
        -2.5439127801332524,
        -2.6044821320411877,
        -2.6650514839491217,
        -2.6650514839491217,
        -2.7256208358570566,
        -2.7256208358570566,
        -2.786190187764991,
        -2.786190187764991,
        -2.846759539672925,
        -2.846759539672925,
        -2.90732889158086,
        -2.90732889158086,
        -2.967898243488795,
        -2.967898243488795,
        -3.0284675953967293,
        -3.089036947304664,
        -3.089036947304664,
        -3.1496062992125986,
        -3.1496062992125986,
        -3.210175651120533,
        -3.210175651120533,
        -3.270745003028468,
        -3.270745003028468,
        -3.3313143549364024,
        -3.3313143549364024,
        -3.3918837068443373,
        -3.3918837068443373,
        -3.3918837068443373,
        -3.3918837068443373,
        -3.4524530587522717,
        -3.5735917625681406,
        -3.5735917625681406,
        -3.634161114476075,
        -3.634161114476075,
        -3.6947304663840095,
        -3.6947304663840095,
        -3.755299818291944,
        -3.755299818291944,
        -3.815869170199879,
        -3.815869170199879,
        -3.8764385221078137,
        -3.8764385221078137,
        -3.937007874015748,
        -3.937007874015748,
        -3.997577225923683,
        -4.058146577831618
    ]
}