{
    "segment_index": 2249,
    "A": 0.7838244828674577,
    "B1": -0.06575990354566606,
    "B2": -0.07543293227408954,
    "omega": [
        -1.21455454826355,
        -1.26006150245667,
        -1.24422001838684,
        -1.24418616294861,
        -1.25996506214142,
        -1.23007130622864,
        -1.24204528331757,
        -1.299440741539,
        -1.41166961193085,
        -1.50517988204956,
        -1.54862940311432,
        -1.56735861301422,
        -1.53753304481506,
        -1.25971019268036,
        -1.10727477073669,
        -0.971190929412842,
        -0.910195887088776,
        -0.86138778924942,
        -0.84687727689743,
        -0.794727146625519,
        -0.695065975189209,
        -0.746856451034546,
        -0.831166565418243,
        -0.84071683883667,
        -0.869394838809967,
        -0.916877806186676,
        -0.934942543506622,
        -0.992073178291321,
        -1.03565275669098,
        -1.11593544483185,
        -1.1224023103714,
        -1.16435384750366,
        -1.2240047454834,
        -1.2955584526062,
        -1.32390189170837,
        -1.37760627269745,
        -1.34227752685547,
        -1.31880497932434,
        -1.3294929265976,
        -1.28191161155701,
        -1.16953778266907,
        -0.79457288980484,
        -0.214875385165215,
        -0.101573124527931,
        0.0232263188809156,
        0.0081168347969651,
        0.0026900579687207,
        0.001116732135415,
        0.0005316671449691
    ],
    "omega_next": [
        -1.26006150245667,
        -1.24422001838684,
        -1.24418616294861,
        -1.25996506214142,
        -1.23007130622864,
        -1.24204528331757,
        -1.299440741539,
        -1.41166961193085,
        -1.50517988204956,
        -1.54862940311432,
        -1.56735861301422,
        -1.53753304481506,
        -1.25971019268036,
        -1.10727477073669,
        -0.971190929412842,
        -0.910195887088776,
        -0.86138778924942,
        -0.84687727689743,
        -0.794727146625519,
        -0.695065975189209,
        -0.746856451034546,
        -0.831166565418243,
        -0.84071683883667,
        -0.869394838809967,
        -0.916877806186676,
        -0.934942543506622,
        -0.992073178291321,
        -1.03565275669098,
        -1.11593544483185,
        -1.1224023103714,
        -1.16435384750366,
        -1.2240047454834,
        -1.2955584526062,
        -1.32390189170837,
        -1.37760627269745,
        -1.34227752685547,
        -1.31880497932434,
        -1.3294929265976,
        -1.28191161155701,
        -1.16953778266907,
        -0.79457288980484,
        -0.214875385165215,
        -0.101573124527931,
        0.0232263188809156,
        0.0081168347969651,
        0.0026900579687207,
        0.001116732135415,
        0.0005316671449691,
        0.0008339959895238
    ],
    "phiDotL": [
        -2.90732889158086,
        -2.90732889158086,
        -2.90732889158086,
        -2.967898243488795,
        -2.967898243488795,
        -2.967898243488795,
        -2.967898243488795,
        -2.967898243488795,
        -3.0284675953967293,
        -3.0284675953967293,
        -3.0284675953967293,
        -3.0284675953967293,
        -3.089036947304664,
        -3.089036947304664,
        -3.089036947304664,
        -3.089036947304664,
        -3.089036947304664,
        -3.1496062992125986,
        -3.1496062992125986,
        -3.1496062992125986,
        -3.1496062992125986,
        -3.1496062992125986,
        -3.210175651120533,
        -3.210175651120533,
        -3.210175651120533,
        -3.210175651120533,
        -3.210175651120533,
        -3.270745003028468,
        -3.270745003028468,
        -3.270745003028468,
        -3.270745003028468,
        -3.270745003028468,
        -3.270745003028468,
        -3.3313143549364024,
        -3.3313143549364024,
        -3.3313143549364024,
        -3.3313143549364024,
        -3.3313143549364024,
        -3.3918837068443373,
        -4.48213204118716,
        -2.5439127801332524,
        -0.6056935190793459,
        0.0,
        0.0,
        0.0,
        0.0,
        0.0,
        0.0,
        0.0
    ],
    "phiDotR": [
        6.0569351907934585,
        6.0569351907934585,
        6.0569351907934585,
        6.0569351907934585,
        6.0569351907934585,
        6.0569351907934585,
        5.996365838885524,
        6.0569351907934585,
        6.0569351907934585,
        6.0569351907934585,
        6.0569351907934585,
        6.0569351907934585,
        6.0569351907934585,
        6.0569351907934585,
        6.0569351907934585,
        6.0569351907934585,
        6.0569351907934585,
        6.0569351907934585,
        6.0569351907934585,
        6.0569351907934585,
        6.0569351907934585,
        6.0569351907934585,
        6.0569351907934585,
        6.0569351907934585,
        6.0569351907934585,
        6.0569351907934585,
        6.0569351907934585,
        5.996365838885524,
        5.996365838885524,
        6.0569351907934585,
        5.996365838885524,
        6.0569351907934585,
        6.0569351907934585,
        6.0569351907934585,
        5.996365838885524,
        6.0569351907934585,
        6.0569351907934585,
        6.0569351907934585,
        6.0569351907934585,
        4.48213204118716,
        2.5439127801332524,
        0.6056935190793459,
        0.0,
        0.0,
        0.0,
        0.0,
        0.0,
        0.0,
        0.0
    ]
}