{
    "segment_index": 1995,
    "A": 0.3080708264440532,
    "B1": 0.15887013682479983,
    "B2": 0.015214370930162193,
    "omega": [
        1.36963832378387,
        1.40646386146545,
        1.43897843360901,
        1.38821005821228,
        1.26914966106415,
        1.22730219364166,
        1.24317765235901,
        1.29718315601349,
        1.28898656368256,
        1.29852163791656,
        1.08813059329987,
        0.609589874744415,
        0.373116046190262,
        0.0245184246450663,
        0.014286638237536,
        -0.0155192632228136,
        0.0063700973987579,
        0.0016862996853888,
        0.0013908263063058,
        0.0025151108857244,
        0.0032135634683072,
        0.0012071431847289,
        0.0016159330261871,
        0.0003468804643489,
        -0.0010687559843063,
        0.0021270534489303,
        0.0002509829646442,
        0.0014806065009906,
        -0.0010245275916531,
        0.0004560883971862,
        0.0009213197045028,
        -0.0012747466098517,
        0.0031883497722446,
        -0.0046831779181957,
        -0.0016713979421183,
        -0.001216109842062,
        0.0017917860532179,
        -0.0041842521168291,
        -0.0057112113572657,
        -0.0010298400884494,
        -0.0009726291173137,
        -0.0018594126449897,
        0.0009517148719169,
        -0.0009006951586343,
        -0.0009006951586343,
        -0.0009006951586343,
        -0.0009006951586343,
        -0.0009006951586343,
        -0.0009006951586343
    ],
    "omega_next": [
        1.40646386146545,
        1.43897843360901,
        1.38821005821228,
        1.26914966106415,
        1.22730219364166,
        1.24317765235901,
        1.29718315601349,
        1.28898656368256,
        1.29852163791656,
        1.08813059329987,
        0.609589874744415,
        0.373116046190262,
        0.0245184246450663,
        0.014286638237536,
        -0.0155192632228136,
        0.0063700973987579,
        0.0016862996853888,
        0.0013908263063058,
        0.0025151108857244,
        0.0032135634683072,
        0.0012071431847289,
        0.0016159330261871,
        0.0003468804643489,
        -0.0010687559843063,
        0.0021270534489303,
        0.0002509829646442,
        0.0014806065009906,
        -0.0010245275916531,
        0.0004560883971862,
        0.0009213197045028,
        -0.0012747466098517,
        0.0031883497722446,
        -0.0046831779181957,
        -0.0016713979421183,
        -0.001216109842062,
        0.0017917860532179,
        -0.0041842521168291,
        -0.0057112113572657,
        -0.0010298400884494,
        -0.0009726291173137,
        -0.0018594126449897,
        0.0009517148719169,
        -0.0009006951586343,
        -0.0009006951586343,
        -0.0009006951586343,
        -0.0009006951586343,
        -0.0009006951586343,
        -0.0009006951586343,
        -0.0009006951586343
    ],
    "phiDotL": [
        6.0569351907934585,
        5.996365838885524,
        6.0569351907934585,
        5.996365838885524,
        6.0569351907934585,
        6.0569351907934585,
        6.0569351907934585,
        6.0569351907934585,
        6.0569351907934585,
        4.48213204118716,
        2.5439127801332524,
        0.6056935190793459,
        0.0,
        0.0,
        0.0,
        0.0,
        0.0,
        0.0,
        0.0,
        0.0,
        0.0,
        0.0,
        0.0,
        0.0,
        0.0,
        0.0,
        0.0,
        0.0,
        0.0,
        0.0,
        0.0,
        0.0,
        0.0,
        0.0,
        0.0,
        0.0,
        0.0,
        0.0,
        0.0,
        0.0,
        0.0,
        0.0,
        0.0,
        0.0,
        0.0,
        0.0,
        0.0,
        0.0,
        0.0
    ],
    "phiDotR": [
        -3.270745003028468,
        -3.270745003028468,
        -3.270745003028468,
        -3.3313143549364024,
        -3.3313143549364024,
        -3.3313143549364024,
        -3.3313143549364024,
        -3.3313143549364024,
        -3.3918837068443373,
        -4.48213204118716,
        -2.5439127801332524,
        -0.6056935190793459,
        0.0,
        0.0,
        0.0,
        0.0,
        0.0,
        0.0,
        0.0,
        0.0,
        0.0,
        0.0,
        0.0,
        0.0,
        0.0,
        0.0,
        0.0,
        0.0,
        0.0,
        0.0,
        0.0,
        0.0,
        0.0,
        0.0,
        0.0,
        0.0,
        0.0,
        0.0,
        0.0,
        0.0,
        0.0,
        0.0,
        0.0,
        0.0,
        0.0,
        0.0,
        0.0,
        0.0,
        0.0
    ]
}