{
    "segment_index": 157,
    "A": 0.48239365049478017,
    "B1": 0.043758220936956076,
    "B2": -0.12598021847383636,
    "omega": [
        0.347902089357376,
        0.383813828229904,
        0.304972589015961,
        0.398954451084137,
        0.434963166713715,
        0.388166844844818,
        0.368807584047318,
        0.379343092441559,
        0.42167603969574,
        0.436474502086639,
        0.440430521965027,
        0.436197310686111,
        0.432806581258774,
        0.484763324260712,
        0.481051713228226,
        0.507593035697937,
        0.594842612743378,
        0.56270045042038,
        0.512724161148071,
        0.53218013048172,
        0.587083280086517,
        0.569699466228485,
        0.529321551322937,
        0.551254034042358,
        0.576773405075073,
        0.62526923418045,
        0.642229020595551,
        0.569295346736908,
        0.616176247596741,
        0.60952091217041,
        0.633922040462494,
        0.716900289058685,
        0.710693418979645,
        0.69653594493866,
        0.710009157657623,
        0.740953385829926,
        0.603115558624268,
        0.681784331798553,
        0.693695902824402,
        0.756212770938873,
        0.757970213890076,
        0.815989375114441,
        0.895366251468658,
        0.997934997081757,
        0.906586289405823,
        0.788501501083374,
        0.786477446556091,
        0.809386968612671,
        0.788424551486969
    ],
    "omega_next": [
        0.383813828229904,
        0.304972589015961,
        0.398954451084137,
        0.434963166713715,
        0.388166844844818,
        0.368807584047318,
        0.379343092441559,
        0.42167603969574,
        0.436474502086639,
        0.440430521965027,
        0.436197310686111,
        0.432806581258774,
        0.484763324260712,
        0.481051713228226,
        0.507593035697937,
        0.594842612743378,
        0.56270045042038,
        0.512724161148071,
        0.53218013048172,
        0.587083280086517,
        0.569699466228485,
        0.529321551322937,
        0.551254034042358,
        0.576773405075073,
        0.62526923418045,
        0.642229020595551,
        0.569295346736908,
        0.616176247596741,
        0.60952091217041,
        0.633922040462494,
        0.716900289058685,
        0.710693418979645,
        0.69653594493866,
        0.710009157657623,
        0.740953385829926,
        0.603115558624268,
        0.681784331798553,
        0.693695902824402,
        0.756212770938873,
        0.757970213890076,
        0.815989375114441,
        0.895366251468658,
        0.997934997081757,
        0.906586289405823,
        0.788501501083374,
        0.786477446556091,
        0.809386968612671,
        0.788424551486969,
        0.83171135187149
    ],
    "phiDotL": [
        1.9987886129618413,
        2.059357964869776,
        2.059357964869776,
        2.1199273167777104,
        2.1199273167777104,
        2.180496668685645,
        2.180496668685645,
        2.24106602059358,
        2.24106602059358,
        2.301635372501514,
        2.301635372501514,
        2.362204724409449,
        2.362204724409449,
        2.4227740763173835,
        2.483343428225318,
        2.483343428225318,
        2.5439127801332524,
        2.5439127801332524,
        2.6044821320411877,
        2.6044821320411877,
        2.6650514839491217,
        2.6650514839491217,
        2.7256208358570566,
        2.7256208358570566,
        2.786190187764991,
        2.786190187764991,
        2.846759539672925,
        2.846759539672925,
        2.90732889158086,
        2.967898243488795,
        2.967898243488795,
        3.0284675953967293,
        3.0284675953967293,
        3.089036947304664,
        3.089036947304664,
        3.1496062992125986,
        3.1496062992125986,
        3.210175651120533,
        3.210175651120533,
        3.270745003028468,
        3.270745003028468,
        3.3313143549364024,
        3.3918837068443373,
        3.3918837068443373,
        3.3918837068443373,
        3.3918837068443373,
        3.4524530587522717,
        3.4524530587522717,
        3.5735917625681406
    ],
    "phiDotR": [
        -0.7874015748031497,
        -0.8479709267110843,
        -0.8479709267110843,
        -0.9085402786190188,
        -0.9085402786190188,
        -0.9691096305269534,
        -0.9691096305269534,
        -1.029678982434888,
        -1.029678982434888,
        -1.0902483343428224,
        -1.0902483343428224,
        -1.150817686250757,
        -1.150817686250757,
        -1.2113870381586918,
        -1.2719563900666262,
        -1.2719563900666262,
        -1.3325257419745609,
        -1.3325257419745609,
        -1.3930950938824955,
        -1.3930950938824955,
        -1.45366444579043,
        -1.45366444579043,
        -1.5142337976983646,
        -1.5142337976983646,
        -1.5748031496062993,
        -1.5748031496062993,
        -1.635372501514234,
        -1.635372501514234,
        -1.6959418534221686,
        -1.6959418534221686,
        -1.6959418534221686,
        -1.8170805572380373,
        -1.8170805572380373,
        -1.877649909145972,
        -1.877649909145972,
        -1.9382192610539069,
        -1.9382192610539069,
        -1.9987886129618413,
        -1.9987886129618413,
        -2.059357964869776,
        -2.059357964869776,
        -2.1199273167777104,
        -2.180496668685645,
        -2.180496668685645,
        -2.24106602059358,
        -2.24106602059358,
        -2.301635372501514,
        -2.301635372501514,
        -2.362204724409449
    ]
}