{
    "segment_index": 1460,
    "A": 0.8239715437290746,
    "B1": 0.012796293018532318,
    "B2": -0.028760153809650107,
    "omega": [
        -0.602310359477997,
        -0.623932659626007,
        -0.66254597902298,
        -0.66254597902298,
        -0.636686503887177,
        -0.642777562141418,
        -0.647989690303802,
        -0.68902450799942,
        -0.850324094295502,
        -0.904385209083557,
        -0.997725367546082,
        -1.02149033546448,
        -1.01452589035034,
        -0.586667656898499,
        -0.586667656898499,
        -0.296828299760818,
        -0.34783524274826,
        -0.391780585050583,
        -0.45727476477623,
        -0.588185608386993,
        -0.66426408290863,
        -0.730727553367615,
        -0.793303310871124,
        -0.793303310871124,
        -0.80786395072937,
        -0.830305576324463,
        -0.830305576324463,
        -0.852592289447784,
        -0.846388399600983,
        -0.838969945907593,
        -0.876383185386658,
        -0.90364944934845,
        -0.88996285200119,
        -0.873607933521271,
        -0.894017159938812,
        -0.894017159938812,
        -0.90151172876358,
        -0.873144507408142,
        -0.927603840827942,
        -0.942203283309937,
        -0.930166482925415,
        -0.949663102626801,
        -0.918232798576355,
        -0.945401668548584,
        -0.945401668548584,
        -0.960220873355865,
        -0.984216928482056,
        -0.996162950992584,
        -0.989578664302826
    ],
    "omega_next": [
        -0.623932659626007,
        -0.66254597902298,
        -0.66254597902298,
        -0.636686503887177,
        -0.642777562141418,
        -0.647989690303802,
        -0.68902450799942,
        -0.850324094295502,
        -0.904385209083557,
        -0.997725367546082,
        -1.02149033546448,
        -1.01452589035034,
        -0.586667656898499,
        -0.586667656898499,
        -0.296828299760818,
        -0.34783524274826,
        -0.391780585050583,
        -0.45727476477623,
        -0.588185608386993,
        -0.66426408290863,
        -0.730727553367615,
        -0.793303310871124,
        -0.793303310871124,
        -0.80786395072937,
        -0.830305576324463,
        -0.830305576324463,
        -0.852592289447784,
        -0.846388399600983,
        -0.838969945907593,
        -0.876383185386658,
        -0.90364944934845,
        -0.88996285200119,
        -0.873607933521271,
        -0.894017159938812,
        -0.894017159938812,
        -0.90151172876358,
        -0.873144507408142,
        -0.927603840827942,
        -0.942203283309937,
        -0.930166482925415,
        -0.949663102626801,
        -0.918232798576355,
        -0.945401668548584,
        -0.945401668548584,
        -0.960220873355865,
        -0.984216928482056,
        -0.996162950992584,
        -0.989578664302826,
        -1.00250351428986
    ],
    "phiDotL": [
        -0.2422774076317383,
        -0.3028467595396729,
        -0.3028467595396729,
        -0.3634161114476075,
        -0.3634161114476075,
        -0.4239854633555421,
        -0.4239854633555421,
        -0.4845548152634767,
        -0.5451241671714112,
        -0.5451241671714112,
        -0.6056935190793459,
        -0.6056935190793459,
        -0.6662628709872804,
        -0.6662628709872804,
        -0.726832222895215,
        -0.726832222895215,
        -0.7874015748031497,
        -0.7874015748031497,
        -0.8479709267110843,
        -0.8479709267110843,
        -0.9085402786190188,
        -0.9691096305269534,
        -0.9691096305269534,
        -1.029678982434888,
        -1.029678982434888,
        -1.0902483343428224,
        -1.0902483343428224,
        -1.150817686250757,
        -1.150817686250757,
        -1.2113870381586918,
        -1.2113870381586918,
        -1.2719563900666262,
        -1.2719563900666262,
        -1.3325257419745609,
        -1.3325257419745609,
        -1.3930950938824955,
        -1.45366444579043,
        -1.45366444579043,
        -1.5142337976983646,
        -1.5142337976983646,
        -1.5748031496062993,
        -1.5748031496062993,
        -1.635372501514234,
        -1.635372501514234,
        -1.6959418534221686,
        -1.6959418534221686,
        -1.6959418534221686,
        -1.6959418534221686,
        -1.8170805572380373
    ],
    "phiDotR": [
        3.8764385221078137,
        3.937007874015748,
        3.937007874015748,
        3.997577225923683,
        3.997577225923683,
        4.058146577831618,
        4.058146577831618,
        4.118715929739552,
        4.179285281647486,
        4.179285281647486,
        4.239854633555421,
        4.239854633555421,
        4.300423985463356,
        4.300423985463356,
        4.36099333737129,
        4.36099333737129,
        4.421562689279225,
        4.421562689279225,
        4.48213204118716,
        4.48213204118716,
        4.542701393095094,
        4.603270745003028,
        4.603270745003028,
        4.663840096910963,
        4.663840096910963,
        4.724409448818898,
        4.724409448818898,
        4.784978800726832,
        4.784978800726832,
        4.845548152634767,
        4.845548152634767,
        4.906117504542702,
        4.906117504542702,
        4.966686856450636,
        4.966686856450636,
        5.027256208358571,
        5.087825560266505,
        5.087825560266505,
        5.14839491217444,
        5.14839491217444,
        5.208964264082375,
        5.208964264082375,
        5.269533615990309,
        5.269533615990309,
        5.3301029678982434,
        5.3301029678982434,
        5.390672319806178,
        5.390672319806178,
        5.451241671714113
    ]
}