{
    "segment_index": 2043,
    "A": -0.19066785076241893,
    "B1": 0.010081245196490073,
    "B2": 0.011161378610403267,
    "omega": [
        -0.0009006951586343,
        -0.0009006951586343,
        -0.0011528553441166,
        0.0023268116638064,
        -0.0027409298345446,
        0.0002275214792462,
        -0.002186479512602,
        0.0011026974534615,
        0.0018202785868197,
        0.0028863386251032,
        0.0023796136956661,
        -0.0018397138919681,
        0.0026629951316863,
        0.0013276000972837,
        -0.0030053111258894,
        0.0018965546041727,
        -0.0036188343074172,
        0.001109623350203,
        0.0019339413847774,
        -7.3816227086354e-07,
        0.0008375362958759,
        -0.0015654064482078,
        5.88788025197573e-05,
        0.0032978693488985,
        0.0018135095015168,
        0.0028357547707855,
        -0.0018297036876902,
        0.0015094198752194,
        0.000869185780175,
        0.0003008623607456,
        -0.0002416687493678,
        -0.0009854295058175,
        -0.0021336595527827,
        -0.0012124695349484,
        -0.0052952943369746,
        0.0043452121317386,
        0.0024092600215226,
        -0.000909364898689,
        -1.8816066585714e-05,
        0.0014135342789813,
        0.0015651118010282,
        0.0005365770775824,
        -0.0005135876708664,
        0.0015751814935356,
        0.0005001825629733,
        0.0036942942533642,
        -0.0023740450851619,
        0.0215227231383324,
        0.0266945753246546
    ],
    "omega_next": [
        -0.0009006951586343,
        -0.0011528553441166,
        0.0023268116638064,
        -0.0027409298345446,
        0.0002275214792462,
        -0.002186479512602,
        0.0011026974534615,
        0.0018202785868197,
        0.0028863386251032,
        0.0023796136956661,
        -0.0018397138919681,
        0.0026629951316863,
        0.0013276000972837,
        -0.0030053111258894,
        0.0018965546041727,
        -0.0036188343074172,
        0.001109623350203,
        0.0019339413847774,
        -7.3816227086354e-07,
        0.0008375362958759,
        -0.0015654064482078,
        5.88788025197573e-05,
        0.0032978693488985,
        0.0018135095015168,
        0.0028357547707855,
        -0.0018297036876902,
        0.0015094198752194,
        0.000869185780175,
        0.0003008623607456,
        -0.0002416687493678,
        -0.0009854295058175,
        -0.0021336595527827,
        -0.0012124695349484,
        -0.0052952943369746,
        0.0043452121317386,
        0.0024092600215226,
        -0.000909364898689,
        -1.8816066585714e-05,
        0.0014135342789813,
        0.0015651118010282,
        0.0005365770775824,
        -0.0005135876708664,
        0.0015751814935356,
        0.0005001825629733,
        0.0036942942533642,
        -0.0023740450851619,
        0.0215227231383324,
        0.0266945753246546,
        0.04022067040205
    ],
    "phiDotL": [
        0.0,
        0.0,
        0.0,
        0.0,
        0.0,
        0.0,
        0.0,
        0.0,
        0.0,
        0.0,
        0.0,
        0.0,
        0.0,
        0.0,
        0.0,
        0.0,
        0.0,
        0.0,
        0.0,
        0.0,
        0.0,
        0.0,
        0.0,
        0.0,
        0.0,
        0.0,
        0.0,
        0.0,
        0.0,
        0.0,
        0.0,
        0.0,
        0.0,
        0.0,
        0.0,
        0.0,
        0.0,
        0.0,
        0.0,
        0.0,
        0.0,
        0.0,
        0.0,
        0.0,
        0.0,
        0.0,
        0.0,
        1.6959418534221686,
        1.6959418534221686
    ],
    "phiDotR": [
        0.0,
        0.0,
        0.0,
        0.0,
        0.0,
        0.0,
        0.0,
        0.0,
        0.0,
        0.0,
        0.0,
        0.0,
        0.0,
        0.0,
        0.0,
        0.0,
        0.0,
        0.0,
        0.0,
        0.0,
        0.0,
        0.0,
        0.0,
        0.0,
        0.0,
        0.0,
        0.0,
        0.0,
        0.0,
        0.0,
        0.0,
        0.0,
        0.0,
        0.0,
        0.0,
        0.0,
        0.0,
        0.0,
        0.0,
        0.0,
        0.0,
        0.0,
        0.0,
        0.0,
        0.0,
        0.0,
        0.0,
        1.877649909145972,
        1.877649909145972
    ]
}