{
    "segment_index": 2456,
    "A": 0.22402749712139852,
    "B1": 0.0,
    "B2": 0.0,
    "omega": [
        0.0015381305711343,
        0.0020213581155985,
        0.0009605925879441,
        -2.14805877476465e-05,
        0.000992291374132,
        -0.0022499489132314,
        -0.0023220279254019,
        0.0024071130901575,
        0.0023092930205166,
        -0.0001820940087782,
        -0.0011720712063834,
        -0.0035928012803196,
        0.0009277460630983,
        -0.0013003644999116,
        -0.001719897496514,
        -0.0002499943075235,
        -0.0006553687853738,
        -0.0012017465196549,
        -0.0020279155578464,
        0.0012275199405849,
        0.0010093225864693,
        -0.0047797979786992,
        -0.0035544170532375,
        -0.0014708461239934,
        -0.0017306143417954,
        -0.0016385435592383,
        -0.0006023669848218,
        0.0012194665614515,
        -8.67250200826675e-05,
        0.0006582555943168,
        -0.0004557523061521,
        -0.0004655183001887,
        -0.003059402341023,
        0.0013471834827214,
        0.0016923119546845,
        -0.002602970926091,
        -0.0024679752532392,
        0.0009944713674485,
        -0.0015863940352574,
        0.0004711447691079,
        0.0011180080473423,
        -0.0010268156183883,
        0.0008391722221858,
        9.6549054433126e-05,
        0.0023883981630206,
        0.0007410164107568,
        -0.0016355739207938,
        -0.0019626547582447,
        0.0003656561602838
    ],
    "omega_next": [
        0.0020213581155985,
        0.0009605925879441,
        -2.14805877476465e-05,
        0.000992291374132,
        -0.0022499489132314,
        -0.0023220279254019,
        0.0024071130901575,
        0.0023092930205166,
        -0.0001820940087782,
        -0.0011720712063834,
        -0.0035928012803196,
        0.0009277460630983,
        -0.0013003644999116,
        -0.001719897496514,
        -0.0002499943075235,
        -0.0006553687853738,
        -0.0012017465196549,
        -0.0020279155578464,
        0.0012275199405849,
        0.0010093225864693,
        -0.0047797979786992,
        -0.0035544170532375,
        -0.0014708461239934,
        -0.0017306143417954,
        -0.0016385435592383,
        -0.0006023669848218,
        0.0012194665614515,
        -8.67250200826675e-05,
        0.0006582555943168,
        -0.0004557523061521,
        -0.0004655183001887,
        -0.003059402341023,
        0.0013471834827214,
        0.0016923119546845,
        -0.002602970926091,
        -0.0024679752532392,
        0.0009944713674485,
        -0.0015863940352574,
        0.0004711447691079,
        0.0011180080473423,
        -0.0010268156183883,
        0.0008391722221858,
        9.6549054433126e-05,
        0.0023883981630206,
        0.0007410164107568,
        -0.0016355739207938,
        -0.0019626547582447,
        0.0003656561602838,
        0.0002720270131248
    ],
    "phiDotL": [
        0.0,
        0.0,
        0.0,
        0.0,
        0.0,
        0.0,
        0.0,
        0.0,
        0.0,
        0.0,
        0.0,
        0.0,
        0.0,
        0.0,
        0.0,
        0.0,
        0.0,
        0.0,
        0.0,
        0.0,
        0.0,
        0.0,
        0.0,
        0.0,
        0.0,
        0.0,
        0.0,
        0.0,
        0.0,
        0.0,
        0.0,
        0.0,
        0.0,
        0.0,
        0.0,
        0.0,
        0.0,
        0.0,
        0.0,
        0.0,
        0.0,
        0.0,
        0.0,
        0.0,
        0.0,
        0.0,
        0.0,
        0.0,
        0.0
    ],
    "phiDotR": [
        0.0,
        0.0,
        0.0,
        0.0,
        0.0,
        0.0,
        0.0,
        0.0,
        0.0,
        0.0,
        0.0,
        0.0,
        0.0,
        0.0,
        0.0,
        0.0,
        0.0,
        0.0,
        0.0,
        0.0,
        0.0,
        0.0,
        0.0,
        0.0,
        0.0,
        0.0,
        0.0,
        0.0,
        0.0,
        0.0,
        0.0,
        0.0,
        0.0,
        0.0,
        0.0,
        0.0,
        0.0,
        0.0,
        0.0,
        0.0,
        0.0,
        0.0,
        0.0,
        0.0,
        0.0,
        0.0,
        0.0,
        0.0,
        0.0
    ]
}