{
    "segment_index": 1784,
    "A": -0.3156463695649074,
    "B1": 0.20661650483746508,
    "B2": -0.21099165041894327,
    "omega": [
        0.0052455514669418,
        0.0052455514669418,
        6.23577943770215e-06,
        0.0039823250845074,
        -0.0013924672966823,
        -0.0019485588418319,
        0.0011518580140546,
        -0.0011014954652637,
        -0.0011014954652637,
        0.0018543773330748,
        0.0018891660729423,
        0.0018891660729423,
        -0.0016097332118079,
        0.0022687357850372,
        -0.000681480509229,
        -0.0010696435347199,
        0.0016193662304431,
        0.0016456479206681,
        0.0016456479206681,
        0.0002226586220785,
        0.0004675419186241,
        0.0005202703177928,
        -0.0014342304784804,
        0.121987603604794,
        -0.0303821843117476,
        0.0335519388318062,
        0.0300481878221035,
        0.0661390647292137,
        0.0661390647292137,
        0.0654009357094765,
        0.078029178082943,
        0.101102009415627,
        0.0887216180562973,
        0.129690408706665,
        0.124999478459358,
        0.128013968467712,
        0.171293452382088,
        0.171293452382088,
        0.170550301671028,
        0.157027915120125,
        0.197633072733879,
        0.192344605922699,
        0.226378217339516,
        0.223770990967751,
        0.225529432296753,
        0.250241905450821,
        0.296036630868912,
        0.287546187639236,
        0.197708144783974
    ],
    "omega_next": [
        0.0052455514669418,
        6.23577943770215e-06,
        0.0039823250845074,
        -0.0013924672966823,
        -0.0019485588418319,
        0.0011518580140546,
        -0.0011014954652637,
        -0.0011014954652637,
        0.0018543773330748,
        0.0018891660729423,
        0.0018891660729423,
        -0.0016097332118079,
        0.0022687357850372,
        -0.000681480509229,
        -0.0010696435347199,
        0.0016193662304431,
        0.0016456479206681,
        0.0016456479206681,
        0.0002226586220785,
        0.0004675419186241,
        0.0005202703177928,
        -0.0014342304784804,
        0.121987603604794,
        -0.0303821843117476,
        0.0335519388318062,
        0.0300481878221035,
        0.0661390647292137,
        0.0661390647292137,
        0.0654009357094765,
        0.078029178082943,
        0.101102009415627,
        0.0887216180562973,
        0.129690408706665,
        0.124999478459358,
        0.128013968467712,
        0.171293452382088,
        0.171293452382088,
        0.170550301671028,
        0.157027915120125,
        0.197633072733879,
        0.192344605922699,
        0.226378217339516,
        0.223770990967751,
        0.225529432296753,
        0.250241905450821,
        0.296036630868912,
        0.287546187639236,
        0.197708144783974,
        0.304553180932999
    ],
    "phiDotL": [
        0.0,
        0.0,
        0.0,
        0.0,
        0.0,
        0.0,
        0.0,
        0.0,
        0.0,
        0.0,
        0.0,
        0.0,
        0.0,
        0.0,
        0.0,
        0.0,
        0.0,
        0.0,
        0.0,
        0.0,
        0.0,
        0.0,
        1.877649909145972,
        1.877649909145972,
        1.9382192610539069,
        1.9382192610539069,
        1.9987886129618413,
        1.9987886129618413,
        2.059357964869776,
        2.059357964869776,
        2.1199273167777104,
        2.1199273167777104,
        2.180496668685645,
        2.180496668685645,
        2.24106602059358,
        2.301635372501514,
        2.301635372501514,
        2.362204724409449,
        2.362204724409449,
        2.4227740763173835,
        2.4227740763173835,
        2.483343428225318,
        2.483343428225318,
        2.5439127801332524,
        2.5439127801332524,
        2.6044821320411877,
        2.6044821320411877,
        2.6650514839491217,
        2.6650514839491217
    ],
    "phiDotR": [
        0.0,
        0.0,
        0.0,
        0.0,
        0.0,
        0.0,
        0.0,
        0.0,
        0.0,
        0.0,
        0.0,
        0.0,
        0.0,
        0.0,
        0.0,
        0.0,
        0.0,
        0.0,
        0.0,
        0.0,
        0.0,
        0.0,
        1.6959418534221686,
        1.6959418534221686,
        1.635372501514234,
        1.635372501514234,
        1.5748031496062993,
        1.5748031496062993,
        1.5142337976983646,
        1.5142337976983646,
        1.45366444579043,
        1.45366444579043,
        1.3930950938824955,
        1.3930950938824955,
        1.3325257419745609,
        1.2719563900666262,
        1.2719563900666262,
        1.2113870381586918,
        1.2113870381586918,
        1.150817686250757,
        1.150817686250757,
        1.0902483343428224,
        1.0902483343428224,
        1.029678982434888,
        1.029678982434888,
        0.9691096305269534,
        0.9691096305269534,
        0.9085402786190188,
        0.9085402786190188
    ]
}