{
    "segment_index": 554,
    "A": 0.760940102693842,
    "B1": 0.003795866496649151,
    "B2": -0.05748910239250525,
    "omega": [
        -0.916083931922913,
        -0.926066875457764,
        -1.01158559322357,
        -1.07179772853851,
        -1.05231714248657,
        -1.08346915245056,
        -1.10665726661682,
        -1.11001253128052,
        -1.07537281513214,
        -1.13004958629608,
        -1.11657762527466,
        -1.11440300941467,
        -1.20427596569061,
        -1.16512620449066,
        -1.16729438304901,
        -1.21982848644257,
        -1.33661448955536,
        -1.39007389545441,
        -1.53988921642303,
        -1.48878121376038,
        -1.33075320720673,
        -1.27055978775024,
        -1.2444189786911,
        -1.1884685754776,
        -1.24789977073669,
        -1.23651623725891,
        -1.2127012014389,
        -1.23656809329987,
        -1.28257548809052,
        -1.31803512573242,
        -1.32038819789886,
        -1.35434484481812,
        -1.31383204460144,
        -1.32114350795746,
        -1.39303719997406,
        -1.39215445518494,
        -1.34815764427185,
        -1.35893476009369,
        -1.33483147621155,
        -1.36436438560486,
        -1.35640335083008,
        -1.34506714344025,
        -1.45919942855835,
        -1.48977291584015,
        -1.50627255439758,
        -1.4589695930481,
        -1.40123724937439,
        -1.44743072986603,
        -1.50960338115692
    ],
    "omega_next": [
        -0.926066875457764,
        -1.01158559322357,
        -1.07179772853851,
        -1.05231714248657,
        -1.08346915245056,
        -1.10665726661682,
        -1.11001253128052,
        -1.07537281513214,
        -1.13004958629608,
        -1.11657762527466,
        -1.11440300941467,
        -1.20427596569061,
        -1.16512620449066,
        -1.16729438304901,
        -1.21982848644257,
        -1.33661448955536,
        -1.39007389545441,
        -1.53988921642303,
        -1.48878121376038,
        -1.33075320720673,
        -1.27055978775024,
        -1.2444189786911,
        -1.1884685754776,
        -1.24789977073669,
        -1.23651623725891,
        -1.2127012014389,
        -1.23656809329987,
        -1.28257548809052,
        -1.31803512573242,
        -1.32038819789886,
        -1.35434484481812,
        -1.31383204460144,
        -1.32114350795746,
        -1.39303719997406,
        -1.39215445518494,
        -1.34815764427185,
        -1.35893476009369,
        -1.33483147621155,
        -1.36436438560486,
        -1.35640335083008,
        -1.34506714344025,
        -1.45919942855835,
        -1.48977291584015,
        -1.50627255439758,
        -1.4589695930481,
        -1.40123724937439,
        -1.44743072986603,
        -1.50960338115692,
        -1.54820764064789
    ],
    "phiDotL": [
        -3.270745003028468,
        -3.270745003028468,
        -3.3313143549364024,
        -3.3313143549364024,
        -3.3918837068443373,
        -3.3918837068443373,
        -3.3918837068443373,
        -3.3918837068443373,
        -3.4524530587522717,
        -3.5735917625681406,
        -3.5735917625681406,
        -3.634161114476075,
        -3.634161114476075,
        -3.6947304663840095,
        -3.6947304663840095,
        -3.755299818291944,
        -3.755299818291944,
        -3.815869170199879,
        -3.815869170199879,
        -3.8764385221078137,
        -3.8764385221078137,
        -3.937007874015748,
        -3.937007874015748,
        -3.997577225923683,
        -4.058146577831618,
        -4.058146577831618,
        -4.118715929739552,
        -4.118715929739552,
        -4.179285281647486,
        -4.179285281647486,
        -4.239854633555421,
        -4.239854633555421,
        -4.300423985463356,
        -4.300423985463356,
        -4.36099333737129,
        -4.36099333737129,
        -4.421562689279225,
        -4.48213204118716,
        -4.48213204118716,
        -4.542701393095094,
        -4.542701393095094,
        -4.603270745003028,
        -4.603270745003028,
        -4.663840096910963,
        -4.663840096910963,
        -4.724409448818898,
        -4.724409448818898,
        -4.784978800726832,
        -4.784978800726832
    ],
    "phiDotR": [
        4.48213204118716,
        4.48213204118716,
        4.542701393095094,
        4.542701393095094,
        4.603270745003028,
        4.603270745003028,
        4.663840096910963,
        4.663840096910963,
        4.724409448818898,
        4.784978800726832,
        4.784978800726832,
        4.845548152634767,
        4.845548152634767,
        4.906117504542702,
        4.906117504542702,
        4.966686856450636,
        4.966686856450636,
        5.027256208358571,
        5.027256208358571,
        5.087825560266505,
        5.087825560266505,
        5.14839491217444,
        5.14839491217444,
        5.208964264082375,
        5.269533615990309,
        5.269533615990309,
        5.3301029678982434,
        5.3301029678982434,
        5.390672319806178,
        5.390672319806178,
        5.451241671714113,
        5.451241671714113,
        5.511811023622047,
        5.511811023622047,
        5.572380375529982,
        5.572380375529982,
        5.632949727437917,
        5.693519079345851,
        5.693519079345851,
        5.754088431253785,
        5.754088431253785,
        5.81465778316172,
        5.81465778316172,
        5.875227135069655,
        5.875227135069655,
        5.93579648697759,
        5.93579648697759,
        5.996365838885524,
        5.996365838885524
    ]
}