{
    "segment_index": 2938,
    "A": 0.6353992341945337,
    "B1": 0.0516554721011652,
    "B2": -0.06151180721760453,
    "omega": [
        0.207653760910034,
        0.150857955217361,
        0.1961620002985,
        0.235102325677872,
        0.192986622452736,
        0.263716638088226,
        0.222894951701164,
        0.292882055044174,
        0.273428440093994,
        0.28174501657486,
        0.354290395975113,
        0.380290329456329,
        0.329280287027359,
        0.351936161518097,
        0.364518493413925,
        0.395014107227325,
        0.367512822151184,
        0.391527712345123,
        0.364255547523499,
        0.350831389427185,
        0.466014623641968,
        0.522857546806335,
        0.534459590911865,
        0.4898761510849,
        0.488422930240631,
        0.478786617517471,
        0.466539025306702,
        0.449580103158951,
        0.406373172998428,
        0.483989685773849,
        0.548963010311127,
        0.621683061122894,
        0.597322642803192,
        0.618853867053986,
        0.647844254970551,
        0.615675449371338,
        0.640752792358398,
        0.645397901535034,
        0.61770623922348,
        0.57641863822937,
        0.580111801624298,
        0.698664486408234,
        0.670442819595337,
        0.603151798248291,
        0.576067388057709,
        0.572041630744934,
        0.628963589668274,
        0.652557015419006,
        0.670946896076202
    ],
    "omega_next": [
        0.150857955217361,
        0.1961620002985,
        0.235102325677872,
        0.192986622452736,
        0.263716638088226,
        0.222894951701164,
        0.292882055044174,
        0.273428440093994,
        0.28174501657486,
        0.354290395975113,
        0.380290329456329,
        0.329280287027359,
        0.351936161518097,
        0.364518493413925,
        0.395014107227325,
        0.367512822151184,
        0.391527712345123,
        0.364255547523499,
        0.350831389427185,
        0.466014623641968,
        0.522857546806335,
        0.534459590911865,
        0.4898761510849,
        0.488422930240631,
        0.478786617517471,
        0.466539025306702,
        0.449580103158951,
        0.406373172998428,
        0.483989685773849,
        0.548963010311127,
        0.621683061122894,
        0.597322642803192,
        0.618853867053986,
        0.647844254970551,
        0.615675449371338,
        0.640752792358398,
        0.645397901535034,
        0.61770623922348,
        0.57641863822937,
        0.580111801624298,
        0.698664486408234,
        0.670442819595337,
        0.603151798248291,
        0.576067388057709,
        0.572041630744934,
        0.628963589668274,
        0.652557015419006,
        0.670946896076202,
        0.691990733146667
    ],
    "phiDotL": [
        3.3918837068443373,
        3.3918837068443373,
        3.3918837068443373,
        3.4524530587522717,
        3.4524530587522717,
        3.5735917625681406,
        3.5735917625681406,
        3.634161114476075,
        3.634161114476075,
        3.6947304663840095,
        3.6947304663840095,
        3.755299818291944,
        3.815869170199879,
        3.815869170199879,
        3.8764385221078137,
        3.8764385221078137,
        3.937007874015748,
        3.937007874015748,
        3.997577225923683,
        3.997577225923683,
        4.058146577831618,
        4.058146577831618,
        4.118715929739552,
        4.118715929739552,
        4.179285281647486,
        4.179285281647486,
        4.239854633555421,
        4.300423985463356,
        4.300423985463356,
        4.36099333737129,
        4.36099333737129,
        4.421562689279225,
        4.421562689279225,
        4.48213204118716,
        4.48213204118716,
        4.542701393095094,
        4.542701393095094,
        4.603270745003028,
        4.603270745003028,
        4.663840096910963,
        4.663840096910963,
        4.724409448818898,
        4.784978800726832,
        4.784978800726832,
        4.845548152634767,
        4.845548152634767,
        4.906117504542702,
        4.906117504542702,
        4.966686856450636
    ],
    "phiDotR": [
        1.3930950938824955,
        1.3325257419745609,
        1.3325257419745609,
        1.2719563900666262,
        1.2719563900666262,
        1.2113870381586918,
        1.2113870381586918,
        1.150817686250757,
        1.150817686250757,
        1.0902483343428224,
        1.0902483343428224,
        1.029678982434888,
        0.9691096305269534,
        0.9691096305269534,
        0.9085402786190188,
        0.9085402786190188,
        0.8479709267110843,
        0.8479709267110843,
        0.7874015748031497,
        0.7874015748031497,
        0.726832222895215,
        0.726832222895215,
        0.6662628709872804,
        0.6662628709872804,
        0.6056935190793459,
        0.6056935190793459,
        0.5451241671714112,
        0.4845548152634767,
        0.4845548152634767,
        0.4239854633555421,
        0.4239854633555421,
        0.3634161114476075,
        0.3634161114476075,
        0.3028467595396729,
        0.3028467595396729,
        0.2422774076317383,
        0.2422774076317383,
        0.1817080557238037,
        0.1817080557238037,
        0.1211387038158691,
        0.1211387038158691,
        0.0605693519079345,
        0.0,
        0.0,
        0.0,
        0.0,
        -0.0605693519079345,
        -0.0605693519079345,
        -0.1211387038158691
    ]
}