{
    "segment_index": 780,
    "A": 0.7792368932835934,
    "B1": 0.010546365750786263,
    "B2": -0.03743065618464598,
    "omega": [
        -0.194414749741554,
        -0.182417958974838,
        -0.269487768411636,
        -0.279420614242554,
        -0.213172346353531,
        -0.200948804616928,
        -0.212613001465797,
        -0.236300975084305,
        -0.266018182039261,
        -0.27166685461998,
        -0.250640422105789,
        -0.23721581697464,
        -0.276407092809677,
        -0.329536288976669,
        -0.352468699216843,
        -0.348684161901474,
        -0.310034662485123,
        -0.369015783071518,
        -0.330097258090973,
        -0.363266110420227,
        -0.33214795589447,
        -0.35312756896019,
        -0.331911951303482,
        -0.387462884187698,
        -0.367907762527466,
        -0.402519524097443,
        -0.424070179462433,
        -0.472866266965866,
        -0.427403301000595,
        -0.440162509679794,
        -0.53064101934433,
        -0.589105069637299,
        -0.586060225963593,
        -0.602658569812775,
        -0.63773900270462,
        -0.623078286647797,
        -0.598642110824585,
        -0.514564871788025,
        -0.470888167619705,
        -0.500315070152283,
        -0.5412677526474,
        -0.501998603343964,
        -0.368528634309769,
        -0.507875680923462,
        -0.458456426858902,
        -0.410356909036636,
        -0.412604779005051,
        -0.455260217189789,
        -0.520521342754364
    ],
    "omega_next": [
        -0.182417958974838,
        -0.269487768411636,
        -0.279420614242554,
        -0.213172346353531,
        -0.200948804616928,
        -0.212613001465797,
        -0.236300975084305,
        -0.266018182039261,
        -0.27166685461998,
        -0.250640422105789,
        -0.23721581697464,
        -0.276407092809677,
        -0.329536288976669,
        -0.352468699216843,
        -0.348684161901474,
        -0.310034662485123,
        -0.369015783071518,
        -0.330097258090973,
        -0.363266110420227,
        -0.33214795589447,
        -0.35312756896019,
        -0.331911951303482,
        -0.387462884187698,
        -0.367907762527466,
        -0.402519524097443,
        -0.424070179462433,
        -0.472866266965866,
        -0.427403301000595,
        -0.440162509679794,
        -0.53064101934433,
        -0.589105069637299,
        -0.586060225963593,
        -0.602658569812775,
        -0.63773900270462,
        -0.623078286647797,
        -0.598642110824585,
        -0.514564871788025,
        -0.470888167619705,
        -0.500315070152283,
        -0.5412677526474,
        -0.501998603343964,
        -0.368528634309769,
        -0.507875680923462,
        -0.458456426858902,
        -0.410356909036636,
        -0.412604779005051,
        -0.455260217189789,
        -0.520521342754364,
        -0.599075734615326
    ],
    "phiDotL": [
        0.6056935190793459,
        0.6056935190793459,
        0.5451241671714112,
        0.5451241671714112,
        0.4845548152634767,
        0.4845548152634767,
        0.4239854633555421,
        0.4239854633555421,
        0.3634161114476075,
        0.3634161114476075,
        0.3028467595396729,
        0.3028467595396729,
        0.2422774076317383,
        0.1817080557238037,
        0.1817080557238037,
        0.1211387038158691,
        0.1211387038158691,
        0.0605693519079345,
        0.0605693519079345,
        0.0,
        0.0,
        0.0,
        0.0,
        -0.0605693519079345,
        -0.0605693519079345,
        -0.1211387038158691,
        -0.1817080557238037,
        -0.1817080557238037,
        -0.2422774076317383,
        -0.2422774076317383,
        -0.3028467595396729,
        -0.3028467595396729,
        -0.3634161114476075,
        -0.3634161114476075,
        -0.4239854633555421,
        -0.4239854633555421,
        -0.4845548152634767,
        -0.4845548152634767,
        -0.5451241671714112,
        -0.5451241671714112,
        -0.6056935190793459,
        -0.6662628709872804,
        -0.6662628709872804,
        -0.726832222895215,
        -0.726832222895215,
        -0.7874015748031497,
        -0.7874015748031497,
        -0.8479709267110843,
        -0.8479709267110843
    ],
    "phiDotR": [
        1.6959418534221686,
        1.6959418534221686,
        1.8170805572380373,
        1.8170805572380373,
        1.877649909145972,
        1.877649909145972,
        1.9382192610539069,
        1.9382192610539069,
        1.9987886129618413,
        1.9987886129618413,
        2.059357964869776,
        2.059357964869776,
        2.1199273167777104,
        2.180496668685645,
        2.180496668685645,
        2.24106602059358,
        2.24106602059358,
        2.301635372501514,
        2.301635372501514,
        2.362204724409449,
        2.362204724409449,
        2.4227740763173835,
        2.4227740763173835,
        2.483343428225318,
        2.483343428225318,
        2.5439127801332524,
        2.6044821320411877,
        2.6044821320411877,
        2.6650514839491217,
        2.6650514839491217,
        2.7256208358570566,
        2.7256208358570566,
        2.786190187764991,
        2.786190187764991,
        2.846759539672925,
        2.846759539672925,
        2.90732889158086,
        2.90732889158086,
        2.967898243488795,
        2.967898243488795,
        3.0284675953967293,
        3.089036947304664,
        3.089036947304664,
        3.1496062992125986,
        3.1496062992125986,
        3.210175651120533,
        3.210175651120533,
        3.270745003028468,
        3.270745003028468
    ]
}