{
    "segment_index": 1144,
    "A": 0.4776038617860665,
    "B1": 0.09004737953361834,
    "B2": -0.03659267315319933,
    "omega": [
        0.5805624127388,
        0.650601804256439,
        0.54755973815918,
        0.541802763938904,
        0.671565413475037,
        0.636678874492645,
        0.72913920879364,
        0.749735236167908,
        0.840574145317078,
        0.730907082557678,
        0.717154264450073,
        0.81769073009491,
        0.911523520946503,
        0.821638643741608,
        0.755925476551056,
        0.84682285785675,
        0.829163551330566,
        0.960586428642273,
        0.830344796180725,
        0.826806485652924,
        0.815440893173218,
        0.950756192207336,
        0.943169355392456,
        0.951833009719849,
        0.928522348403931,
        0.889044165611267,
        0.928270757198334,
        0.921509325504303,
        0.892480254173279,
        0.876670598983765,
        0.874137818813324,
        0.915834784507751,
        0.897747874259949,
        0.881147742271423,
        0.90302711725235,
        0.96752667427063,
        0.939779937267303,
        0.941525936126709,
        0.887588977813721,
        0.941237092018127,
        1.00044369697571,
        0.998322427272797,
        0.957343697547913,
        1.0737053155899,
        1.11230444908142,
        1.07168793678284,
        1.0450884103775,
        1.08203387260437,
        1.08493077754974
    ],
    "omega_next": [
        0.650601804256439,
        0.54755973815918,
        0.541802763938904,
        0.671565413475037,
        0.636678874492645,
        0.72913920879364,
        0.749735236167908,
        0.840574145317078,
        0.730907082557678,
        0.717154264450073,
        0.81769073009491,
        0.911523520946503,
        0.821638643741608,
        0.755925476551056,
        0.84682285785675,
        0.829163551330566,
        0.960586428642273,
        0.830344796180725,
        0.826806485652924,
        0.815440893173218,
        0.950756192207336,
        0.943169355392456,
        0.951833009719849,
        0.928522348403931,
        0.889044165611267,
        0.928270757198334,
        0.921509325504303,
        0.892480254173279,
        0.876670598983765,
        0.874137818813324,
        0.915834784507751,
        0.897747874259949,
        0.881147742271423,
        0.90302711725235,
        0.96752667427063,
        0.939779937267303,
        0.941525936126709,
        0.887588977813721,
        0.941237092018127,
        1.00044369697571,
        0.998322427272797,
        0.957343697547913,
        1.0737053155899,
        1.11230444908142,
        1.07168793678284,
        1.0450884103775,
        1.08203387260437,
        1.08493077754974,
        1.00360298156738
    ],
    "phiDotL": [
        3.634161114476075,
        3.634161114476075,
        3.634161114476075,
        3.6947304663840095,
        3.6947304663840095,
        3.755299818291944,
        3.755299818291944,
        3.815869170199879,
        3.815869170199879,
        3.8764385221078137,
        3.8764385221078137,
        3.997577225923683,
        3.997577225923683,
        3.997577225923683,
        4.058146577831618,
        4.058146577831618,
        4.118715929739552,
        4.118715929739552,
        4.179285281647486,
        4.179285281647486,
        4.239854633555421,
        4.239854633555421,
        4.300423985463356,
        4.300423985463356,
        4.36099333737129,
        4.36099333737129,
        4.421562689279225,
        4.48213204118716,
        4.48213204118716,
        4.542701393095094,
        4.542701393095094,
        4.603270745003028,
        4.603270745003028,
        4.663840096910963,
        4.663840096910963,
        4.724409448818898,
        4.724409448818898,
        4.784978800726832,
        4.784978800726832,
        4.845548152634767,
        4.906117504542702,
        4.906117504542702,
        4.966686856450636,
        4.966686856450636,
        5.027256208358571,
        5.027256208358571,
        5.087825560266505,
        5.087825560266505,
        5.14839491217444
    ],
    "phiDotR": [
        -1.2113870381586918,
        -1.2113870381586918,
        -1.2113870381586918,
        -1.2719563900666262,
        -1.2719563900666262,
        -1.3325257419745609,
        -1.3325257419745609,
        -1.3930950938824955,
        -1.3930950938824955,
        -1.45366444579043,
        -1.45366444579043,
        -1.5748031496062993,
        -1.5748031496062993,
        -1.5748031496062993,
        -1.635372501514234,
        -1.635372501514234,
        -1.6959418534221686,
        -1.6959418534221686,
        -1.6959418534221686,
        -1.6959418534221686,
        -1.8170805572380373,
        -1.8170805572380373,
        -1.877649909145972,
        -1.877649909145972,
        -1.9382192610539069,
        -1.9382192610539069,
        -1.9987886129618413,
        -2.059357964869776,
        -2.059357964869776,
        -2.1199273167777104,
        -2.1199273167777104,
        -2.180496668685645,
        -2.180496668685645,
        -2.24106602059358,
        -2.24106602059358,
        -2.301635372501514,
        -2.301635372501514,
        -2.362204724409449,
        -2.362204724409449,
        -2.4227740763173835,
        -2.483343428225318,
        -2.483343428225318,
        -2.5439127801332524,
        -2.5439127801332524,
        -2.6044821320411877,
        -2.6044821320411877,
        -2.6650514839491217,
        -2.6650514839491217,
        -2.7256208358570566
    ]
}