{
    "segment_index": 1427,
    "A": 0.8874956551411974,
    "B1": -0.013311662143592194,
    "B2": -0.016445832957255123,
    "omega": [
        -0.298503935337067,
        -0.314836889505386,
        -0.324650019407272,
        -0.333951622247696,
        -0.35810112953186,
        -0.3303502202034,
        -0.3303502202034,
        -0.335353553295135,
        -0.399959743022919,
        -0.354495525360107,
        -0.369903117418289,
        -0.373985379934311,
        -0.373985379934311,
        -0.376004606485367,
        -0.379643142223358,
        -0.405318230390549,
        -0.442511051893234,
        -0.422721654176712,
        -0.422721654176712,
        -0.419858306646347,
        -0.431029230356216,
        -0.489780277013779,
        -0.47634282708168,
        -0.457987993955612,
        -0.453415662050247,
        -0.453415662050247,
        -0.504236459732056,
        -0.487562000751495,
        -0.487562000751495,
        -0.512278735637665,
        -0.56116771697998,
        -0.586978197097778,
        -0.61162930727005,
        -0.602310359477997,
        -0.623932659626007,
        -0.66254597902298,
        -0.66254597902298,
        -0.636686503887177,
        -0.642777562141418,
        -0.647989690303802,
        -0.68902450799942,
        -0.850324094295502,
        -0.904385209083557,
        -0.997725367546082,
        -1.02149033546448,
        -1.01452589035034,
        -0.586667656898499,
        -0.586667656898499,
        -0.296828299760818
    ],
    "omega_next": [
        -0.314836889505386,
        -0.324650019407272,
        -0.333951622247696,
        -0.35810112953186,
        -0.3303502202034,
        -0.3303502202034,
        -0.335353553295135,
        -0.399959743022919,
        -0.354495525360107,
        -0.369903117418289,
        -0.373985379934311,
        -0.373985379934311,
        -0.376004606485367,
        -0.379643142223358,
        -0.405318230390549,
        -0.442511051893234,
        -0.422721654176712,
        -0.422721654176712,
        -0.419858306646347,
        -0.431029230356216,
        -0.489780277013779,
        -0.47634282708168,
        -0.457987993955612,
        -0.453415662050247,
        -0.453415662050247,
        -0.504236459732056,
        -0.487562000751495,
        -0.487562000751495,
        -0.512278735637665,
        -0.56116771697998,
        -0.586978197097778,
        -0.61162930727005,
        -0.602310359477997,
        -0.623932659626007,
        -0.66254597902298,
        -0.66254597902298,
        -0.636686503887177,
        -0.642777562141418,
        -0.647989690303802,
        -0.68902450799942,
        -0.850324094295502,
        -0.904385209083557,
        -0.997725367546082,
        -1.02149033546448,
        -1.01452589035034,
        -0.586667656898499,
        -0.586667656898499,
        -0.296828299760818,
        -0.34783524274826
    ],
    "phiDotL": [
        0.726832222895215,
        0.726832222895215,
        0.6662628709872804,
        0.6662628709872804,
        0.6056935190793459,
        0.6056935190793459,
        0.5451241671714112,
        0.5451241671714112,
        0.4845548152634767,
        0.4845548152634767,
        0.4239854633555421,
        0.3634161114476075,
        0.3634161114476075,
        0.3028467595396729,
        0.3028467595396729,
        0.2422774076317383,
        0.2422774076317383,
        0.1817080557238037,
        0.1817080557238037,
        0.1211387038158691,
        0.1211387038158691,
        0.0605693519079345,
        0.0605693519079345,
        0.0,
        0.0,
        0.0,
        -0.0605693519079345,
        -0.0605693519079345,
        -0.1211387038158691,
        -0.1211387038158691,
        -0.1817080557238037,
        -0.1817080557238037,
        -0.2422774076317383,
        -0.2422774076317383,
        -0.3028467595396729,
        -0.3028467595396729,
        -0.3634161114476075,
        -0.3634161114476075,
        -0.4239854633555421,
        -0.4239854633555421,
        -0.4845548152634767,
        -0.5451241671714112,
        -0.5451241671714112,
        -0.6056935190793459,
        -0.6056935190793459,
        -0.6662628709872804,
        -0.6662628709872804,
        -0.726832222895215,
        -0.726832222895215
    ],
    "phiDotR": [
        2.846759539672925,
        2.846759539672925,
        2.90732889158086,
        2.90732889158086,
        2.967898243488795,
        2.967898243488795,
        3.0284675953967293,
        3.0284675953967293,
        3.089036947304664,
        3.089036947304664,
        3.1496062992125986,
        3.210175651120533,
        3.210175651120533,
        3.270745003028468,
        3.270745003028468,
        3.3313143549364024,
        3.3313143549364024,
        3.3918837068443373,
        3.3918837068443373,
        3.3918837068443373,
        3.3918837068443373,
        3.4524530587522717,
        3.4524530587522717,
        3.5735917625681406,
        3.5735917625681406,
        3.634161114476075,
        3.6947304663840095,
        3.6947304663840095,
        3.755299818291944,
        3.755299818291944,
        3.815869170199879,
        3.815869170199879,
        3.8764385221078137,
        3.8764385221078137,
        3.937007874015748,
        3.937007874015748,
        3.997577225923683,
        3.997577225923683,
        4.058146577831618,
        4.058146577831618,
        4.118715929739552,
        4.179285281647486,
        4.179285281647486,
        4.239854633555421,
        4.239854633555421,
        4.300423985463356,
        4.300423985463356,
        4.36099333737129,
        4.36099333737129
    ]
}