{
    "segment_index": 72,
    "A": -0.5895549091948205,
    "B1": 0.2510427038864904,
    "B2": -0.2926290448097258,
    "omega": [
        0.0006843909504823,
        0.0015869083581492,
        -0.0042461538687348,
        -0.0006501286989077,
        0.0021591791883111,
        0.0017261689063161,
        0.0039661689661443,
        0.001103607006371,
        0.0011888658627867,
        -0.0008096225792542,
        -0.0019835066050291,
        -0.0012442645383998,
        0.0017631988739594,
        0.0033920763526111,
        -0.0021518315188586,
        0.0030094480607658,
        -0.0006780268158763,
        0.0013196666259318,
        0.0014097198145464,
        -0.0001111280289478,
        0.0004102352831978,
        -0.0037667318247258,
        0.0031213317997753,
        -0.0010335175320506,
        0.0043136021122336,
        0.002548681339249,
        -0.0022559165954589,
        0.0002251830737804,
        0.0013433038257062,
        0.0019892985001206,
        0.000649397727102,
        0.0001148027949966,
        -0.0004382606421131,
        -0.0023440951481461,
        0.0016706875758245,
        -0.0005120083806104,
        -0.0010440076002851,
        -0.0019871501717716,
        -0.0028273146599531,
        0.0013326732441783,
        0.0028694469947367,
        0.0021478608250618,
        0.0002881761174649,
        0.0085459528490901,
        0.0018541406607255,
        0.0511721931397915,
        0.0194953866302967,
        0.0391800850629807,
        0.049014400690794
    ],
    "omega_next": [
        0.0015869083581492,
        -0.0042461538687348,
        -0.0006501286989077,
        0.0021591791883111,
        0.0017261689063161,
        0.0039661689661443,
        0.001103607006371,
        0.0011888658627867,
        -0.0008096225792542,
        -0.0019835066050291,
        -0.0012442645383998,
        0.0017631988739594,
        0.0033920763526111,
        -0.0021518315188586,
        0.0030094480607658,
        -0.0006780268158763,
        0.0013196666259318,
        0.0014097198145464,
        -0.0001111280289478,
        0.0004102352831978,
        -0.0037667318247258,
        0.0031213317997753,
        -0.0010335175320506,
        0.0043136021122336,
        0.002548681339249,
        -0.0022559165954589,
        0.0002251830737804,
        0.0013433038257062,
        0.0019892985001206,
        0.000649397727102,
        0.0001148027949966,
        -0.0004382606421131,
        -0.0023440951481461,
        0.0016706875758245,
        -0.0005120083806104,
        -0.0010440076002851,
        -0.0019871501717716,
        -0.0028273146599531,
        0.0013326732441783,
        0.0028694469947367,
        0.0021478608250618,
        0.0002881761174649,
        0.0085459528490901,
        0.0018541406607255,
        0.0511721931397915,
        0.0194953866302967,
        0.0391800850629807,
        0.049014400690794,
        0.0898672491312027
    ],
    "phiDotL": [
        0.0,
        0.0,
        0.0,
        0.0,
        0.0,
        0.0,
        0.0,
        0.0,
        0.0,
        0.0,
        0.0,
        0.0,
        0.0,
        0.0,
        0.0,
        0.0,
        0.0,
        0.0,
        0.0,
        0.0,
        0.0,
        0.0,
        0.0,
        0.0,
        0.0,
        0.0,
        0.0,
        0.0,
        0.0,
        0.0,
        0.0,
        0.0,
        0.0,
        0.0,
        0.0,
        0.0,
        0.0,
        0.0,
        0.0,
        0.0,
        0.0,
        0.0,
        0.0,
        0.6662628709872804,
        0.6662628709872804,
        0.726832222895215,
        0.726832222895215,
        0.7874015748031497,
        0.7874015748031497
    ],
    "phiDotR": [
        0.0,
        0.0,
        0.0,
        0.0,
        0.0,
        0.0,
        0.0,
        0.0,
        0.0,
        0.0,
        0.0,
        0.0,
        0.0,
        0.0,
        0.0,
        0.0,
        0.0,
        0.0,
        0.0,
        0.0,
        0.0,
        0.0,
        0.0,
        0.0,
        0.0,
        0.0,
        0.0,
        0.0,
        0.0,
        0.0,
        0.0,
        0.0,
        0.0,
        0.0,
        0.0,
        0.0,
        0.0,
        0.0,
        0.0,
        0.0,
        0.0,
        0.0,
        0.0,
        0.4845548152634767,
        0.4845548152634767,
        0.4239854633555421,
        0.4239854633555421,
        0.3634161114476075,
        0.3634161114476075
    ]
}