{
    "segment_index": 131,
    "A": 0.2521059770276316,
    "B1": 0.06548954081478503,
    "B2": -0.17027897127323366,
    "omega": [
        0.147118330001831,
        0.140841141343117,
        0.096074715256691,
        0.126653984189034,
        0.123841688036919,
        0.125745475292206,
        0.109478853642941,
        0.138752177357674,
        0.18235270678997,
        0.196762472391129,
        0.175351113080978,
        0.187385722994804,
        0.19764356315136,
        0.187809020280838,
        0.19291315972805,
        0.228741407394409,
        0.255745410919189,
        0.228273451328278,
        0.29252877831459,
        0.286684840917587,
        0.250891238451004,
        0.247000828385353,
        0.291743129491806,
        0.263782262802124,
        0.320890098810196,
        0.338076055049896,
        0.347902089357376,
        0.383813828229904,
        0.304972589015961,
        0.398954451084137,
        0.434963166713715,
        0.388166844844818,
        0.368807584047318,
        0.379343092441559,
        0.42167603969574,
        0.436474502086639,
        0.440430521965027,
        0.436197310686111,
        0.432806581258774,
        0.484763324260712,
        0.481051713228226,
        0.507593035697937,
        0.594842612743378,
        0.56270045042038,
        0.512724161148071,
        0.53218013048172,
        0.587083280086517,
        0.569699466228485,
        0.529321551322937
    ],
    "omega_next": [
        0.140841141343117,
        0.096074715256691,
        0.126653984189034,
        0.123841688036919,
        0.125745475292206,
        0.109478853642941,
        0.138752177357674,
        0.18235270678997,
        0.196762472391129,
        0.175351113080978,
        0.187385722994804,
        0.19764356315136,
        0.187809020280838,
        0.19291315972805,
        0.228741407394409,
        0.255745410919189,
        0.228273451328278,
        0.29252877831459,
        0.286684840917587,
        0.250891238451004,
        0.247000828385353,
        0.291743129491806,
        0.263782262802124,
        0.320890098810196,
        0.338076055049896,
        0.347902089357376,
        0.383813828229904,
        0.304972589015961,
        0.398954451084137,
        0.434963166713715,
        0.388166844844818,
        0.368807584047318,
        0.379343092441559,
        0.42167603969574,
        0.436474502086639,
        0.440430521965027,
        0.436197310686111,
        0.432806581258774,
        0.484763324260712,
        0.481051713228226,
        0.507593035697937,
        0.594842612743378,
        0.56270045042038,
        0.512724161148071,
        0.53218013048172,
        0.587083280086517,
        0.569699466228485,
        0.529321551322937,
        0.551254034042358
    ],
    "phiDotL": [
        1.150817686250757,
        1.2113870381586918,
        1.2113870381586918,
        1.2719563900666262,
        1.2719563900666262,
        1.3325257419745609,
        1.3325257419745609,
        1.3930950938824955,
        1.3930950938824955,
        1.45366444579043,
        1.45366444579043,
        1.5142337976983646,
        1.5748031496062993,
        1.5748031496062993,
        1.635372501514234,
        1.635372501514234,
        1.6959418534221686,
        1.6959418534221686,
        1.6959418534221686,
        1.6959418534221686,
        1.8170805572380373,
        1.8170805572380373,
        1.877649909145972,
        1.877649909145972,
        1.9382192610539069,
        1.9987886129618413,
        1.9987886129618413,
        2.059357964869776,
        2.059357964869776,
        2.1199273167777104,
        2.1199273167777104,
        2.180496668685645,
        2.180496668685645,
        2.24106602059358,
        2.24106602059358,
        2.301635372501514,
        2.301635372501514,
        2.362204724409449,
        2.362204724409449,
        2.4227740763173835,
        2.483343428225318,
        2.483343428225318,
        2.5439127801332524,
        2.5439127801332524,
        2.6044821320411877,
        2.6044821320411877,
        2.6650514839491217,
        2.6650514839491217,
        2.7256208358570566
    ],
    "phiDotR": [
        0.0,
        0.0,
        0.0,
        -0.0605693519079345,
        -0.0605693519079345,
        -0.1211387038158691,
        -0.1211387038158691,
        -0.1817080557238037,
        -0.1817080557238037,
        -0.2422774076317383,
        -0.2422774076317383,
        -0.3028467595396729,
        -0.3634161114476075,
        -0.3634161114476075,
        -0.4239854633555421,
        -0.4239854633555421,
        -0.4845548152634767,
        -0.4845548152634767,
        -0.5451241671714112,
        -0.5451241671714112,
        -0.6056935190793459,
        -0.6056935190793459,
        -0.6662628709872804,
        -0.6662628709872804,
        -0.726832222895215,
        -0.7874015748031497,
        -0.7874015748031497,
        -0.8479709267110843,
        -0.8479709267110843,
        -0.9085402786190188,
        -0.9085402786190188,
        -0.9691096305269534,
        -0.9691096305269534,
        -1.029678982434888,
        -1.029678982434888,
        -1.0902483343428224,
        -1.0902483343428224,
        -1.150817686250757,
        -1.150817686250757,
        -1.2113870381586918,
        -1.2719563900666262,
        -1.2719563900666262,
        -1.3325257419745609,
        -1.3325257419745609,
        -1.3930950938824955,
        -1.3930950938824955,
        -1.45366444579043,
        -1.45366444579043,
        -1.5142337976983646
    ]
}