{
    "segment_index": 957,
    "A": -1.4891387536595513,
    "B1": 0.09844064829424994,
    "B2": -0.4996034483156884,
    "omega": [
        -1.37648093700409,
        -1.38132631778717,
        -1.36699688434601,
        -1.36279773712158,
        -1.39219403266907,
        -1.40071392059326,
        -1.30744183063507,
        -0.784945726394653,
        -0.265212118625641,
        0.0580610819160938,
        0.0125668710097671,
        0.0031923460774123,
        0.0047174026258289,
        0.0011243650224059,
        -0.0038457820191979,
        0.0042365109547972,
        -0.000683462829329,
        -0.00295180385001,
        -0.0026883003301918,
        0.0025215246714651,
        0.0020477792713791,
        0.0031393871176987,
        0.0037140541244298,
        0.004091762471944,
        0.0002336918842047,
        -0.0004591572214849,
        -0.0001599959650775,
        0.0030095260590314,
        0.0015655289171263,
        -0.0020451901946216,
        -0.0004878570325672,
        -0.0011983858421444,
        0.0024759294465184,
        0.0013163420371711,
        9.61050318437628e-05,
        0.0015284944092854,
        0.0053426469676196,
        0.0001976771163754,
        0.002065535634756,
        -0.0019225091673433,
        -0.000767414632719,
        -0.0007611341425217,
        0.001731549622491,
        0.0022099923808127,
        -0.0006039561703801,
        -0.0017920571845024,
        0.0015573390992358,
        0.0042485133744776,
        0.0028740589041262
    ],
    "omega_next": [
        -1.38132631778717,
        -1.36699688434601,
        -1.36279773712158,
        -1.39219403266907,
        -1.40071392059326,
        -1.30744183063507,
        -0.784945726394653,
        -0.265212118625641,
        0.0580610819160938,
        0.0125668710097671,
        0.0031923460774123,
        0.0047174026258289,
        0.0011243650224059,
        -0.0038457820191979,
        0.0042365109547972,
        -0.000683462829329,
        -0.00295180385001,
        -0.0026883003301918,
        0.0025215246714651,
        0.0020477792713791,
        0.0031393871176987,
        0.0037140541244298,
        0.004091762471944,
        0.0002336918842047,
        -0.0004591572214849,
        -0.0001599959650775,
        0.0030095260590314,
        0.0015655289171263,
        -0.0020451901946216,
        -0.0004878570325672,
        -0.0011983858421444,
        0.0024759294465184,
        0.0013163420371711,
        9.61050318437628e-05,
        0.0015284944092854,
        0.0053426469676196,
        0.0001976771163754,
        0.002065535634756,
        -0.0019225091673433,
        -0.000767414632719,
        -0.0007611341425217,
        0.001731549622491,
        0.0022099923808127,
        -0.0006039561703801,
        -0.0017920571845024,
        0.0015573390992358,
        0.0042485133744776,
        0.0028740589041262,
        -0.001131075201556
    ],
    "phiDotL": [
        -4.058146577831618,
        -4.058146577831618,
        -4.058146577831618,
        -4.118715929739552,
        -4.118715929739552,
        -4.118715929739552,
        -4.48213204118716,
        -2.5439127801332524,
        -0.6056935190793459,
        0.0,
        0.0,
        0.0,
        0.0,
        0.0,
        0.0,
        0.0,
        0.0,
        0.0,
        0.0,
        0.0,
        0.0,
        0.0,
        0.0,
        0.0,
        0.0,
        0.0,
        0.0,
        0.0,
        0.0,
        0.0,
        0.0,
        0.0,
        0.0,
        0.0,
        0.0,
        0.0,
        0.0,
        0.0,
        0.0,
        0.0,
        0.0,
        0.0,
        0.0,
        0.0,
        0.0,
        0.0,
        0.0,
        0.0,
        0.0
    ],
    "phiDotR": [
        6.0569351907934585,
        6.0569351907934585,
        6.0569351907934585,
        5.996365838885524,
        6.0569351907934585,
        6.0569351907934585,
        4.48213204118716,
        2.5439127801332524,
        0.6056935190793459,
        0.0,
        0.0,
        0.0,
        0.0,
        0.0,
        0.0,
        0.0,
        0.0,
        0.0,
        0.0,
        0.0,
        0.0,
        0.0,
        0.0,
        0.0,
        0.0,
        0.0,
        0.0,
        0.0,
        0.0,
        0.0,
        0.0,
        0.0,
        0.0,
        0.0,
        0.0,
        0.0,
        0.0,
        0.0,
        0.0,
        0.0,
        0.0,
        0.0,
        0.0,
        0.0,
        0.0,
        0.0,
        0.0,
        0.0,
        0.0
    ]
}