{
    "segment_index": 689,
    "A": 0.3987210063261536,
    "B1": 0.0,
    "B2": 0.0,
    "omega": [
        -0.0047413655556738,
        0.0019009554525837,
        0.0035656820982694,
        -0.0001642268034629,
        -0.0005721056368201,
        0.0020219904836267,
        0.0003174961311742,
        -0.0024903782177716,
        0.0003294123162049,
        0.0018790233880281,
        0.0037854479160159,
        4.08615451306105e-05,
        0.000758703215979,
        0.002796662505716,
        0.0016265951562672,
        -0.0020821129437536,
        0.0001017307658912,
        0.0018055415712297,
        0.0003252778260502,
        0.0001384551869705,
        -0.0012120730243623,
        0.0003058528527617,
        -0.0020842526573687,
        0.0040068668313324,
        0.0040068668313324,
        0.0040068668313324,
        0.0040068668313324,
        0.0040068668313324,
        0.0040068668313324,
        0.0040068668313324,
        0.0040068668313324,
        0.0040068668313324,
        -0.0025239153765142,
        -7.62282579671592e-05,
        -0.0034937798045575,
        -0.0014854163164272,
        0.0021495199762284,
        -0.0008594647515565,
        0.0023264489136636,
        0.0005043858545832,
        0.0022753996308893,
        -0.0011343448422849,
        0.001070249127224,
        0.0008088842732831,
        0.000586183683481,
        0.0031217609066516,
        0.0007420609472319,
        0.0007433132268488,
        0.0026612449437379
    ],
    "omega_next": [
        0.0019009554525837,
        0.0035656820982694,
        -0.0001642268034629,
        -0.0005721056368201,
        0.0020219904836267,
        0.0003174961311742,
        -0.0024903782177716,
        0.0003294123162049,
        0.0018790233880281,
        0.0037854479160159,
        4.08615451306105e-05,
        0.000758703215979,
        0.002796662505716,
        0.0016265951562672,
        -0.0020821129437536,
        0.0001017307658912,
        0.0018055415712297,
        0.0003252778260502,
        0.0001384551869705,
        -0.0012120730243623,
        0.0003058528527617,
        -0.0020842526573687,
        0.0040068668313324,
        0.0040068668313324,
        0.0040068668313324,
        0.0040068668313324,
        0.0040068668313324,
        0.0040068668313324,
        0.0040068668313324,
        0.0040068668313324,
        0.0040068668313324,
        -0.0025239153765142,
        -7.62282579671592e-05,
        -0.0034937798045575,
        -0.0014854163164272,
        0.0021495199762284,
        -0.0008594647515565,
        0.0023264489136636,
        0.0005043858545832,
        0.0022753996308893,
        -0.0011343448422849,
        0.001070249127224,
        0.0008088842732831,
        0.000586183683481,
        0.0031217609066516,
        0.0007420609472319,
        0.0007433132268488,
        0.0026612449437379,
        -0.0012250271392986
    ],
    "phiDotL": [
        0.0,
        0.0,
        0.0,
        0.0,
        0.0,
        0.0,
        0.0,
        0.0,
        0.0,
        0.0,
        0.0,
        0.0,
        0.0,
        0.0,
        0.0,
        0.0,
        0.0,
        0.0,
        0.0,
        0.0,
        0.0,
        0.0,
        0.0,
        0.0,
        0.0,
        0.0,
        0.0,
        0.0,
        0.0,
        0.0,
        0.0,
        0.0,
        0.0,
        0.0,
        0.0,
        0.0,
        0.0,
        0.0,
        0.0,
        0.0,
        0.0,
        0.0,
        0.0,
        0.0,
        0.0,
        0.0,
        0.0,
        0.0,
        0.0
    ],
    "phiDotR": [
        0.0,
        0.0,
        0.0,
        0.0,
        0.0,
        0.0,
        0.0,
        0.0,
        0.0,
        0.0,
        0.0,
        0.0,
        0.0,
        0.0,
        0.0,
        0.0,
        0.0,
        0.0,
        0.0,
        0.0,
        0.0,
        0.0,
        0.0,
        0.0,
        0.0,
        0.0,
        0.0,
        0.0,
        0.0,
        0.0,
        0.0,
        0.0,
        0.0,
        0.0,
        0.0,
        0.0,
        0.0,
        0.0,
        0.0,
        0.0,
        0.0,
        0.0,
        0.0,
        0.0,
        0.0,
        0.0,
        0.0,
        0.0,
        0.0
    ]
}