{
    "segment_index": 2740,
    "A": 0.7688207648527163,
    "B1": 0.038994473662401094,
    "B2": -0.026935895795066268,
    "omega": [
        -0.814397513866425,
        -0.888470709323883,
        -0.88241183757782,
        -0.964242100715637,
        -0.963648855686188,
        -0.931452512741089,
        -0.996186196804047,
        -0.983491599559784,
        -1.02851343154907,
        -1.00774312019348,
        -1.05396640300751,
        -0.848192811012268,
        -0.794282257556915,
        -0.718776524066925,
        -0.819169044494629,
        -0.730320990085602,
        -0.797920525074005,
        -0.86077207326889,
        -0.753126263618469,
        -0.875276982784271,
        -0.845863282680511,
        -0.861372828483582,
        -0.87806898355484,
        -0.934699952602386,
        -0.902663946151733,
        -0.902797400951385,
        -0.963048756122589,
        -0.929117858409882,
        -0.904579639434814,
        -0.936232209205627,
        -0.931465923786163,
        -0.85578066110611,
        -0.938983500003815,
        -1.00351417064667,
        -1.00664699077606,
        -1.00769102573395,
        -1.04703557491302,
        -1.08630394935608,
        -1.08482897281647,
        -1.07123017311096,
        -1.06314957141876,
        -1.07319927215576,
        -1.04037034511566,
        -1.03437745571136,
        -1.07838141918182,
        -1.04029583930969,
        -1.04900622367859,
        -1.15192699432373,
        -1.16218554973602
    ],
    "omega_next": [
        -0.888470709323883,
        -0.88241183757782,
        -0.964242100715637,
        -0.963648855686188,
        -0.931452512741089,
        -0.996186196804047,
        -0.983491599559784,
        -1.02851343154907,
        -1.00774312019348,
        -1.05396640300751,
        -0.848192811012268,
        -0.794282257556915,
        -0.718776524066925,
        -0.819169044494629,
        -0.730320990085602,
        -0.797920525074005,
        -0.86077207326889,
        -0.753126263618469,
        -0.875276982784271,
        -0.845863282680511,
        -0.861372828483582,
        -0.87806898355484,
        -0.934699952602386,
        -0.902663946151733,
        -0.902797400951385,
        -0.963048756122589,
        -0.929117858409882,
        -0.904579639434814,
        -0.936232209205627,
        -0.931465923786163,
        -0.85578066110611,
        -0.938983500003815,
        -1.00351417064667,
        -1.00664699077606,
        -1.00769102573395,
        -1.04703557491302,
        -1.08630394935608,
        -1.08482897281647,
        -1.07123017311096,
        -1.06314957141876,
        -1.07319927215576,
        -1.04037034511566,
        -1.03437745571136,
        -1.07838141918182,
        -1.04029583930969,
        -1.04900622367859,
        -1.15192699432373,
        -1.16218554973602,
        -1.05088770389557
    ],
    "phiDotL": [
        -0.9691096305269534,
        -1.029678982434888,
        -1.029678982434888,
        -1.0902483343428224,
        -1.0902483343428224,
        -1.150817686250757,
        -1.150817686250757,
        -1.2113870381586918,
        -1.2113870381586918,
        -1.2719563900666262,
        -1.2719563900666262,
        -1.3325257419745609,
        -1.3325257419745609,
        -1.3325257419745609,
        -1.3930950938824955,
        -1.3930950938824955,
        -1.45366444579043,
        -1.45366444579043,
        -1.45366444579043,
        -1.5142337976983646,
        -1.5142337976983646,
        -1.5142337976983646,
        -1.5748031496062993,
        -1.5748031496062993,
        -1.5748031496062993,
        -1.635372501514234,
        -1.635372501514234,
        -1.6959418534221686,
        -1.6959418534221686,
        -1.6959418534221686,
        -1.6959418534221686,
        -1.6959418534221686,
        -1.6959418534221686,
        -1.8170805572380373,
        -1.8170805572380373,
        -1.8170805572380373,
        -1.877649909145972,
        -1.877649909145972,
        -1.877649909145972,
        -1.877649909145972,
        -1.9382192610539069,
        -1.9382192610539069,
        -1.9382192610539069,
        -1.9987886129618413,
        -1.9987886129618413,
        -1.9987886129618413,
        -2.059357964869776,
        -2.059357964869776,
        -2.059357964869776
    ],
    "phiDotR": [
        5.81465778316172,
        5.875227135069655,
        5.875227135069655,
        5.93579648697759,
        5.93579648697759,
        5.996365838885524,
        5.996365838885524,
        6.0569351907934585,
        6.0569351907934585,
        6.0569351907934585,
        6.0569351907934585,
        6.0569351907934585,
        6.0569351907934585,
        6.0569351907934585,
        6.0569351907934585,
        6.0569351907934585,
        6.0569351907934585,
        6.0569351907934585,
        6.0569351907934585,
        6.0569351907934585,
        6.0569351907934585,
        6.0569351907934585,
        6.0569351907934585,
        6.0569351907934585,
        6.0569351907934585,
        6.0569351907934585,
        6.0569351907934585,
        6.0569351907934585,
        6.0569351907934585,
        6.0569351907934585,
        6.0569351907934585,
        6.0569351907934585,
        6.0569351907934585,
        6.0569351907934585,
        6.0569351907934585,
        6.0569351907934585,
        5.996365838885524,
        5.996365838885524,
        6.0569351907934585,
        6.0569351907934585,
        6.0569351907934585,
        6.0569351907934585,
        6.0569351907934585,
        6.0569351907934585,
        6.0569351907934585,
        6.0569351907934585,
        6.0569351907934585,
        6.0569351907934585,
        6.0569351907934585
    ]
}