{
    "segment_index": 426,
    "A": 0.44568410875972214,
    "B1": 0.12423721026172001,
    "B2": -0.0795749608174285,
    "omega": [
        0.0003375643864274,
        0.0033141230233013,
        0.0016345254844054,
        0.0006656210753135,
        0.0022229433525353,
        0.0007137325592339,
        0.0012851196806877,
        -0.0001102831447497,
        -0.0008351007709279,
        -0.0011299885809421,
        0.0207790043205023,
        -0.0121829947456717,
        -0.000873030279763,
        -0.0101190079003572,
        -0.0232141669839621,
        -0.0358365476131439,
        -0.0411680601537228,
        -0.0492146275937557,
        -0.0681156739592552,
        -0.0990426912903786,
        -0.0865897536277771,
        -0.100751362740993,
        -0.130853950977325,
        -0.13368883728981,
        -0.0805375054478645,
        -0.119422569870949,
        -0.144105345010757,
        -0.144612237811089,
        -0.0991711467504501,
        -0.168520107865334,
        -0.169910281896591,
        -0.14929635822773,
        -0.141621500253677,
        -0.210592925548553,
        -0.164687484502792,
        -0.131377622485161,
        -0.20427730679512,
        -0.251407504081726,
        -0.255423426628113,
        -0.261082112789154,
        -0.364984303712845,
        -0.302222847938538,
        -0.339696198701859,
        -0.408639669418335,
        -0.354966342449188,
        -0.307515531778336,
        -0.369305372238159,
        -0.477433651685715,
        -0.501430094242096
    ],
    "omega_next": [
        0.0033141230233013,
        0.0016345254844054,
        0.0006656210753135,
        0.0022229433525353,
        0.0007137325592339,
        0.0012851196806877,
        -0.0001102831447497,
        -0.0008351007709279,
        -0.0011299885809421,
        0.0207790043205023,
        -0.0121829947456717,
        -0.000873030279763,
        -0.0101190079003572,
        -0.0232141669839621,
        -0.0358365476131439,
        -0.0411680601537228,
        -0.0492146275937557,
        -0.0681156739592552,
        -0.0990426912903786,
        -0.0865897536277771,
        -0.100751362740993,
        -0.130853950977325,
        -0.13368883728981,
        -0.0805375054478645,
        -0.119422569870949,
        -0.144105345010757,
        -0.144612237811089,
        -0.0991711467504501,
        -0.168520107865334,
        -0.169910281896591,
        -0.14929635822773,
        -0.141621500253677,
        -0.210592925548553,
        -0.164687484502792,
        -0.131377622485161,
        -0.20427730679512,
        -0.251407504081726,
        -0.255423426628113,
        -0.261082112789154,
        -0.364984303712845,
        -0.302222847938538,
        -0.339696198701859,
        -0.408639669418335,
        -0.354966342449188,
        -0.307515531778336,
        -0.369305372238159,
        -0.477433651685715,
        -0.501430094242096,
        -0.397338151931763
    ],
    "phiDotL": [
        0.0,
        0.0,
        0.0,
        0.0,
        0.0,
        0.0,
        0.0,
        0.0,
        0.0,
        0.0,
        0.4845548152634767,
        0.4845548152634767,
        0.4239854633555421,
        0.4239854633555421,
        0.3634161114476075,
        0.3634161114476075,
        0.3028467595396729,
        0.3028467595396729,
        0.2422774076317383,
        0.2422774076317383,
        0.1817080557238037,
        0.1817080557238037,
        0.1211387038158691,
        0.0605693519079345,
        0.0605693519079345,
        0.0,
        0.0,
        0.0,
        0.0,
        -0.0605693519079345,
        -0.0605693519079345,
        -0.1211387038158691,
        -0.1211387038158691,
        -0.1817080557238037,
        -0.1817080557238037,
        -0.2422774076317383,
        -0.2422774076317383,
        -0.3028467595396729,
        -0.3634161114476075,
        -0.3634161114476075,
        -0.4239854633555421,
        -0.4239854633555421,
        -0.4845548152634767,
        -0.4845548152634767,
        -0.5451241671714112,
        -0.5451241671714112,
        -0.6056935190793459,
        -0.6056935190793459,
        -0.6662628709872804
    ],
    "phiDotR": [
        0.0,
        0.0,
        0.0,
        0.0,
        0.0,
        0.0,
        0.0,
        0.0,
        0.0,
        0.0,
        0.6662628709872804,
        0.6662628709872804,
        0.726832222895215,
        0.726832222895215,
        0.7874015748031497,
        0.7874015748031497,
        0.8479709267110843,
        0.8479709267110843,
        0.9085402786190188,
        0.9085402786190188,
        0.9691096305269534,
        0.9691096305269534,
        1.029678982434888,
        1.0902483343428224,
        1.0902483343428224,
        1.150817686250757,
        1.150817686250757,
        1.2113870381586918,
        1.2113870381586918,
        1.2719563900666262,
        1.2719563900666262,
        1.3325257419745609,
        1.3325257419745609,
        1.3930950938824955,
        1.3930950938824955,
        1.45366444579043,
        1.45366444579043,
        1.5142337976983646,
        1.5748031496062993,
        1.5748031496062993,
        1.635372501514234,
        1.635372501514234,
        1.6959418534221686,
        1.6959418534221686,
        1.6959418534221686,
        1.6959418534221686,
        1.8170805572380373,
        1.8170805572380373,
        1.877649909145972
    ]
}