{
    "segment_index": 3068,
    "A": 0.08992869519140091,
    "B1": 0.20261042712370853,
    "B2": 0.0758662463694923,
    "omega": [
        1.18037164211273,
        1.19327580928802,
        1.16715800762177,
        1.15943193435669,
        1.16923463344574,
        1.19060230255127,
        1.14811992645264,
        1.18643569946289,
        1.203449010849,
        1.203209400177,
        1.23147940635681,
        1.1943895816803,
        1.16085684299469,
        1.1315370798111,
        1.14619815349579,
        1.04788422584534,
        0.992019474506378,
        1.05178260803223,
        1.1226806640625,
        1.13279318809509,
        1.13592743873596,
        1.12216544151306,
        1.07641494274139,
        1.08409667015076,
        1.11507797241211,
        1.15490901470184,
        1.12647199630737,
        1.17645621299744,
        1.14381408691406,
        1.09404861927032,
        1.11116552352905,
        1.13850879669189,
        1.11446845531464,
        1.12592542171478,
        1.10189151763916,
        1.11680161952972,
        1.12198865413666,
        1.15547752380371,
        1.18153023719788,
        1.26311182975769,
        0.971521317958832,
        0.301357597112656,
        -0.086332879960537,
        -0.0217664577066898,
        -0.0100830039009452,
        -0.0017037788638845,
        -0.0018270229920744,
        -0.0005595533293671,
        -0.0028273265343159
    ],
    "omega_next": [
        1.19327580928802,
        1.16715800762177,
        1.15943193435669,
        1.16923463344574,
        1.19060230255127,
        1.14811992645264,
        1.18643569946289,
        1.203449010849,
        1.203209400177,
        1.23147940635681,
        1.1943895816803,
        1.16085684299469,
        1.1315370798111,
        1.14619815349579,
        1.04788422584534,
        0.992019474506378,
        1.05178260803223,
        1.1226806640625,
        1.13279318809509,
        1.13592743873596,
        1.12216544151306,
        1.07641494274139,
        1.08409667015076,
        1.11507797241211,
        1.15490901470184,
        1.12647199630737,
        1.17645621299744,
        1.14381408691406,
        1.09404861927032,
        1.11116552352905,
        1.13850879669189,
        1.11446845531464,
        1.12592542171478,
        1.10189151763916,
        1.11680161952972,
        1.12198865413666,
        1.15547752380371,
        1.18153023719788,
        1.26311182975769,
        0.971521317958832,
        0.301357597112656,
        -0.086332879960537,
        -0.0217664577066898,
        -0.0100830039009452,
        -0.0017037788638845,
        -0.0018270229920744,
        -0.0005595533293671,
        -0.0028273265343159,
        0.001219816156663
    ],
    "phiDotL": [
        6.0569351907934585,
        6.0569351907934585,
        6.0569351907934585,
        5.996365838885524,
        6.0569351907934585,
        6.0569351907934585,
        6.0569351907934585,
        6.0569351907934585,
        6.0569351907934585,
        6.0569351907934585,
        6.0569351907934585,
        6.0569351907934585,
        6.0569351907934585,
        6.0569351907934585,
        6.0569351907934585,
        6.0569351907934585,
        6.0569351907934585,
        5.996365838885524,
        6.0569351907934585,
        6.0569351907934585,
        6.0569351907934585,
        6.0569351907934585,
        6.0569351907934585,
        6.0569351907934585,
        6.0569351907934585,
        6.0569351907934585,
        6.0569351907934585,
        6.0569351907934585,
        6.0569351907934585,
        6.0569351907934585,
        6.0569351907934585,
        6.0569351907934585,
        5.996365838885524,
        6.0569351907934585,
        6.0569351907934585,
        6.0569351907934585,
        6.0569351907934585,
        6.0569351907934585,
        6.0569351907934585,
        5.087825560266505,
        2.5439127801332524,
        0.6056935190793459,
        0.0,
        0.0,
        0.0,
        0.0,
        0.0,
        0.0,
        0.0
    ],
    "phiDotR": [
        -2.180496668685645,
        -2.180496668685645,
        -2.24106602059358,
        -2.24106602059358,
        -2.24106602059358,
        -2.24106602059358,
        -2.301635372501514,
        -2.301635372501514,
        -2.301635372501514,
        -2.301635372501514,
        -2.362204724409449,
        -2.362204724409449,
        -2.362204724409449,
        -2.362204724409449,
        -2.4227740763173835,
        -2.4227740763173835,
        -2.4227740763173835,
        -2.4227740763173835,
        -2.483343428225318,
        -2.483343428225318,
        -2.483343428225318,
        -2.483343428225318,
        -2.483343428225318,
        -2.5439127801332524,
        -2.5439127801332524,
        -2.5439127801332524,
        -2.5439127801332524,
        -2.6044821320411877,
        -2.6044821320411877,
        -2.6044821320411877,
        -2.6044821320411877,
        -2.6044821320411877,
        -2.6650514839491217,
        -2.6650514839491217,
        -2.6650514839491217,
        -2.6650514839491217,
        -2.6650514839491217,
        -2.7256208358570566,
        -2.7256208358570566,
        -3.8764385221078137,
        -2.5439127801332524,
        -0.6056935190793459,
        0.0,
        0.0,
        0.0,
        0.0,
        0.0,
        0.0,
        0.0
    ]
}