{
    "segment_index": 1900,
    "A": 0.9137140293251641,
    "B1": 0.0070098984346166635,
    "B2": -0.026470028505790815,
    "omega": [
        0.762864053249359,
        0.780654907226562,
        0.816372632980347,
        0.845196425914764,
        0.881157159805298,
        0.834048748016357,
        0.892088949680328,
        0.856399834156036,
        0.843256652355194,
        0.799789726734161,
        0.742779195308685,
        0.65116149187088,
        0.636613368988037,
        0.509597480297089,
        0.526289880275726,
        0.492395341396332,
        0.577266812324524,
        0.654337823390961,
        0.820260584354401,
        0.938425004482269,
        0.961665570735931,
        0.976799190044403,
        1.03030550479889,
        1.06795239448547,
        1.05325651168823,
        1.08538711071014,
        1.11759495735168,
        1.09939885139465,
        1.14098036289215,
        1.15862655639648,
        1.13108360767365,
        1.09730339050293,
        1.12403380870819,
        1.22600924968719,
        1.2318993806839,
        1.20347917079926,
        1.18209850788116,
        1.13482201099396,
        1.12819373607635,
        1.19888710975647,
        1.19427287578583,
        1.21603465080261,
        1.23241949081421,
        1.20914781093597,
        1.17325758934021,
        1.21660304069519,
        1.25076162815094,
        1.24063622951508,
        1.18891084194183
    ],
    "omega_next": [
        0.780654907226562,
        0.816372632980347,
        0.845196425914764,
        0.881157159805298,
        0.834048748016357,
        0.892088949680328,
        0.856399834156036,
        0.843256652355194,
        0.799789726734161,
        0.742779195308685,
        0.65116149187088,
        0.636613368988037,
        0.509597480297089,
        0.526289880275726,
        0.492395341396332,
        0.577266812324524,
        0.654337823390961,
        0.820260584354401,
        0.938425004482269,
        0.961665570735931,
        0.976799190044403,
        1.03030550479889,
        1.06795239448547,
        1.05325651168823,
        1.08538711071014,
        1.11759495735168,
        1.09939885139465,
        1.14098036289215,
        1.15862655639648,
        1.13108360767365,
        1.09730339050293,
        1.12403380870819,
        1.22600924968719,
        1.2318993806839,
        1.20347917079926,
        1.18209850788116,
        1.13482201099396,
        1.12819373607635,
        1.19888710975647,
        1.19427287578583,
        1.21603465080261,
        1.23241949081421,
        1.20914781093597,
        1.17325758934021,
        1.21660304069519,
        1.25076162815094,
        1.24063622951508,
        1.18891084194183,
        1.14695930480957
    ],
    "phiDotL": [
        4.906117504542702,
        4.906117504542702,
        4.966686856450636,
        4.966686856450636,
        5.027256208358571,
        5.087825560266505,
        5.087825560266505,
        5.14839491217444,
        5.14839491217444,
        5.208964264082375,
        5.208964264082375,
        5.269533615990309,
        5.269533615990309,
        5.3301029678982434,
        5.3301029678982434,
        5.390672319806178,
        5.390672319806178,
        5.451241671714113,
        5.511811023622047,
        5.511811023622047,
        5.572380375529982,
        5.572380375529982,
        5.632949727437917,
        5.632949727437917,
        5.693519079345851,
        5.693519079345851,
        5.754088431253785,
        5.754088431253785,
        5.81465778316172,
        5.81465778316172,
        5.875227135069655,
        5.875227135069655,
        5.93579648697759,
        5.996365838885524,
        5.996365838885524,
        6.0569351907934585,
        6.0569351907934585,
        6.0569351907934585,
        6.0569351907934585,
        6.0569351907934585,
        6.0569351907934585,
        6.0569351907934585,
        6.0569351907934585,
        6.0569351907934585,
        6.0569351907934585,
        6.0569351907934585,
        6.0569351907934585,
        6.0569351907934585,
        6.0569351907934585
    ],
    "phiDotR": [
        -1.2719563900666262,
        -1.2719563900666262,
        -1.3325257419745609,
        -1.3325257419745609,
        -1.3930950938824955,
        -1.45366444579043,
        -1.45366444579043,
        -1.5142337976983646,
        -1.5142337976983646,
        -1.5748031496062993,
        -1.5748031496062993,
        -1.635372501514234,
        -1.635372501514234,
        -1.6959418534221686,
        -1.6959418534221686,
        -1.6959418534221686,
        -1.6959418534221686,
        -1.8170805572380373,
        -1.877649909145972,
        -1.877649909145972,
        -1.9382192610539069,
        -1.9382192610539069,
        -1.9987886129618413,
        -1.9987886129618413,
        -2.059357964869776,
        -2.059357964869776,
        -2.1199273167777104,
        -2.1199273167777104,
        -2.180496668685645,
        -2.180496668685645,
        -2.24106602059358,
        -2.24106602059358,
        -2.301635372501514,
        -2.362204724409449,
        -2.362204724409449,
        -2.4227740763173835,
        -2.4227740763173835,
        -2.4227740763173835,
        -2.483343428225318,
        -2.483343428225318,
        -2.483343428225318,
        -2.483343428225318,
        -2.5439127801332524,
        -2.5439127801332524,
        -2.5439127801332524,
        -2.6044821320411877,
        -2.6044821320411877,
        -2.6044821320411877,
        -2.6044821320411877
    ]
}