{
    "segment_index": 1926,
    "A": 0.6838861027471326,
    "B1": 0.04443253594529812,
    "B2": -0.04464480832349858,
    "omega": [
        1.11759495735168,
        1.09939885139465,
        1.14098036289215,
        1.15862655639648,
        1.13108360767365,
        1.09730339050293,
        1.12403380870819,
        1.22600924968719,
        1.2318993806839,
        1.20347917079926,
        1.18209850788116,
        1.13482201099396,
        1.12819373607635,
        1.19888710975647,
        1.19427287578583,
        1.21603465080261,
        1.23241949081421,
        1.20914781093597,
        1.17325758934021,
        1.21660304069519,
        1.25076162815094,
        1.24063622951508,
        1.18891084194183,
        1.14695930480957,
        1.0506454706192,
        1.0663423538208,
        1.14202058315277,
        1.20094740390778,
        1.29843151569366,
        1.31881499290466,
        1.26442813873291,
        1.24445271492004,
        1.22676753997803,
        1.17984509468079,
        1.21990716457367,
        1.2575398683548,
        1.26475036144257,
        1.24105274677277,
        1.22309792041779,
        1.25750041007996,
        1.24599277973175,
        1.20234370231628,
        1.22076952457428,
        1.28238201141357,
        1.32862329483032,
        1.33280539512634,
        1.37423455715179,
        1.32347416877747,
        1.28119564056396
    ],
    "omega_next": [
        1.09939885139465,
        1.14098036289215,
        1.15862655639648,
        1.13108360767365,
        1.09730339050293,
        1.12403380870819,
        1.22600924968719,
        1.2318993806839,
        1.20347917079926,
        1.18209850788116,
        1.13482201099396,
        1.12819373607635,
        1.19888710975647,
        1.19427287578583,
        1.21603465080261,
        1.23241949081421,
        1.20914781093597,
        1.17325758934021,
        1.21660304069519,
        1.25076162815094,
        1.24063622951508,
        1.18891084194183,
        1.14695930480957,
        1.0506454706192,
        1.0663423538208,
        1.14202058315277,
        1.20094740390778,
        1.29843151569366,
        1.31881499290466,
        1.26442813873291,
        1.24445271492004,
        1.22676753997803,
        1.17984509468079,
        1.21990716457367,
        1.2575398683548,
        1.26475036144257,
        1.24105274677277,
        1.22309792041779,
        1.25750041007996,
        1.24599277973175,
        1.20234370231628,
        1.22076952457428,
        1.28238201141357,
        1.32862329483032,
        1.33280539512634,
        1.37423455715179,
        1.32347416877747,
        1.28119564056396,
        1.25690734386444
    ],
    "phiDotL": [
        5.754088431253785,
        5.754088431253785,
        5.81465778316172,
        5.81465778316172,
        5.875227135069655,
        5.875227135069655,
        5.93579648697759,
        5.996365838885524,
        5.996365838885524,
        6.0569351907934585,
        6.0569351907934585,
        6.0569351907934585,
        6.0569351907934585,
        6.0569351907934585,
        6.0569351907934585,
        6.0569351907934585,
        6.0569351907934585,
        6.0569351907934585,
        6.0569351907934585,
        6.0569351907934585,
        6.0569351907934585,
        6.0569351907934585,
        6.0569351907934585,
        6.0569351907934585,
        6.0569351907934585,
        6.0569351907934585,
        6.0569351907934585,
        6.0569351907934585,
        6.0569351907934585,
        6.0569351907934585,
        6.0569351907934585,
        6.0569351907934585,
        6.0569351907934585,
        5.996365838885524,
        6.0569351907934585,
        6.0569351907934585,
        6.0569351907934585,
        5.996365838885524,
        6.0569351907934585,
        6.0569351907934585,
        6.0569351907934585,
        6.0569351907934585,
        6.0569351907934585,
        6.0569351907934585,
        6.0569351907934585,
        6.0569351907934585,
        6.0569351907934585,
        6.0569351907934585,
        6.0569351907934585
    ],
    "phiDotR": [
        -2.1199273167777104,
        -2.1199273167777104,
        -2.180496668685645,
        -2.180496668685645,
        -2.24106602059358,
        -2.24106602059358,
        -2.301635372501514,
        -2.362204724409449,
        -2.362204724409449,
        -2.4227740763173835,
        -2.4227740763173835,
        -2.4227740763173835,
        -2.483343428225318,
        -2.483343428225318,
        -2.483343428225318,
        -2.483343428225318,
        -2.5439127801332524,
        -2.5439127801332524,
        -2.5439127801332524,
        -2.6044821320411877,
        -2.6044821320411877,
        -2.6044821320411877,
        -2.6044821320411877,
        -2.6650514839491217,
        -2.6650514839491217,
        -2.6650514839491217,
        -2.7256208358570566,
        -2.7256208358570566,
        -2.7256208358570566,
        -2.7256208358570566,
        -2.786190187764991,
        -2.786190187764991,
        -2.786190187764991,
        -2.786190187764991,
        -2.846759539672925,
        -2.846759539672925,
        -2.846759539672925,
        -2.846759539672925,
        -2.90732889158086,
        -2.90732889158086,
        -2.90732889158086,
        -2.90732889158086,
        -2.967898243488795,
        -2.967898243488795,
        -2.967898243488795,
        -2.967898243488795,
        -2.967898243488795,
        -3.0284675953967293,
        -3.0284675953967293
    ]
}