{
    "segment_index": 2185,
    "A": 0.9086453370823036,
    "B1": 0.028788894674285585,
    "B2": -0.010337314642469111,
    "omega": [
        -0.271241128444672,
        -0.331754356622696,
        -0.371433198451996,
        -0.435929596424103,
        -0.539791882038116,
        -0.647894561290741,
        -0.69410103559494,
        -0.655787289142609,
        -0.678897857666016,
        -0.743561506271362,
        -0.781079471111298,
        -0.821251630783081,
        -0.808743059635162,
        -0.805836617946625,
        -0.835389196872711,
        -0.808870077133179,
        -0.88164085149765,
        -1.09449422359467,
        -1.30018198490143,
        -1.44046318531036,
        -1.5221174955368,
        -1.64050841331482,
        -1.7011137008667,
        -1.39946341514587,
        -1.11076283454895,
        -0.806733071804047,
        -0.784418046474457,
        -0.792888462543488,
        -0.70508861541748,
        -0.836772978305817,
        -0.837591886520386,
        -0.802053332328796,
        -0.766952455043793,
        -0.890739262104034,
        -0.948576748371124,
        -1.06948530673981,
        -1.1354843378067,
        -1.05167949199677,
        -1.15558481216431,
        -1.27816820144653,
        -1.2886974811554,
        -1.32665848731995,
        -1.40576469898224,
        -1.45368826389313,
        -1.49621319770813,
        -1.47058367729187,
        -1.48164486885071,
        -1.48796153068542,
        -1.56051957607269
    ],
    "omega_next": [
        -0.331754356622696,
        -0.371433198451996,
        -0.435929596424103,
        -0.539791882038116,
        -0.647894561290741,
        -0.69410103559494,
        -0.655787289142609,
        -0.678897857666016,
        -0.743561506271362,
        -0.781079471111298,
        -0.821251630783081,
        -0.808743059635162,
        -0.805836617946625,
        -0.835389196872711,
        -0.808870077133179,
        -0.88164085149765,
        -1.09449422359467,
        -1.30018198490143,
        -1.44046318531036,
        -1.5221174955368,
        -1.64050841331482,
        -1.7011137008667,
        -1.39946341514587,
        -1.11076283454895,
        -0.806733071804047,
        -0.784418046474457,
        -0.792888462543488,
        -0.70508861541748,
        -0.836772978305817,
        -0.837591886520386,
        -0.802053332328796,
        -0.766952455043793,
        -0.890739262104034,
        -0.948576748371124,
        -1.06948530673981,
        -1.1354843378067,
        -1.05167949199677,
        -1.15558481216431,
        -1.27816820144653,
        -1.2886974811554,
        -1.32665848731995,
        -1.40576469898224,
        -1.45368826389313,
        -1.49621319770813,
        -1.47058367729187,
        -1.48164486885071,
        -1.48796153068542,
        -1.56051957607269,
        -1.53030753135681
    ],
    "phiDotL": [
        -1.2719563900666262,
        -1.3325257419745609,
        -1.3325257419745609,
        -1.3930950938824955,
        -1.45366444579043,
        -1.45366444579043,
        -1.5142337976983646,
        -1.5142337976983646,
        -1.5748031496062993,
        -1.5748031496062993,
        -1.635372501514234,
        -1.635372501514234,
        -1.6959418534221686,
        -1.6959418534221686,
        -1.6959418534221686,
        -1.6959418534221686,
        -1.8170805572380373,
        -1.877649909145972,
        -1.877649909145972,
        -1.9382192610539069,
        -1.9382192610539069,
        -1.9987886129618413,
        -1.9987886129618413,
        -2.059357964869776,
        -2.059357964869776,
        -2.1199273167777104,
        -2.1199273167777104,
        -2.180496668685645,
        -2.180496668685645,
        -2.24106602059358,
        -2.24106602059358,
        -2.301635372501514,
        -2.362204724409449,
        -2.362204724409449,
        -2.4227740763173835,
        -2.4227740763173835,
        -2.4227740763173835,
        -2.483343428225318,
        -2.483343428225318,
        -2.483343428225318,
        -2.483343428225318,
        -2.5439127801332524,
        -2.5439127801332524,
        -2.5439127801332524,
        -2.6044821320411877,
        -2.6044821320411877,
        -2.6044821320411877,
        -2.6044821320411877,
        -2.6650514839491217
    ],
    "phiDotR": [
        4.906117504542702,
        4.966686856450636,
        4.966686856450636,
        5.027256208358571,
        5.087825560266505,
        5.087825560266505,
        5.14839491217444,
        5.14839491217444,
        5.208964264082375,
        5.208964264082375,
        5.269533615990309,
        5.269533615990309,
        5.3301029678982434,
        5.3301029678982434,
        5.390672319806178,
        5.390672319806178,
        5.451241671714113,
        5.511811023622047,
        5.511811023622047,
        5.572380375529982,
        5.572380375529982,
        5.632949727437917,
        5.632949727437917,
        5.693519079345851,
        5.693519079345851,
        5.754088431253785,
        5.754088431253785,
        5.81465778316172,
        5.81465778316172,
        5.875227135069655,
        5.875227135069655,
        5.93579648697759,
        5.996365838885524,
        5.996365838885524,
        6.0569351907934585,
        6.0569351907934585,
        6.0569351907934585,
        6.0569351907934585,
        6.0569351907934585,
        6.0569351907934585,
        6.0569351907934585,
        6.0569351907934585,
        6.0569351907934585,
        6.0569351907934585,
        6.0569351907934585,
        6.0569351907934585,
        6.0569351907934585,
        6.0569351907934585,
        6.0569351907934585
    ]
}