{
    "segment_index": 1862,
    "A": 0.9116789471428421,
    "B1": 0.001587376319872885,
    "B2": -0.05231188962877245,
    "omega": [
        0.789378583431244,
        0.746227264404297,
        0.775168538093567,
        0.743298709392548,
        0.541785001754761,
        0.412976741790771,
        0.332886040210724,
        0.312614023685455,
        0.275871872901917,
        0.22098633646965,
        0.186075493693352,
        0.115849241614342,
        0.0068590557202696,
        0.0333592146635056,
        0.0699344947934151,
        0.125548481941223,
        0.222414180636406,
        0.294729769229889,
        0.357350885868073,
        0.391081660985947,
        0.444658368825912,
        0.520052790641785,
        0.503526210784912,
        0.573285520076752,
        0.703247547149658,
        0.717474818229675,
        0.73812872171402,
        0.751759588718414,
        0.758408486843109,
        0.770523607730865,
        0.806161463260651,
        0.799543380737305,
        0.82097315788269,
        0.843060672283173,
        0.827640652656555,
        0.82085382938385,
        0.815818786621094,
        0.789273381233215,
        0.762864053249359,
        0.780654907226562,
        0.816372632980347,
        0.845196425914764,
        0.881157159805298,
        0.834048748016357,
        0.892088949680328,
        0.856399834156036,
        0.843256652355194,
        0.799789726734161,
        0.742779195308685
    ],
    "omega_next": [
        0.746227264404297,
        0.775168538093567,
        0.743298709392548,
        0.541785001754761,
        0.412976741790771,
        0.332886040210724,
        0.312614023685455,
        0.275871872901917,
        0.22098633646965,
        0.186075493693352,
        0.115849241614342,
        0.0068590557202696,
        0.0333592146635056,
        0.0699344947934151,
        0.125548481941223,
        0.222414180636406,
        0.294729769229889,
        0.357350885868073,
        0.391081660985947,
        0.444658368825912,
        0.520052790641785,
        0.503526210784912,
        0.573285520076752,
        0.703247547149658,
        0.717474818229675,
        0.73812872171402,
        0.751759588718414,
        0.758408486843109,
        0.770523607730865,
        0.806161463260651,
        0.799543380737305,
        0.82097315788269,
        0.843060672283173,
        0.827640652656555,
        0.82085382938385,
        0.815818786621094,
        0.789273381233215,
        0.762864053249359,
        0.780654907226562,
        0.816372632980347,
        0.845196425914764,
        0.881157159805298,
        0.834048748016357,
        0.892088949680328,
        0.856399834156036,
        0.843256652355194,
        0.799789726734161,
        0.742779195308685,
        0.65116149187088
    ],
    "phiDotL": [
        3.6947304663840095,
        3.6947304663840095,
        3.755299818291944,
        3.755299818291944,
        3.815869170199879,
        3.815869170199879,
        3.8764385221078137,
        3.8764385221078137,
        3.937007874015748,
        3.937007874015748,
        3.997577225923683,
        3.997577225923683,
        4.058146577831618,
        4.058146577831618,
        4.118715929739552,
        4.179285281647486,
        4.179285281647486,
        4.239854633555421,
        4.239854633555421,
        4.300423985463356,
        4.300423985463356,
        4.36099333737129,
        4.36099333737129,
        4.421562689279225,
        4.421562689279225,
        4.48213204118716,
        4.48213204118716,
        4.542701393095094,
        4.603270745003028,
        4.603270745003028,
        4.663840096910963,
        4.663840096910963,
        4.724409448818898,
        4.724409448818898,
        4.784978800726832,
        4.784978800726832,
        4.845548152634767,
        4.845548152634767,
        4.906117504542702,
        4.906117504542702,
        4.966686856450636,
        4.966686856450636,
        5.027256208358571,
        5.087825560266505,
        5.087825560266505,
        5.14839491217444,
        5.14839491217444,
        5.208964264082375,
        5.208964264082375
    ],
    "phiDotR": [
        -0.0605693519079345,
        -0.0605693519079345,
        -0.1211387038158691,
        -0.1211387038158691,
        -0.1817080557238037,
        -0.1817080557238037,
        -0.2422774076317383,
        -0.2422774076317383,
        -0.3028467595396729,
        -0.3028467595396729,
        -0.3634161114476075,
        -0.3634161114476075,
        -0.4239854633555421,
        -0.4239854633555421,
        -0.4845548152634767,
        -0.5451241671714112,
        -0.5451241671714112,
        -0.6056935190793459,
        -0.6056935190793459,
        -0.6662628709872804,
        -0.6662628709872804,
        -0.726832222895215,
        -0.726832222895215,
        -0.7874015748031497,
        -0.7874015748031497,
        -0.8479709267110843,
        -0.8479709267110843,
        -0.9085402786190188,
        -0.9691096305269534,
        -0.9691096305269534,
        -1.029678982434888,
        -1.029678982434888,
        -1.0902483343428224,
        -1.0902483343428224,
        -1.150817686250757,
        -1.150817686250757,
        -1.2113870381586918,
        -1.2113870381586918,
        -1.2719563900666262,
        -1.2719563900666262,
        -1.3325257419745609,
        -1.3325257419745609,
        -1.3930950938824955,
        -1.45366444579043,
        -1.45366444579043,
        -1.5142337976983646,
        -1.5142337976983646,
        -1.5748031496062993,
        -1.5748031496062993
    ]
}