{
    "segment_index": 1724,
    "A": -0.07935636164033295,
    "B1": 0.0,
    "B2": 0.0,
    "omega": [
        0.0017600647406652,
        0.0001894483866635,
        -0.003377788234502,
        -0.0027846121229231,
        0.0016998235369101,
        -0.0005381577066145,
        -0.0002890801115427,
        -0.0013517875922843,
        -0.0007782275206409,
        -0.0019466407829895,
        -0.0031917160376906,
        0.0024255830794572,
        0.0015076417475938,
        0.0022990871220827,
        0.0011905977735295,
        -0.001526212785393,
        -0.0005754152080044,
        -0.0029740245081484,
        -0.0011924662394449,
        -0.0008147794287651,
        0.002718438161537,
        -0.0017699577147141,
        0.0018718317151069,
        0.0039483499713242,
        -8.07706746854819e-05,
        -0.0014958158135414,
        -0.0013382195029407,
        -0.0025468620005995,
        0.0017622595187276,
        0.0005240412428975,
        -0.0042162598110735,
        0.0006914670811966,
        0.0003611631109379,
        -0.000685455976054,
        -0.0004435256123542,
        0.0017626343760639,
        -0.0013659709366038,
        0.0011217314749956,
        -9.45520441746339e-05,
        -0.0035351221449673,
        0.0033690463751554,
        -0.0002744782541412,
        0.0043521970510482,
        -0.0002745873644016,
        0.0016765961190685,
        -0.0015558503801003,
        0.0004068301059305,
        -0.0022741376888006,
        0.0014695686986669
    ],
    "omega_next": [
        0.0001894483866635,
        -0.003377788234502,
        -0.0027846121229231,
        0.0016998235369101,
        -0.0005381577066145,
        -0.0002890801115427,
        -0.0013517875922843,
        -0.0007782275206409,
        -0.0019466407829895,
        -0.0031917160376906,
        0.0024255830794572,
        0.0015076417475938,
        0.0022990871220827,
        0.0011905977735295,
        -0.001526212785393,
        -0.0005754152080044,
        -0.0029740245081484,
        -0.0011924662394449,
        -0.0008147794287651,
        0.002718438161537,
        -0.0017699577147141,
        0.0018718317151069,
        0.0039483499713242,
        -8.07706746854819e-05,
        -0.0014958158135414,
        -0.0013382195029407,
        -0.0025468620005995,
        0.0017622595187276,
        0.0005240412428975,
        -0.0042162598110735,
        0.0006914670811966,
        0.0003611631109379,
        -0.000685455976054,
        -0.0004435256123542,
        0.0017626343760639,
        -0.0013659709366038,
        0.0011217314749956,
        -9.45520441746339e-05,
        -0.0035351221449673,
        0.0033690463751554,
        -0.0002744782541412,
        0.0043521970510482,
        -0.0002745873644016,
        0.0016765961190685,
        -0.0015558503801003,
        0.0004068301059305,
        -0.0022741376888006,
        0.0014695686986669,
        -0.0012559345923364
    ],
    "phiDotL": [
        0.0,
        0.0,
        0.0,
        0.0,
        0.0,
        0.0,
        0.0,
        0.0,
        0.0,
        0.0,
        0.0,
        0.0,
        0.0,
        0.0,
        0.0,
        0.0,
        0.0,
        0.0,
        0.0,
        0.0,
        0.0,
        0.0,
        0.0,
        0.0,
        0.0,
        0.0,
        0.0,
        0.0,
        0.0,
        0.0,
        0.0,
        0.0,
        0.0,
        0.0,
        0.0,
        0.0,
        0.0,
        0.0,
        0.0,
        0.0,
        0.0,
        0.0,
        0.0,
        0.0,
        0.0,
        0.0,
        0.0,
        0.0,
        0.0
    ],
    "phiDotR": [
        0.0,
        0.0,
        0.0,
        0.0,
        0.0,
        0.0,
        0.0,
        0.0,
        0.0,
        0.0,
        0.0,
        0.0,
        0.0,
        0.0,
        0.0,
        0.0,
        0.0,
        0.0,
        0.0,
        0.0,
        0.0,
        0.0,
        0.0,
        0.0,
        0.0,
        0.0,
        0.0,
        0.0,
        0.0,
        0.0,
        0.0,
        0.0,
        0.0,
        0.0,
        0.0,
        0.0,
        0.0,
        0.0,
        0.0,
        0.0,
        0.0,
        0.0,
        0.0,
        0.0,
        0.0,
        0.0,
        0.0,
        0.0,
        0.0
    ]
}