{
    "segment_index": 1714,
    "A": 0.04795174910510769,
    "B1": 0.0,
    "B2": 0.0,
    "omega": [
        0.0021357631776481,
        -0.0010827407240867,
        -0.0007201695116236,
        0.0012472525704652,
        -0.0001051105427904,
        0.0025349806528538,
        0.0017780638299882,
        -0.0004450193664524,
        0.0017407474806532,
        -0.0005724777001887,
        0.0017600647406652,
        0.0001894483866635,
        -0.003377788234502,
        -0.0027846121229231,
        0.0016998235369101,
        -0.0005381577066145,
        -0.0002890801115427,
        -0.0013517875922843,
        -0.0007782275206409,
        -0.0019466407829895,
        -0.0031917160376906,
        0.0024255830794572,
        0.0015076417475938,
        0.0022990871220827,
        0.0011905977735295,
        -0.001526212785393,
        -0.0005754152080044,
        -0.0029740245081484,
        -0.0011924662394449,
        -0.0008147794287651,
        0.002718438161537,
        -0.0017699577147141,
        0.0018718317151069,
        0.0039483499713242,
        -8.07706746854819e-05,
        -0.0014958158135414,
        -0.0013382195029407,
        -0.0025468620005995,
        0.0017622595187276,
        0.0005240412428975,
        -0.0042162598110735,
        0.0006914670811966,
        0.0003611631109379,
        -0.000685455976054,
        -0.0004435256123542,
        0.0017626343760639,
        -0.0013659709366038,
        0.0011217314749956,
        -9.45520441746339e-05
    ],
    "omega_next": [
        -0.0010827407240867,
        -0.0007201695116236,
        0.0012472525704652,
        -0.0001051105427904,
        0.0025349806528538,
        0.0017780638299882,
        -0.0004450193664524,
        0.0017407474806532,
        -0.0005724777001887,
        0.0017600647406652,
        0.0001894483866635,
        -0.003377788234502,
        -0.0027846121229231,
        0.0016998235369101,
        -0.0005381577066145,
        -0.0002890801115427,
        -0.0013517875922843,
        -0.0007782275206409,
        -0.0019466407829895,
        -0.0031917160376906,
        0.0024255830794572,
        0.0015076417475938,
        0.0022990871220827,
        0.0011905977735295,
        -0.001526212785393,
        -0.0005754152080044,
        -0.0029740245081484,
        -0.0011924662394449,
        -0.0008147794287651,
        0.002718438161537,
        -0.0017699577147141,
        0.0018718317151069,
        0.0039483499713242,
        -8.07706746854819e-05,
        -0.0014958158135414,
        -0.0013382195029407,
        -0.0025468620005995,
        0.0017622595187276,
        0.0005240412428975,
        -0.0042162598110735,
        0.0006914670811966,
        0.0003611631109379,
        -0.000685455976054,
        -0.0004435256123542,
        0.0017626343760639,
        -0.0013659709366038,
        0.0011217314749956,
        -9.45520441746339e-05,
        -0.0035351221449673
    ],
    "phiDotL": [
        0.0,
        0.0,
        0.0,
        0.0,
        0.0,
        0.0,
        0.0,
        0.0,
        0.0,
        0.0,
        0.0,
        0.0,
        0.0,
        0.0,
        0.0,
        0.0,
        0.0,
        0.0,
        0.0,
        0.0,
        0.0,
        0.0,
        0.0,
        0.0,
        0.0,
        0.0,
        0.0,
        0.0,
        0.0,
        0.0,
        0.0,
        0.0,
        0.0,
        0.0,
        0.0,
        0.0,
        0.0,
        0.0,
        0.0,
        0.0,
        0.0,
        0.0,
        0.0,
        0.0,
        0.0,
        0.0,
        0.0,
        0.0,
        0.0
    ],
    "phiDotR": [
        0.0,
        0.0,
        0.0,
        0.0,
        0.0,
        0.0,
        0.0,
        0.0,
        0.0,
        0.0,
        0.0,
        0.0,
        0.0,
        0.0,
        0.0,
        0.0,
        0.0,
        0.0,
        0.0,
        0.0,
        0.0,
        0.0,
        0.0,
        0.0,
        0.0,
        0.0,
        0.0,
        0.0,
        0.0,
        0.0,
        0.0,
        0.0,
        0.0,
        0.0,
        0.0,
        0.0,
        0.0,
        0.0,
        0.0,
        0.0,
        0.0,
        0.0,
        0.0,
        0.0,
        0.0,
        0.0,
        0.0,
        0.0,
        0.0
    ]
}