{
    "segment_index": 2925,
    "A": 0.527151014535322,
    "B1": 0.070349566384831,
    "B2": -0.0911289569785921,
    "omega": [
        0.128398761153221,
        0.103576675057411,
        0.157414957880974,
        0.182710111141205,
        0.102781102061272,
        0.146484956145287,
        0.135300323367119,
        0.209507018327713,
        0.1828423589468,
        0.183357909321785,
        0.190939545631409,
        0.185671731829643,
        0.224908113479614,
        0.207653760910034,
        0.150857955217361,
        0.1961620002985,
        0.235102325677872,
        0.192986622452736,
        0.263716638088226,
        0.222894951701164,
        0.292882055044174,
        0.273428440093994,
        0.28174501657486,
        0.354290395975113,
        0.380290329456329,
        0.329280287027359,
        0.351936161518097,
        0.364518493413925,
        0.395014107227325,
        0.367512822151184,
        0.391527712345123,
        0.364255547523499,
        0.350831389427185,
        0.466014623641968,
        0.522857546806335,
        0.534459590911865,
        0.4898761510849,
        0.488422930240631,
        0.478786617517471,
        0.466539025306702,
        0.449580103158951,
        0.406373172998428,
        0.483989685773849,
        0.548963010311127,
        0.621683061122894,
        0.597322642803192,
        0.618853867053986,
        0.647844254970551,
        0.615675449371338
    ],
    "omega_next": [
        0.103576675057411,
        0.157414957880974,
        0.182710111141205,
        0.102781102061272,
        0.146484956145287,
        0.135300323367119,
        0.209507018327713,
        0.1828423589468,
        0.183357909321785,
        0.190939545631409,
        0.185671731829643,
        0.224908113479614,
        0.207653760910034,
        0.150857955217361,
        0.1961620002985,
        0.235102325677872,
        0.192986622452736,
        0.263716638088226,
        0.222894951701164,
        0.292882055044174,
        0.273428440093994,
        0.28174501657486,
        0.354290395975113,
        0.380290329456329,
        0.329280287027359,
        0.351936161518097,
        0.364518493413925,
        0.395014107227325,
        0.367512822151184,
        0.391527712345123,
        0.364255547523499,
        0.350831389427185,
        0.466014623641968,
        0.522857546806335,
        0.534459590911865,
        0.4898761510849,
        0.488422930240631,
        0.478786617517471,
        0.466539025306702,
        0.449580103158951,
        0.406373172998428,
        0.483989685773849,
        0.548963010311127,
        0.621683061122894,
        0.597322642803192,
        0.618853867053986,
        0.647844254970551,
        0.615675449371338,
        0.640752792358398
    ],
    "phiDotL": [
        2.967898243488795,
        3.0284675953967293,
        3.0284675953967293,
        3.089036947304664,
        3.089036947304664,
        3.1496062992125986,
        3.1496062992125986,
        3.210175651120533,
        3.210175651120533,
        3.270745003028468,
        3.270745003028468,
        3.3313143549364024,
        3.3918837068443373,
        3.3918837068443373,
        3.3918837068443373,
        3.3918837068443373,
        3.4524530587522717,
        3.4524530587522717,
        3.5735917625681406,
        3.5735917625681406,
        3.634161114476075,
        3.634161114476075,
        3.6947304663840095,
        3.6947304663840095,
        3.755299818291944,
        3.815869170199879,
        3.815869170199879,
        3.8764385221078137,
        3.8764385221078137,
        3.937007874015748,
        3.937007874015748,
        3.997577225923683,
        3.997577225923683,
        4.058146577831618,
        4.058146577831618,
        4.118715929739552,
        4.118715929739552,
        4.179285281647486,
        4.179285281647486,
        4.239854633555421,
        4.300423985463356,
        4.300423985463356,
        4.36099333737129,
        4.36099333737129,
        4.421562689279225,
        4.421562689279225,
        4.48213204118716,
        4.48213204118716,
        4.542701393095094
    ],
    "phiDotR": [
        1.8170805572380373,
        1.6959418534221686,
        1.6959418534221686,
        1.6959418534221686,
        1.6959418534221686,
        1.635372501514234,
        1.635372501514234,
        1.5748031496062993,
        1.5748031496062993,
        1.5142337976983646,
        1.5142337976983646,
        1.45366444579043,
        1.3930950938824955,
        1.3930950938824955,
        1.3325257419745609,
        1.3325257419745609,
        1.2719563900666262,
        1.2719563900666262,
        1.2113870381586918,
        1.2113870381586918,
        1.150817686250757,
        1.150817686250757,
        1.0902483343428224,
        1.0902483343428224,
        1.029678982434888,
        0.9691096305269534,
        0.9691096305269534,
        0.9085402786190188,
        0.9085402786190188,
        0.8479709267110843,
        0.8479709267110843,
        0.7874015748031497,
        0.7874015748031497,
        0.726832222895215,
        0.726832222895215,
        0.6662628709872804,
        0.6662628709872804,
        0.6056935190793459,
        0.6056935190793459,
        0.5451241671714112,
        0.4845548152634767,
        0.4845548152634767,
        0.4239854633555421,
        0.4239854633555421,
        0.3634161114476075,
        0.3634161114476075,
        0.3028467595396729,
        0.3028467595396729,
        0.2422774076317383
    ]
}