{
    "segment_index": 2840,
    "A": 0.17239367569990702,
    "B1": 0.0,
    "B2": 0.0,
    "omega": [
        -0.0015687531558796,
        0.0091270385310053,
        0.0073614381253719,
        -0.002173539949581,
        -0.00056390510872,
        0.001407288829796,
        0.0007555733900517,
        0.0006248196586966,
        0.0043705338612198,
        -0.0017881446983665,
        0.0007065383833833,
        0.0019560949876904,
        0.0005050700274296,
        0.0025972069706767,
        -0.0014387858100235,
        0.0032496920321136,
        0.0011015470372512,
        -0.001116428640671,
        -0.000726219790522,
        -0.0003810957714449,
        -0.001653411774896,
        -0.0001264153106603,
        -0.0040486054494977,
        0.0017743463395163,
        0.0002355505566811,
        0.0023234302643686,
        0.0004790830716956,
        0.0007582945981994,
        0.0017473604530096,
        -0.0003631422878243,
        -0.0005336758331395,
        -0.0011713091516867,
        0.0002394842886133,
        -0.000792829087004,
        0.0009221584768965,
        0.0009221584768965,
        0.0009221584768965,
        0.0009221584768965,
        0.0009221584768965,
        0.0009221584768965,
        0.0009221584768965,
        0.0009221584768965,
        0.0022166694980114,
        -0.0006537662702612,
        -0.0009391536004841,
        0.0036588807124644,
        0.0040909321978688,
        0.00102735881228,
        -0.0014071324840188
    ],
    "omega_next": [
        0.0091270385310053,
        0.0073614381253719,
        -0.002173539949581,
        -0.00056390510872,
        0.001407288829796,
        0.0007555733900517,
        0.0006248196586966,
        0.0043705338612198,
        -0.0017881446983665,
        0.0007065383833833,
        0.0019560949876904,
        0.0005050700274296,
        0.0025972069706767,
        -0.0014387858100235,
        0.0032496920321136,
        0.0011015470372512,
        -0.001116428640671,
        -0.000726219790522,
        -0.0003810957714449,
        -0.001653411774896,
        -0.0001264153106603,
        -0.0040486054494977,
        0.0017743463395163,
        0.0002355505566811,
        0.0023234302643686,
        0.0004790830716956,
        0.0007582945981994,
        0.0017473604530096,
        -0.0003631422878243,
        -0.0005336758331395,
        -0.0011713091516867,
        0.0002394842886133,
        -0.000792829087004,
        0.0009221584768965,
        0.0009221584768965,
        0.0009221584768965,
        0.0009221584768965,
        0.0009221584768965,
        0.0009221584768965,
        0.0009221584768965,
        0.0009221584768965,
        0.0022166694980114,
        -0.0006537662702612,
        -0.0009391536004841,
        0.0036588807124644,
        0.0040909321978688,
        0.00102735881228,
        -0.0014071324840188,
        0.0012149316025897
    ],
    "phiDotL": [
        0.0,
        0.0,
        0.0,
        0.0,
        0.0,
        0.0,
        0.0,
        0.0,
        0.0,
        0.0,
        0.0,
        0.0,
        0.0,
        0.0,
        0.0,
        0.0,
        0.0,
        0.0,
        0.0,
        0.0,
        0.0,
        0.0,
        0.0,
        0.0,
        0.0,
        0.0,
        0.0,
        0.0,
        0.0,
        0.0,
        0.0,
        0.0,
        0.0,
        0.0,
        0.0,
        0.0,
        0.0,
        0.0,
        0.0,
        0.0,
        0.0,
        0.0,
        0.0,
        0.0,
        0.0,
        0.0,
        0.0,
        0.0,
        0.0
    ],
    "phiDotR": [
        0.0,
        0.0,
        0.0,
        0.0,
        0.0,
        0.0,
        0.0,
        0.0,
        0.0,
        0.0,
        0.0,
        0.0,
        0.0,
        0.0,
        0.0,
        0.0,
        0.0,
        0.0,
        0.0,
        0.0,
        0.0,
        0.0,
        0.0,
        0.0,
        0.0,
        0.0,
        0.0,
        0.0,
        0.0,
        0.0,
        0.0,
        0.0,
        0.0,
        0.0,
        0.0,
        0.0,
        0.0,
        0.0,
        0.0,
        0.0,
        0.0,
        0.0,
        0.0,
        0.0,
        0.0,
        0.0,
        0.0,
        0.0,
        0.0
    ]
}