{
    "segment_index": 809,
    "A": 0.7937088355293273,
    "B1": -0.004145939333694797,
    "B2": -0.03783609077445783,
    "omega": [
        -0.440162509679794,
        -0.53064101934433,
        -0.589105069637299,
        -0.586060225963593,
        -0.602658569812775,
        -0.63773900270462,
        -0.623078286647797,
        -0.598642110824585,
        -0.514564871788025,
        -0.470888167619705,
        -0.500315070152283,
        -0.5412677526474,
        -0.501998603343964,
        -0.368528634309769,
        -0.507875680923462,
        -0.458456426858902,
        -0.410356909036636,
        -0.412604779005051,
        -0.455260217189789,
        -0.520521342754364,
        -0.599075734615326,
        -0.544930636882782,
        -0.494910597801208,
        -0.530896604061127,
        -0.584276497364044,
        -0.571449756622314,
        -0.534325778484344,
        -0.525466799736023,
        -0.527974724769592,
        -0.549134612083435,
        -0.535723865032196,
        -0.587637186050415,
        -0.538543522357941,
        -0.497829109430313,
        -0.563506364822388,
        -0.587845981121063,
        -0.623345553874969,
        -0.655631721019745,
        -0.66215842962265,
        -0.635729372501373,
        -0.707217454910278,
        -0.718894779682159,
        -0.710894167423248,
        -0.724342048168182,
        -0.739323437213898,
        -0.716464042663574,
        -0.761008560657501,
        -0.719529330730438,
        -0.774981737136841
    ],
    "omega_next": [
        -0.53064101934433,
        -0.589105069637299,
        -0.586060225963593,
        -0.602658569812775,
        -0.63773900270462,
        -0.623078286647797,
        -0.598642110824585,
        -0.514564871788025,
        -0.470888167619705,
        -0.500315070152283,
        -0.5412677526474,
        -0.501998603343964,
        -0.368528634309769,
        -0.507875680923462,
        -0.458456426858902,
        -0.410356909036636,
        -0.412604779005051,
        -0.455260217189789,
        -0.520521342754364,
        -0.599075734615326,
        -0.544930636882782,
        -0.494910597801208,
        -0.530896604061127,
        -0.584276497364044,
        -0.571449756622314,
        -0.534325778484344,
        -0.525466799736023,
        -0.527974724769592,
        -0.549134612083435,
        -0.535723865032196,
        -0.587637186050415,
        -0.538543522357941,
        -0.497829109430313,
        -0.563506364822388,
        -0.587845981121063,
        -0.623345553874969,
        -0.655631721019745,
        -0.66215842962265,
        -0.635729372501373,
        -0.707217454910278,
        -0.718894779682159,
        -0.710894167423248,
        -0.724342048168182,
        -0.739323437213898,
        -0.716464042663574,
        -0.761008560657501,
        -0.719529330730438,
        -0.774981737136841,
        -0.802600502967834
    ],
    "phiDotL": [
        -0.2422774076317383,
        -0.3028467595396729,
        -0.3028467595396729,
        -0.3634161114476075,
        -0.3634161114476075,
        -0.4239854633555421,
        -0.4239854633555421,
        -0.4845548152634767,
        -0.4845548152634767,
        -0.5451241671714112,
        -0.5451241671714112,
        -0.6056935190793459,
        -0.6662628709872804,
        -0.6662628709872804,
        -0.726832222895215,
        -0.726832222895215,
        -0.7874015748031497,
        -0.7874015748031497,
        -0.8479709267110843,
        -0.8479709267110843,
        -0.9085402786190188,
        -0.9085402786190188,
        -0.9691096305269534,
        -0.9691096305269534,
        -1.029678982434888,
        -1.029678982434888,
        -1.0902483343428224,
        -1.150817686250757,
        -1.150817686250757,
        -1.2113870381586918,
        -1.2113870381586918,
        -1.2719563900666262,
        -1.2719563900666262,
        -1.3325257419745609,
        -1.3325257419745609,
        -1.3930950938824955,
        -1.3930950938824955,
        -1.45366444579043,
        -1.45366444579043,
        -1.5142337976983646,
        -1.5748031496062993,
        -1.5748031496062993,
        -1.635372501514234,
        -1.635372501514234,
        -1.6959418534221686,
        -1.6959418534221686,
        -1.6959418534221686,
        -1.6959418534221686,
        -1.8170805572380373
    ],
    "phiDotR": [
        2.6650514839491217,
        2.7256208358570566,
        2.7256208358570566,
        2.786190187764991,
        2.786190187764991,
        2.846759539672925,
        2.846759539672925,
        2.90732889158086,
        2.90732889158086,
        2.967898243488795,
        2.967898243488795,
        3.0284675953967293,
        3.089036947304664,
        3.089036947304664,
        3.1496062992125986,
        3.1496062992125986,
        3.210175651120533,
        3.210175651120533,
        3.270745003028468,
        3.270745003028468,
        3.3313143549364024,
        3.3313143549364024,
        3.3918837068443373,
        3.3918837068443373,
        3.3918837068443373,
        3.3918837068443373,
        3.4524530587522717,
        3.5735917625681406,
        3.5735917625681406,
        3.634161114476075,
        3.634161114476075,
        3.6947304663840095,
        3.6947304663840095,
        3.755299818291944,
        3.755299818291944,
        3.815869170199879,
        3.815869170199879,
        3.8764385221078137,
        3.8764385221078137,
        3.937007874015748,
        3.997577225923683,
        3.997577225923683,
        4.058146577831618,
        4.058146577831618,
        4.118715929739552,
        4.118715929739552,
        4.179285281647486,
        4.179285281647486,
        4.239854633555421
    ]
}