{
    "segment_index": 3032,
    "A": 0.8164047615563589,
    "B1": 0.014029129261956994,
    "B2": -0.05941565743980842,
    "omega": [
        0.926542162895203,
        0.910264909267426,
        0.923901319503784,
        0.933266222476959,
        0.939058899879456,
        0.918879926204681,
        0.884111166000366,
        0.863445520401001,
        0.874664664268494,
        0.862007915973663,
        0.882544934749603,
        0.899343609809875,
        0.972293794155121,
        1.03376960754395,
        1.01686263084412,
        1.04628801345825,
        1.03548455238342,
        1.06639409065247,
        1.10432493686676,
        1.07818305492401,
        1.05740940570831,
        1.03941380977631,
        1.13971674442291,
        1.09451389312744,
        1.18176639080048,
        1.18543100357056,
        1.18173599243164,
        1.18601393699646,
        1.1602725982666,
        1.11455202102661,
        1.08293604850769,
        1.10998868942261,
        1.08722460269928,
        1.12149977684021,
        1.13793325424194,
        1.18758976459503,
        1.18037164211273,
        1.19327580928802,
        1.16715800762177,
        1.15943193435669,
        1.16923463344574,
        1.19060230255127,
        1.14811992645264,
        1.18643569946289,
        1.203449010849,
        1.203209400177,
        1.23147940635681,
        1.1943895816803,
        1.16085684299469
    ],
    "omega_next": [
        0.910264909267426,
        0.923901319503784,
        0.933266222476959,
        0.939058899879456,
        0.918879926204681,
        0.884111166000366,
        0.863445520401001,
        0.874664664268494,
        0.862007915973663,
        0.882544934749603,
        0.899343609809875,
        0.972293794155121,
        1.03376960754395,
        1.01686263084412,
        1.04628801345825,
        1.03548455238342,
        1.06639409065247,
        1.10432493686676,
        1.07818305492401,
        1.05740940570831,
        1.03941380977631,
        1.13971674442291,
        1.09451389312744,
        1.18176639080048,
        1.18543100357056,
        1.18173599243164,
        1.18601393699646,
        1.1602725982666,
        1.11455202102661,
        1.08293604850769,
        1.10998868942261,
        1.08722460269928,
        1.12149977684021,
        1.13793325424194,
        1.18758976459503,
        1.18037164211273,
        1.19327580928802,
        1.16715800762177,
        1.15943193435669,
        1.16923463344574,
        1.19060230255127,
        1.14811992645264,
        1.18643569946289,
        1.203449010849,
        1.203209400177,
        1.23147940635681,
        1.1943895816803,
        1.16085684299469,
        1.1315370798111
    ],
    "phiDotL": [
        6.0569351907934585,
        6.0569351907934585,
        6.0569351907934585,
        6.0569351907934585,
        6.0569351907934585,
        5.996365838885524,
        6.0569351907934585,
        6.0569351907934585,
        6.0569351907934585,
        6.0569351907934585,
        6.0569351907934585,
        6.0569351907934585,
        6.0569351907934585,
        6.0569351907934585,
        6.0569351907934585,
        6.0569351907934585,
        6.0569351907934585,
        6.0569351907934585,
        5.996365838885524,
        6.0569351907934585,
        5.996365838885524,
        6.0569351907934585,
        6.0569351907934585,
        6.0569351907934585,
        6.0569351907934585,
        6.0569351907934585,
        6.0569351907934585,
        6.0569351907934585,
        6.0569351907934585,
        6.0569351907934585,
        6.0569351907934585,
        6.0569351907934585,
        6.0569351907934585,
        6.0569351907934585,
        6.0569351907934585,
        6.0569351907934585,
        6.0569351907934585,
        6.0569351907934585,
        6.0569351907934585,
        5.996365838885524,
        6.0569351907934585,
        6.0569351907934585,
        6.0569351907934585,
        6.0569351907934585,
        6.0569351907934585,
        6.0569351907934585,
        6.0569351907934585,
        6.0569351907934585,
        6.0569351907934585
    ],
    "phiDotR": [
        -1.5142337976983646,
        -1.5142337976983646,
        -1.5142337976983646,
        -1.5748031496062993,
        -1.5748031496062993,
        -1.5748031496062993,
        -1.635372501514234,
        -1.635372501514234,
        -1.6959418534221686,
        -1.6959418534221686,
        -1.6959418534221686,
        -1.6959418534221686,
        -1.6959418534221686,
        -1.6959418534221686,
        -1.8170805572380373,
        -1.8170805572380373,
        -1.8170805572380373,
        -1.877649909145972,
        -1.877649909145972,
        -1.877649909145972,
        -1.877649909145972,
        -1.9382192610539069,
        -1.9382192610539069,
        -1.9382192610539069,
        -1.9987886129618413,
        -1.9987886129618413,
        -1.9987886129618413,
        -2.059357964869776,
        -2.059357964869776,
        -2.059357964869776,
        -2.059357964869776,
        -2.1199273167777104,
        -2.1199273167777104,
        -2.1199273167777104,
        -2.180496668685645,
        -2.180496668685645,
        -2.180496668685645,
        -2.180496668685645,
        -2.24106602059358,
        -2.24106602059358,
        -2.24106602059358,
        -2.24106602059358,
        -2.301635372501514,
        -2.301635372501514,
        -2.301635372501514,
        -2.301635372501514,
        -2.362204724409449,
        -2.362204724409449,
        -2.362204724409449
    ]
}