{
    "segment_index": 2805,
    "A": -0.704794977350158,
    "B1": 0.10472471802235507,
    "B2": -0.2828584278422763,
    "omega": [
        -1.16596531867981,
        -1.17685103416443,
        -1.15829908847809,
        -1.14347219467163,
        -1.09309768676758,
        -1.09309768676758,
        -1.13946807384491,
        -1.23408949375153,
        -1.24393570423126,
        -1.11273074150085,
        -1.12681198120117,
        -1.11780428886414,
        -1.11780428886414,
        -1.11936211585999,
        -1.18909573554993,
        -1.18909573554993,
        -1.16719770431519,
        -1.19754481315613,
        -1.19768011569977,
        -1.16272866725922,
        -1.15758335590363,
        -1.17683207988739,
        -1.15506315231323,
        -1.13758635520935,
        -1.1471734046936,
        -1.1471734046936,
        -1.17962634563446,
        -1.16866779327393,
        -1.14750385284424,
        -1.1625804901123,
        -1.2026823759079,
        0.0008456359500996,
        0.0008456359500996,
        -0.0105406930670142,
        -0.0015687531558796,
        -0.0015687531558796,
        0.0091270385310053,
        0.0073614381253719,
        -0.002173539949581,
        -0.00056390510872,
        0.001407288829796,
        0.0007555733900517,
        0.0006248196586966,
        0.0043705338612198,
        -0.0017881446983665,
        0.0007065383833833,
        0.0019560949876904,
        0.0005050700274296,
        0.0025972069706767
    ],
    "omega_next": [
        -1.17685103416443,
        -1.15829908847809,
        -1.14347219467163,
        -1.09309768676758,
        -1.09309768676758,
        -1.13946807384491,
        -1.23408949375153,
        -1.24393570423126,
        -1.11273074150085,
        -1.12681198120117,
        -1.11780428886414,
        -1.11780428886414,
        -1.11936211585999,
        -1.18909573554993,
        -1.18909573554993,
        -1.16719770431519,
        -1.19754481315613,
        -1.19768011569977,
        -1.16272866725922,
        -1.15758335590363,
        -1.17683207988739,
        -1.15506315231323,
        -1.13758635520935,
        -1.1471734046936,
        -1.1471734046936,
        -1.17962634563446,
        -1.16866779327393,
        -1.14750385284424,
        -1.1625804901123,
        -1.2026823759079,
        0.0008456359500996,
        0.0008456359500996,
        -0.0105406930670142,
        -0.0015687531558796,
        -0.0015687531558796,
        0.0091270385310053,
        0.0073614381253719,
        -0.002173539949581,
        -0.00056390510872,
        0.001407288829796,
        0.0007555733900517,
        0.0006248196586966,
        0.0043705338612198,
        -0.0017881446983665,
        0.0007065383833833,
        0.0019560949876904,
        0.0005050700274296,
        0.0025972069706767,
        -0.0014387858100235
    ],
    "phiDotL": [
        -2.362204724409449,
        -2.362204724409449,
        -2.362204724409449,
        -2.362204724409449,
        -2.4227740763173835,
        -2.4227740763173835,
        -2.4227740763173835,
        -2.4227740763173835,
        -2.483343428225318,
        -2.483343428225318,
        -2.483343428225318,
        -2.483343428225318,
        -2.483343428225318,
        -2.5439127801332524,
        -2.5439127801332524,
        -2.5439127801332524,
        -2.5439127801332524,
        -2.6044821320411877,
        -2.6044821320411877,
        -2.6044821320411877,
        -2.6044821320411877,
        -2.6044821320411877,
        -2.6650514839491217,
        -2.6650514839491217,
        -2.6650514839491217,
        -2.6650514839491217,
        -2.6650514839491217,
        -2.7256208358570566,
        -2.7256208358570566,
        -3.8764385221078137,
        -2.5439127801332524,
        -0.6056935190793459,
        0.0,
        0.0,
        0.0,
        0.0,
        0.0,
        0.0,
        0.0,
        0.0,
        0.0,
        0.0,
        0.0,
        0.0,
        0.0,
        0.0,
        0.0,
        0.0,
        0.0
    ],
    "phiDotR": [
        5.996365838885524,
        6.0569351907934585,
        5.996365838885524,
        6.0569351907934585,
        6.0569351907934585,
        6.0569351907934585,
        6.0569351907934585,
        6.0569351907934585,
        6.0569351907934585,
        6.0569351907934585,
        5.996365838885524,
        6.0569351907934585,
        5.996365838885524,
        5.996365838885524,
        6.0569351907934585,
        6.0569351907934585,
        6.0569351907934585,
        6.0569351907934585,
        6.0569351907934585,
        6.0569351907934585,
        6.0569351907934585,
        6.0569351907934585,
        6.0569351907934585,
        5.996365838885524,
        6.0569351907934585,
        6.0569351907934585,
        6.0569351907934585,
        6.0569351907934585,
        6.0569351907934585,
        5.087825560266505,
        2.5439127801332524,
        0.6056935190793459,
        0.0,
        0.0,
        0.0,
        0.0,
        0.0,
        0.0,
        0.0,
        0.0,
        0.0,
        0.0,
        0.0,
        0.0,
        0.0,
        0.0,
        0.0,
        0.0,
        0.0
    ]
}