{
    "segment_index": 2110,
    "A": 1.095863408980052,
    "B1": -0.07279869145568656,
    "B2": 0.024782609337429914,
    "omega": [
        -0.254218399524689,
        -0.273827850818634,
        -0.27420711517334,
        -0.198025554418564,
        -0.18281714618206,
        -0.229933172464371,
        -0.254242956638336,
        -0.250064969062805,
        -0.28321772813797,
        -0.288595169782639,
        -0.377783089876175,
        -0.368506908416748,
        -0.352191954851151,
        -0.439232587814331,
        -0.476905703544617,
        -0.520127534866333,
        -0.530061841011047,
        -0.472383916378021,
        -0.527870655059814,
        -0.541556477546692,
        -0.571529567241669,
        -0.540938675403595,
        -0.571350634098053,
        -0.605632066726685,
        -0.661236822605133,
        -0.629595994949341,
        -0.691565692424774,
        -0.718678772449493,
        -0.734465301036835,
        -0.724399983882904,
        -0.782784998416901,
        -0.853079855442047,
        -0.801535904407501,
        -0.772508323192596,
        -0.786803424358368,
        -0.805857360363007,
        -0.807040393352509,
        -0.790351271629333,
        -0.812576353549957,
        -0.825264751911163,
        -0.857247233390808,
        -0.839623332023621,
        -0.904843747615814,
        -0.891862094402313,
        -0.821053802967072,
        -0.554653525352478,
        -0.283692538738251,
        -0.0449359342455864,
        -0.0018142029875889
    ],
    "omega_next": [
        -0.273827850818634,
        -0.27420711517334,
        -0.198025554418564,
        -0.18281714618206,
        -0.229933172464371,
        -0.254242956638336,
        -0.250064969062805,
        -0.28321772813797,
        -0.288595169782639,
        -0.377783089876175,
        -0.368506908416748,
        -0.352191954851151,
        -0.439232587814331,
        -0.476905703544617,
        -0.520127534866333,
        -0.530061841011047,
        -0.472383916378021,
        -0.527870655059814,
        -0.541556477546692,
        -0.571529567241669,
        -0.540938675403595,
        -0.571350634098053,
        -0.605632066726685,
        -0.661236822605133,
        -0.629595994949341,
        -0.691565692424774,
        -0.718678772449493,
        -0.734465301036835,
        -0.724399983882904,
        -0.782784998416901,
        -0.853079855442047,
        -0.801535904407501,
        -0.772508323192596,
        -0.786803424358368,
        -0.805857360363007,
        -0.807040393352509,
        -0.790351271629333,
        -0.812576353549957,
        -0.825264751911163,
        -0.857247233390808,
        -0.839623332023621,
        -0.904843747615814,
        -0.891862094402313,
        -0.821053802967072,
        -0.554653525352478,
        -0.283692538738251,
        -0.0449359342455864,
        -0.0018142029875889,
        0.0278006531298161
    ],
    "phiDotL": [
        1.0902483343428224,
        1.029678982434888,
        1.029678982434888,
        0.9691096305269534,
        0.9691096305269534,
        0.9085402786190188,
        0.9085402786190188,
        0.8479709267110843,
        0.7874015748031497,
        0.7874015748031497,
        0.726832222895215,
        0.726832222895215,
        0.6662628709872804,
        0.6662628709872804,
        0.6056935190793459,
        0.6056935190793459,
        0.5451241671714112,
        0.5451241671714112,
        0.4845548152634767,
        0.4845548152634767,
        0.4239854633555421,
        0.3634161114476075,
        0.3634161114476075,
        0.3028467595396729,
        0.3028467595396729,
        0.2422774076317383,
        0.2422774076317383,
        0.1817080557238037,
        0.1817080557238037,
        0.1211387038158691,
        0.1211387038158691,
        0.0605693519079345,
        0.0605693519079345,
        0.0,
        0.0,
        0.0,
        -0.0605693519079345,
        -0.0605693519079345,
        -0.1211387038158691,
        -0.1211387038158691,
        -0.1817080557238037,
        -0.1817080557238037,
        -0.2422774076317383,
        -0.2422774076317383,
        -0.3028467595396729,
        -0.3028467595396729,
        -0.3634161114476075,
        -0.3634161114476075,
        -0.4239854633555421
    ],
    "phiDotR": [
        2.483343428225318,
        2.5439127801332524,
        2.5439127801332524,
        2.6044821320411877,
        2.6044821320411877,
        2.6650514839491217,
        2.6650514839491217,
        2.7256208358570566,
        2.786190187764991,
        2.786190187764991,
        2.846759539672925,
        2.846759539672925,
        2.90732889158086,
        2.90732889158086,
        2.967898243488795,
        2.967898243488795,
        3.0284675953967293,
        3.0284675953967293,
        3.089036947304664,
        3.089036947304664,
        3.1496062992125986,
        3.210175651120533,
        3.210175651120533,
        3.270745003028468,
        3.270745003028468,
        3.3313143549364024,
        3.3313143549364024,
        3.3918837068443373,
        3.3918837068443373,
        3.3918837068443373,
        3.3918837068443373,
        3.4524530587522717,
        3.4524530587522717,
        3.5735917625681406,
        3.5735917625681406,
        3.634161114476075,
        3.6947304663840095,
        3.6947304663840095,
        3.755299818291944,
        3.755299818291944,
        3.815869170199879,
        3.815869170199879,
        3.8764385221078137,
        3.8764385221078137,
        3.937007874015748,
        3.937007874015748,
        3.997577225923683,
        3.997577225923683,
        4.058146577831618
    ]
}