{
    "segment_index": 1241,
    "A": 0.40522128037888366,
    "B1": 0.3069247379090899,
    "B2": 0.25800625275686545,
    "omega": [
        1.38471615314484,
        1.3424483537674,
        1.35099172592163,
        1.30102264881134,
        1.35654771327972,
        1.32190644741058,
        1.31580758094788,
        1.30049705505371,
        1.35148417949677,
        1.45444416999817,
        1.50630939006805,
        1.52617835998535,
        1.56810653209686,
        1.55691456794739,
        1.55800592899323,
        1.47414100170135,
        1.43898713588715,
        1.35585796833038,
        1.40722620487213,
        1.39115965366364,
        1.40468108654022,
        1.37152791023254,
        1.35480082035065,
        1.30335128307343,
        1.27829170227051,
        1.31205666065216,
        1.37957656383514,
        1.38594782352448,
        1.42165768146515,
        1.45415961742401,
        1.30950248241425,
        0.949418365955353,
        0.109675653278828,
        0.0305067542940378,
        0.0062983068637549,
        -0.0054034325294196,
        -0.0032889465801417,
        -0.0014881178503856,
        0.0009355838992632,
        -0.0013396519934758,
        -0.0020786486566066,
        -0.002219442743808,
        -0.0024102516472339,
        -0.0031119252089411,
        -0.005500525701791,
        -0.002267112955451,
        0.000506906537339,
        -0.0002717532624956,
        0.0007249480113387
    ],
    "omega_next": [
        1.3424483537674,
        1.35099172592163,
        1.30102264881134,
        1.35654771327972,
        1.32190644741058,
        1.31580758094788,
        1.30049705505371,
        1.35148417949677,
        1.45444416999817,
        1.50630939006805,
        1.52617835998535,
        1.56810653209686,
        1.55691456794739,
        1.55800592899323,
        1.47414100170135,
        1.43898713588715,
        1.35585796833038,
        1.40722620487213,
        1.39115965366364,
        1.40468108654022,
        1.37152791023254,
        1.35480082035065,
        1.30335128307343,
        1.27829170227051,
        1.31205666065216,
        1.37957656383514,
        1.38594782352448,
        1.42165768146515,
        1.45415961742401,
        1.30950248241425,
        0.949418365955353,
        0.109675653278828,
        0.0305067542940378,
        0.0062983068637549,
        -0.0054034325294196,
        -0.0032889465801417,
        -0.0014881178503856,
        0.0009355838992632,
        -0.0013396519934758,
        -0.0020786486566066,
        -0.002219442743808,
        -0.0024102516472339,
        -0.0031119252089411,
        -0.005500525701791,
        -0.002267112955451,
        0.000506906537339,
        -0.0002717532624956,
        0.0007249480113387,
        0.0041936747729778
    ],
    "phiDotL": [
        6.0569351907934585,
        6.0569351907934585,
        6.0569351907934585,
        6.0569351907934585,
        6.0569351907934585,
        6.0569351907934585,
        6.0569351907934585,
        6.0569351907934585,
        6.0569351907934585,
        6.0569351907934585,
        6.0569351907934585,
        6.0569351907934585,
        6.0569351907934585,
        6.0569351907934585,
        6.0569351907934585,
        6.0569351907934585,
        6.0569351907934585,
        6.0569351907934585,
        6.0569351907934585,
        6.0569351907934585,
        6.0569351907934585,
        6.0569351907934585,
        6.0569351907934585,
        6.0569351907934585,
        6.0569351907934585,
        6.0569351907934585,
        6.0569351907934585,
        5.996365838885524,
        6.0569351907934585,
        5.996365838885524,
        4.48213204118716,
        2.5439127801332524,
        0.6056935190793459,
        0.0,
        0.0,
        0.0,
        0.0,
        0.0,
        0.0,
        0.0,
        0.0,
        0.0,
        0.0,
        0.0,
        0.0,
        0.0,
        0.0,
        0.0,
        0.0
    ],
    "phiDotR": [
        -3.8764385221078137,
        -3.8764385221078137,
        -3.8764385221078137,
        -3.8764385221078137,
        -3.8764385221078137,
        -3.8764385221078137,
        -3.937007874015748,
        -3.937007874015748,
        -3.937007874015748,
        -3.937007874015748,
        -3.937007874015748,
        -3.937007874015748,
        -3.997577225923683,
        -3.997577225923683,
        -3.997577225923683,
        -3.997577225923683,
        -3.997577225923683,
        -3.997577225923683,
        -3.997577225923683,
        -4.058146577831618,
        -4.058146577831618,
        -4.058146577831618,
        -4.058146577831618,
        -4.058146577831618,
        -4.058146577831618,
        -4.058146577831618,
        -4.118715929739552,
        -4.118715929739552,
        -4.118715929739552,
        -4.118715929739552,
        -4.48213204118716,
        -2.5439127801332524,
        -0.6056935190793459,
        0.0,
        0.0,
        0.0,
        0.0,
        0.0,
        0.0,
        0.0,
        0.0,
        0.0,
        0.0,
        0.0,
        0.0,
        0.0,
        0.0,
        0.0,
        0.0
    ]
}