{
    "segment_index": 2272,
    "A": 0.5031566622243104,
    "B1": 0.020027231519060194,
    "B2": -0.08703308199564405,
    "omega": [
        -0.84071683883667,
        -0.869394838809967,
        -0.916877806186676,
        -0.934942543506622,
        -0.992073178291321,
        -1.03565275669098,
        -1.11593544483185,
        -1.1224023103714,
        -1.16435384750366,
        -1.2240047454834,
        -1.2955584526062,
        -1.32390189170837,
        -1.37760627269745,
        -1.34227752685547,
        -1.31880497932434,
        -1.3294929265976,
        -1.28191161155701,
        -1.16953778266907,
        -0.79457288980484,
        -0.214875385165215,
        -0.101573124527931,
        0.0232263188809156,
        0.0081168347969651,
        0.0026900579687207,
        0.001116732135415,
        0.0005316671449691,
        0.0008339959895238,
        0.0022548355627805,
        -0.0041123363189399,
        0.0011004384141415,
        0.0009029718348756,
        -0.0005810422007925,
        -0.001248929882422,
        -0.0017338700126856,
        -0.0017899139784276,
        0.0024936250410974,
        0.0044452748261392,
        0.0006544520147144,
        3.92748916056007e-05,
        0.00102533493191,
        -0.0012623877264559,
        -0.0016441772459074,
        -0.0033194520510733,
        0.0013132190797478,
        -0.0039151511155068,
        -0.001156426151283,
        0.0031147454865276,
        -0.0034310065675526,
        0.0007532236631959
    ],
    "omega_next": [
        -0.869394838809967,
        -0.916877806186676,
        -0.934942543506622,
        -0.992073178291321,
        -1.03565275669098,
        -1.11593544483185,
        -1.1224023103714,
        -1.16435384750366,
        -1.2240047454834,
        -1.2955584526062,
        -1.32390189170837,
        -1.37760627269745,
        -1.34227752685547,
        -1.31880497932434,
        -1.3294929265976,
        -1.28191161155701,
        -1.16953778266907,
        -0.79457288980484,
        -0.214875385165215,
        -0.101573124527931,
        0.0232263188809156,
        0.0081168347969651,
        0.0026900579687207,
        0.001116732135415,
        0.0005316671449691,
        0.0008339959895238,
        0.0022548355627805,
        -0.0041123363189399,
        0.0011004384141415,
        0.0009029718348756,
        -0.0005810422007925,
        -0.001248929882422,
        -0.0017338700126856,
        -0.0017899139784276,
        0.0024936250410974,
        0.0044452748261392,
        0.0006544520147144,
        3.92748916056007e-05,
        0.00102533493191,
        -0.0012623877264559,
        -0.0016441772459074,
        -0.0033194520510733,
        0.0013132190797478,
        -0.0039151511155068,
        -0.001156426151283,
        0.0031147454865276,
        -0.0034310065675526,
        0.0007532236631959,
        8.5367399151437e-05
    ],
    "phiDotL": [
        -3.210175651120533,
        -3.210175651120533,
        -3.210175651120533,
        -3.210175651120533,
        -3.270745003028468,
        -3.270745003028468,
        -3.270745003028468,
        -3.270745003028468,
        -3.270745003028468,
        -3.270745003028468,
        -3.3313143549364024,
        -3.3313143549364024,
        -3.3313143549364024,
        -3.3313143549364024,
        -3.3313143549364024,
        -3.3918837068443373,
        -4.48213204118716,
        -2.5439127801332524,
        -0.6056935190793459,
        0.0,
        0.0,
        0.0,
        0.0,
        0.0,
        0.0,
        0.0,
        0.0,
        0.0,
        0.0,
        0.0,
        0.0,
        0.0,
        0.0,
        0.0,
        0.0,
        0.0,
        0.0,
        0.0,
        0.0,
        0.0,
        0.0,
        0.0,
        0.0,
        0.0,
        0.0,
        0.0,
        0.0,
        0.0,
        0.0
    ],
    "phiDotR": [
        6.0569351907934585,
        6.0569351907934585,
        6.0569351907934585,
        6.0569351907934585,
        5.996365838885524,
        5.996365838885524,
        6.0569351907934585,
        5.996365838885524,
        6.0569351907934585,
        6.0569351907934585,
        6.0569351907934585,
        5.996365838885524,
        6.0569351907934585,
        6.0569351907934585,
        6.0569351907934585,
        6.0569351907934585,
        4.48213204118716,
        2.5439127801332524,
        0.6056935190793459,
        0.0,
        0.0,
        0.0,
        0.0,
        0.0,
        0.0,
        0.0,
        0.0,
        0.0,
        0.0,
        0.0,
        0.0,
        0.0,
        0.0,
        0.0,
        0.0,
        0.0,
        0.0,
        0.0,
        0.0,
        0.0,
        0.0,
        0.0,
        0.0,
        0.0,
        0.0,
        0.0,
        0.0,
        0.0,
        0.0
    ]
}