{
    "segment_index": 2066,
    "A": -0.46416995711293435,
    "B1": 0.0,
    "B2": 0.0,
    "omega": [
        0.0032978693488985,
        0.0018135095015168,
        0.0028357547707855,
        -0.0018297036876902,
        0.0015094198752194,
        0.000869185780175,
        0.0003008623607456,
        -0.0002416687493678,
        -0.0009854295058175,
        -0.0021336595527827,
        -0.0012124695349484,
        -0.0052952943369746,
        0.0043452121317386,
        0.0024092600215226,
        -0.000909364898689,
        -1.8816066585714e-05,
        0.0014135342789813,
        0.0015651118010282,
        0.0005365770775824,
        -0.0005135876708664,
        0.0015751814935356,
        0.0005001825629733,
        0.0036942942533642,
        -0.0023740450851619
    ],
    "omega_next": [
        0.0018135095015168,
        0.0028357547707855,
        -0.0018297036876902,
        0.0015094198752194,
        0.000869185780175,
        0.0003008623607456,
        -0.0002416687493678,
        -0.0009854295058175,
        -0.0021336595527827,
        -0.0012124695349484,
        -0.0052952943369746,
        0.0043452121317386,
        0.0024092600215226,
        -0.000909364898689,
        -1.8816066585714e-05,
        0.0014135342789813,
        0.0015651118010282,
        0.0005365770775824,
        -0.0005135876708664,
        0.0015751814935356,
        0.0005001825629733,
        0.0036942942533642,
        -0.0023740450851619,
        0.0215227231383324
    ],
    "phiDotL": [
        0.0,
        0.0,
        0.0,
        0.0,
        0.0,
        0.0,
        0.0,
        0.0,
        0.0,
        0.0,
        0.0,
        0.0,
        0.0,
        0.0,
        0.0,
        0.0,
        0.0,
        0.0,
        0.0,
        0.0,
        0.0,
        0.0,
        0.0,
        0.0
    ],
    "phiDotR": [
        0.0,
        0.0,
        0.0,
        0.0,
        0.0,
        0.0,
        0.0,
        0.0,
        0.0,
        0.0,
        0.0,
        0.0,
        0.0,
        0.0,
        0.0,
        0.0,
        0.0,
        0.0,
        0.0,
        0.0,
        0.0,
        0.0,
        0.0,
        0.0
    ]
}