{
    "segment_index": 1810,
    "A": -0.13015027653347552,
    "B1": 0.18617669055372962,
    "B2": -0.19587901055131682,
    "omega": [
        0.0300481878221035,
        0.0661390647292137,
        0.0661390647292137,
        0.0654009357094765,
        0.078029178082943,
        0.101102009415627,
        0.0887216180562973,
        0.129690408706665,
        0.124999478459358,
        0.128013968467712,
        0.171293452382088,
        0.171293452382088,
        0.170550301671028,
        0.157027915120125,
        0.197633072733879,
        0.192344605922699,
        0.226378217339516,
        0.223770990967751,
        0.225529432296753,
        0.250241905450821,
        0.296036630868912,
        0.287546187639236,
        0.197708144783974,
        0.304553180932999
    ],
    "omega_next": [
        0.0661390647292137,
        0.0661390647292137,
        0.0654009357094765,
        0.078029178082943,
        0.101102009415627,
        0.0887216180562973,
        0.129690408706665,
        0.124999478459358,
        0.128013968467712,
        0.171293452382088,
        0.171293452382088,
        0.170550301671028,
        0.157027915120125,
        0.197633072733879,
        0.192344605922699,
        0.226378217339516,
        0.223770990967751,
        0.225529432296753,
        0.250241905450821,
        0.296036630868912,
        0.287546187639236,
        0.197708144783974,
        0.304553180932999,
        0.33322674036026
    ],
    "phiDotL": [
        1.9987886129618413,
        1.9987886129618413,
        2.059357964869776,
        2.059357964869776,
        2.1199273167777104,
        2.1199273167777104,
        2.180496668685645,
        2.180496668685645,
        2.24106602059358,
        2.301635372501514,
        2.301635372501514,
        2.362204724409449,
        2.362204724409449,
        2.4227740763173835,
        2.4227740763173835,
        2.483343428225318,
        2.483343428225318,
        2.5439127801332524,
        2.5439127801332524,
        2.6044821320411877,
        2.6044821320411877,
        2.6650514839491217,
        2.6650514839491217,
        2.7256208358570566
    ],
    "phiDotR": [
        1.5748031496062993,
        1.5748031496062993,
        1.5142337976983646,
        1.5142337976983646,
        1.45366444579043,
        1.45366444579043,
        1.3930950938824955,
        1.3930950938824955,
        1.3325257419745609,
        1.2719563900666262,
        1.2719563900666262,
        1.2113870381586918,
        1.2113870381586918,
        1.150817686250757,
        1.150817686250757,
        1.0902483343428224,
        1.0902483343428224,
        1.029678982434888,
        1.029678982434888,
        0.9691096305269534,
        0.9691096305269534,
        0.9085402786190188,
        0.9085402786190188,
        0.8479709267110843
    ]
}