{
    "segment_index": 1186,
    "A": 0.47560062173841716,
    "B1": 0.11115560322917852,
    "B2": -0.0052229112769533745,
    "omega": [
        0.957343697547913,
        1.0737053155899,
        1.11230444908142,
        1.07168793678284,
        1.0450884103775,
        1.08203387260437,
        1.08493077754974,
        1.00360298156738,
        1.06476032733917,
        1.07483923435211,
        1.12061834335327,
        1.1199963092804,
        1.16493940353394,
        1.1785352230072,
        1.14102959632874,
        1.14584362506866,
        1.21832036972046,
        1.30175495147705,
        1.23035502433777,
        1.28639376163483,
        1.23208236694336,
        1.2043731212616,
        1.17572975158691,
        1.19013810157776
    ],
    "omega_next": [
        1.0737053155899,
        1.11230444908142,
        1.07168793678284,
        1.0450884103775,
        1.08203387260437,
        1.08493077754974,
        1.00360298156738,
        1.06476032733917,
        1.07483923435211,
        1.12061834335327,
        1.1199963092804,
        1.16493940353394,
        1.1785352230072,
        1.14102959632874,
        1.14584362506866,
        1.21832036972046,
        1.30175495147705,
        1.23035502433777,
        1.28639376163483,
        1.23208236694336,
        1.2043731212616,
        1.17572975158691,
        1.19013810157776,
        1.19295418262482
    ],
    "phiDotL": [
        4.966686856450636,
        4.966686856450636,
        5.027256208358571,
        5.027256208358571,
        5.087825560266505,
        5.087825560266505,
        5.14839491217444,
        5.14839491217444,
        5.208964264082375,
        5.208964264082375,
        5.269533615990309,
        5.269533615990309,
        5.3301029678982434,
        5.390672319806178,
        5.390672319806178,
        5.451241671714113,
        5.451241671714113,
        5.511811023622047,
        5.511811023622047,
        5.572380375529982,
        5.572380375529982,
        5.632949727437917,
        5.632949727437917,
        5.693519079345851
    ],
    "phiDotR": [
        -2.5439127801332524,
        -2.5439127801332524,
        -2.6044821320411877,
        -2.6044821320411877,
        -2.6650514839491217,
        -2.6650514839491217,
        -2.7256208358570566,
        -2.7256208358570566,
        -2.786190187764991,
        -2.786190187764991,
        -2.846759539672925,
        -2.846759539672925,
        -2.90732889158086,
        -2.967898243488795,
        -2.967898243488795,
        -3.0284675953967293,
        -3.0284675953967293,
        -3.089036947304664,
        -3.089036947304664,
        -3.1496062992125986,
        -3.1496062992125986,
        -3.210175651120533,
        -3.210175651120533,
        -3.270745003028468
    ]
}