{
    "segment_index": 3062,
    "A": 0.7357658692355022,
    "B1": 0.08127024837736498,
    "B2": 0.08269261990034389,
    "omega": [
        1.08293604850769,
        1.10998868942261,
        1.08722460269928,
        1.12149977684021,
        1.13793325424194,
        1.18758976459503,
        1.18037164211273,
        1.19327580928802,
        1.16715800762177,
        1.15943193435669,
        1.16923463344574,
        1.19060230255127,
        1.14811992645264,
        1.18643569946289,
        1.203449010849,
        1.203209400177,
        1.23147940635681,
        1.1943895816803,
        1.16085684299469,
        1.1315370798111,
        1.14619815349579,
        1.04788422584534,
        0.992019474506378,
        1.05178260803223
    ],
    "omega_next": [
        1.10998868942261,
        1.08722460269928,
        1.12149977684021,
        1.13793325424194,
        1.18758976459503,
        1.18037164211273,
        1.19327580928802,
        1.16715800762177,
        1.15943193435669,
        1.16923463344574,
        1.19060230255127,
        1.14811992645264,
        1.18643569946289,
        1.203449010849,
        1.203209400177,
        1.23147940635681,
        1.1943895816803,
        1.16085684299469,
        1.1315370798111,
        1.14619815349579,
        1.04788422584534,
        0.992019474506378,
        1.05178260803223,
        1.1226806640625
    ],
    "phiDotL": [
        6.0569351907934585,
        6.0569351907934585,
        6.0569351907934585,
        6.0569351907934585,
        6.0569351907934585,
        6.0569351907934585,
        6.0569351907934585,
        6.0569351907934585,
        6.0569351907934585,
        5.996365838885524,
        6.0569351907934585,
        6.0569351907934585,
        6.0569351907934585,
        6.0569351907934585,
        6.0569351907934585,
        6.0569351907934585,
        6.0569351907934585,
        6.0569351907934585,
        6.0569351907934585,
        6.0569351907934585,
        6.0569351907934585,
        6.0569351907934585,
        6.0569351907934585,
        5.996365838885524
    ],
    "phiDotR": [
        -2.059357964869776,
        -2.1199273167777104,
        -2.1199273167777104,
        -2.1199273167777104,
        -2.180496668685645,
        -2.180496668685645,
        -2.180496668685645,
        -2.180496668685645,
        -2.24106602059358,
        -2.24106602059358,
        -2.24106602059358,
        -2.24106602059358,
        -2.301635372501514,
        -2.301635372501514,
        -2.301635372501514,
        -2.301635372501514,
        -2.362204724409449,
        -2.362204724409449,
        -2.362204724409449,
        -2.362204724409449,
        -2.4227740763173835,
        -2.4227740763173835,
        -2.4227740763173835,
        -2.4227740763173835
    ]
}