{
    "segment_index": 1477,
    "A": 0.7351039464845645,
    "B1": -0.005684105406285428,
    "B2": -0.050508991330349286,
    "omega": [
        -0.391780585050583,
        -0.45727476477623,
        -0.588185608386993,
        -0.66426408290863,
        -0.730727553367615,
        -0.793303310871124,
        -0.793303310871124,
        -0.80786395072937,
        -0.830305576324463,
        -0.830305576324463,
        -0.852592289447784,
        -0.846388399600983,
        -0.838969945907593,
        -0.876383185386658,
        -0.90364944934845,
        -0.88996285200119,
        -0.873607933521271,
        -0.894017159938812,
        -0.894017159938812,
        -0.90151172876358,
        -0.873144507408142,
        -0.927603840827942,
        -0.942203283309937,
        -0.930166482925415
    ],
    "omega_next": [
        -0.45727476477623,
        -0.588185608386993,
        -0.66426408290863,
        -0.730727553367615,
        -0.793303310871124,
        -0.793303310871124,
        -0.80786395072937,
        -0.830305576324463,
        -0.830305576324463,
        -0.852592289447784,
        -0.846388399600983,
        -0.838969945907593,
        -0.876383185386658,
        -0.90364944934845,
        -0.88996285200119,
        -0.873607933521271,
        -0.894017159938812,
        -0.894017159938812,
        -0.90151172876358,
        -0.873144507408142,
        -0.927603840827942,
        -0.942203283309937,
        -0.930166482925415,
        -0.949663102626801
    ],
    "phiDotL": [
        -0.7874015748031497,
        -0.8479709267110843,
        -0.8479709267110843,
        -0.9085402786190188,
        -0.9691096305269534,
        -0.9691096305269534,
        -1.029678982434888,
        -1.029678982434888,
        -1.0902483343428224,
        -1.0902483343428224,
        -1.150817686250757,
        -1.150817686250757,
        -1.2113870381586918,
        -1.2113870381586918,
        -1.2719563900666262,
        -1.2719563900666262,
        -1.3325257419745609,
        -1.3325257419745609,
        -1.3930950938824955,
        -1.45366444579043,
        -1.45366444579043,
        -1.5142337976983646,
        -1.5142337976983646,
        -1.5748031496062993
    ],
    "phiDotR": [
        4.421562689279225,
        4.48213204118716,
        4.48213204118716,
        4.542701393095094,
        4.603270745003028,
        4.603270745003028,
        4.663840096910963,
        4.663840096910963,
        4.724409448818898,
        4.724409448818898,
        4.784978800726832,
        4.784978800726832,
        4.845548152634767,
        4.845548152634767,
        4.906117504542702,
        4.906117504542702,
        4.966686856450636,
        4.966686856450636,
        5.027256208358571,
        5.087825560266505,
        5.087825560266505,
        5.14839491217444,
        5.14839491217444,
        5.208964264082375
    ]
}