{
    "segment_index": 1496,
    "A": 0.48527638623093833,
    "B1": 0.15953743175467655,
    "B2": -0.04494205677195747,
    "omega": [
        -0.90151172876358,
        -0.873144507408142,
        -0.927603840827942,
        -0.942203283309937,
        -0.930166482925415,
        -0.949663102626801,
        -0.918232798576355,
        -0.945401668548584,
        -0.945401668548584,
        -0.960220873355865,
        -0.984216928482056,
        -0.996162950992584,
        -0.989578664302826,
        -1.00250351428986,
        -1.04387605190277,
        -1.05795347690582,
        -1.05917751789093,
        -1.05691075325012,
        -1.07151675224304,
        -1.07151675224304,
        -1.09975278377533,
        -1.13566720485687,
        -1.16602849960327,
        -1.16059172153473
    ],
    "omega_next": [
        -0.873144507408142,
        -0.927603840827942,
        -0.942203283309937,
        -0.930166482925415,
        -0.949663102626801,
        -0.918232798576355,
        -0.945401668548584,
        -0.945401668548584,
        -0.960220873355865,
        -0.984216928482056,
        -0.996162950992584,
        -0.989578664302826,
        -1.00250351428986,
        -1.04387605190277,
        -1.05795347690582,
        -1.05917751789093,
        -1.05691075325012,
        -1.07151675224304,
        -1.07151675224304,
        -1.09975278377533,
        -1.13566720485687,
        -1.16602849960327,
        -1.16059172153473,
        -1.19441616535187
    ],
    "phiDotL": [
        -1.45366444579043,
        -1.45366444579043,
        -1.5142337976983646,
        -1.5142337976983646,
        -1.5748031496062993,
        -1.5748031496062993,
        -1.635372501514234,
        -1.635372501514234,
        -1.6959418534221686,
        -1.6959418534221686,
        -1.6959418534221686,
        -1.6959418534221686,
        -1.8170805572380373,
        -1.877649909145972,
        -1.877649909145972,
        -1.9382192610539069,
        -1.9382192610539069,
        -1.9987886129618413,
        -1.9987886129618413,
        -2.059357964869776,
        -2.059357964869776,
        -2.1199273167777104,
        -2.1199273167777104,
        -2.180496668685645
    ],
    "phiDotR": [
        5.087825560266505,
        5.087825560266505,
        5.14839491217444,
        5.14839491217444,
        5.208964264082375,
        5.208964264082375,
        5.269533615990309,
        5.269533615990309,
        5.3301029678982434,
        5.3301029678982434,
        5.390672319806178,
        5.390672319806178,
        5.451241671714113,
        5.511811023622047,
        5.511811023622047,
        5.572380375529982,
        5.572380375529982,
        5.632949727437917,
        5.632949727437917,
        5.693519079345851,
        5.693519079345851,
        5.754088431253785,
        5.754088431253785,
        5.81465778316172
    ]
}