{
    "segment_index": 641,
    "A": 0.39444719245591914,
    "B1": 0.0,
    "B2": 0.0,
    "omega": [
        0.0016627501463517,
        -0.0009023693855851,
        -0.0003308269660919,
        0.0007532337913289,
        0.0004315683327149,
        -0.0012322585098445,
        0.0020522125996649,
        0.0004462263314053,
        0.0008481480763293,
        0.003494492964819,
        0.0018986214417964,
        0.0016466493252664,
        -0.0009113176492974,
        0.0005172136588953,
        0.0011182164307683,
        0.0016147475689649,
        0.0022691830527037,
        -0.0010316824773326,
        0.0004762318567372,
        0.0022142464295029,
        0.0039830347523093,
        2.59529624599963e-05,
        0.0039875451475381,
        0.0032827458344399
    ],
    "omega_next": [
        -0.0009023693855851,
        -0.0003308269660919,
        0.0007532337913289,
        0.0004315683327149,
        -0.0012322585098445,
        0.0020522125996649,
        0.0004462263314053,
        0.0008481480763293,
        0.003494492964819,
        0.0018986214417964,
        0.0016466493252664,
        -0.0009113176492974,
        0.0005172136588953,
        0.0011182164307683,
        0.0016147475689649,
        0.0022691830527037,
        -0.0010316824773326,
        0.0004762318567372,
        0.0022142464295029,
        0.0039830347523093,
        2.59529624599963e-05,
        0.0039875451475381,
        0.0032827458344399,
        0.0001966240961337
    ],
    "phiDotL": [
        0.0,
        0.0,
        0.0,
        0.0,
        0.0,
        0.0,
        0.0,
        0.0,
        0.0,
        0.0,
        0.0,
        0.0,
        0.0,
        0.0,
        0.0,
        0.0,
        0.0,
        0.0,
        0.0,
        0.0,
        0.0,
        0.0,
        0.0,
        0.0
    ],
    "phiDotR": [
        0.0,
        0.0,
        0.0,
        0.0,
        0.0,
        0.0,
        0.0,
        0.0,
        0.0,
        0.0,
        0.0,
        0.0,
        0.0,
        0.0,
        0.0,
        0.0,
        0.0,
        0.0,
        0.0,
        0.0,
        0.0,
        0.0,
        0.0,
        0.0
    ]
}