{
    "segment_index": 1268,
    "A": -1.5549932041706254,
    "B1": 0.48621950150952553,
    "B2": -0.16490145101442252,
    "omega": [
        1.38594782352448,
        1.42165768146515,
        1.45415961742401,
        1.30950248241425,
        0.949418365955353,
        0.109675653278828,
        0.0305067542940378,
        0.0062983068637549,
        -0.0054034325294196,
        -0.0032889465801417,
        -0.0014881178503856,
        0.0009355838992632,
        -0.0013396519934758,
        -0.0020786486566066,
        -0.002219442743808,
        -0.0024102516472339,
        -0.0031119252089411,
        -0.005500525701791,
        -0.002267112955451,
        0.000506906537339,
        -0.0002717532624956,
        0.0007249480113387,
        0.0041936747729778,
        -7.97091997810639e-05
    ],
    "omega_next": [
        1.42165768146515,
        1.45415961742401,
        1.30950248241425,
        0.949418365955353,
        0.109675653278828,
        0.0305067542940378,
        0.0062983068637549,
        -0.0054034325294196,
        -0.0032889465801417,
        -0.0014881178503856,
        0.0009355838992632,
        -0.0013396519934758,
        -0.0020786486566066,
        -0.002219442743808,
        -0.0024102516472339,
        -0.0031119252089411,
        -0.005500525701791,
        -0.002267112955451,
        0.000506906537339,
        -0.0002717532624956,
        0.0007249480113387,
        0.0041936747729778,
        -7.97091997810639e-05,
        -0.0007391069084405
    ],
    "phiDotL": [
        5.996365838885524,
        6.0569351907934585,
        5.996365838885524,
        4.48213204118716,
        2.5439127801332524,
        0.6056935190793459,
        0.0,
        0.0,
        0.0,
        0.0,
        0.0,
        0.0,
        0.0,
        0.0,
        0.0,
        0.0,
        0.0,
        0.0,
        0.0,
        0.0,
        0.0,
        0.0,
        0.0,
        0.0
    ],
    "phiDotR": [
        -4.118715929739552,
        -4.118715929739552,
        -4.118715929739552,
        -4.48213204118716,
        -2.5439127801332524,
        -0.6056935190793459,
        0.0,
        0.0,
        0.0,
        0.0,
        0.0,
        0.0,
        0.0,
        0.0,
        0.0,
        0.0,
        0.0,
        0.0,
        0.0,
        0.0,
        0.0,
        0.0,
        0.0,
        0.0
    ]
}