{
    "segment_index": 1503,
    "A": 0.6477140345434751,
    "B1": 0.09089035875716424,
    "B2": -0.03730633658089554,
    "omega": [
        -0.945401668548584,
        -0.945401668548584,
        -0.960220873355865,
        -0.984216928482056,
        -0.996162950992584,
        -0.989578664302826,
        -1.00250351428986,
        -1.04387605190277,
        -1.05795347690582,
        -1.05917751789093,
        -1.05691075325012,
        -1.07151675224304,
        -1.07151675224304,
        -1.09975278377533,
        -1.13566720485687,
        -1.16602849960327,
        -1.16059172153473,
        -1.19441616535187,
        -1.20510566234589,
        -1.22389090061188,
        -1.17724072933197,
        -1.1784975528717,
        -1.19395792484283,
        -1.22180223464966
    ],
    "omega_next": [
        -0.945401668548584,
        -0.960220873355865,
        -0.984216928482056,
        -0.996162950992584,
        -0.989578664302826,
        -1.00250351428986,
        -1.04387605190277,
        -1.05795347690582,
        -1.05917751789093,
        -1.05691075325012,
        -1.07151675224304,
        -1.07151675224304,
        -1.09975278377533,
        -1.13566720485687,
        -1.16602849960327,
        -1.16059172153473,
        -1.19441616535187,
        -1.20510566234589,
        -1.22389090061188,
        -1.17724072933197,
        -1.1784975528717,
        -1.19395792484283,
        -1.22180223464966,
        -1.21425223350525
    ],
    "phiDotL": [
        -1.635372501514234,
        -1.6959418534221686,
        -1.6959418534221686,
        -1.6959418534221686,
        -1.6959418534221686,
        -1.8170805572380373,
        -1.877649909145972,
        -1.877649909145972,
        -1.9382192610539069,
        -1.9382192610539069,
        -1.9987886129618413,
        -1.9987886129618413,
        -2.059357964869776,
        -2.059357964869776,
        -2.1199273167777104,
        -2.1199273167777104,
        -2.180496668685645,
        -2.180496668685645,
        -2.24106602059358,
        -2.24106602059358,
        -2.301635372501514,
        -2.362204724409449,
        -2.362204724409449,
        -2.4227740763173835
    ],
    "phiDotR": [
        5.269533615990309,
        5.3301029678982434,
        5.3301029678982434,
        5.390672319806178,
        5.390672319806178,
        5.451241671714113,
        5.511811023622047,
        5.511811023622047,
        5.572380375529982,
        5.572380375529982,
        5.632949727437917,
        5.632949727437917,
        5.693519079345851,
        5.693519079345851,
        5.754088431253785,
        5.754088431253785,
        5.81465778316172,
        5.81465778316172,
        5.875227135069655,
        5.875227135069655,
        5.93579648697759,
        5.996365838885524,
        5.996365838885524,
        6.0569351907934585
    ]
}