{
    "segment_index": 1620,
    "A": 0.14960859517173683,
    "B1": 0.0,
    "B2": 0.0,
    "omega": [
        0.0008637948194518,
        0.001333337277174,
        0.0029689806979149,
        -0.001811436843127,
        0.0001785172789823,
        0.000609137059655,
        0.0016492146532982,
        0.0020531865302473,
        0.0010241804411634,
        0.0004363949701655,
        0.0035389065742492,
        0.0007642290438525,
        -0.0002676615840755,
        -0.0010138188954442,
        0.0040598986670374,
        -0.000923074199818,
        -0.000923074199818,
        -0.000923074199818,
        -0.000923074199818,
        -0.000923074199818,
        -0.000923074199818,
        -0.000923074199818,
        -0.000923074199818,
        0.0004656331730075
    ],
    "omega_next": [
        0.001333337277174,
        0.0029689806979149,
        -0.001811436843127,
        0.0001785172789823,
        0.000609137059655,
        0.0016492146532982,
        0.0020531865302473,
        0.0010241804411634,
        0.0004363949701655,
        0.0035389065742492,
        0.0007642290438525,
        -0.0002676615840755,
        -0.0010138188954442,
        0.0040598986670374,
        -0.000923074199818,
        -0.000923074199818,
        -0.000923074199818,
        -0.000923074199818,
        -0.000923074199818,
        -0.000923074199818,
        -0.000923074199818,
        -0.000923074199818,
        0.0004656331730075,
        0.0014377101324498
    ],
    "phiDotL": [
        0.0,
        0.0,
        0.0,
        0.0,
        0.0,
        0.0,
        0.0,
        0.0,
        0.0,
        0.0,
        0.0,
        0.0,
        0.0,
        0.0,
        0.0,
        0.0,
        0.0,
        0.0,
        0.0,
        0.0,
        0.0,
        0.0,
        0.0,
        0.0
    ],
    "phiDotR": [
        0.0,
        0.0,
        0.0,
        0.0,
        0.0,
        0.0,
        0.0,
        0.0,
        0.0,
        0.0,
        0.0,
        0.0,
        0.0,
        0.0,
        0.0,
        0.0,
        0.0,
        0.0,
        0.0,
        0.0,
        0.0,
        0.0,
        0.0,
        0.0
    ]
}