{
    "segment_index": 2334,
    "A": 1.0626946197992564,
    "B1": 0.01551538438976876,
    "B2": 0.01357596134104835,
    "omega": [
        3.92289402952883e-05,
        -0.0015827709576115,
        -0.0019055339507758,
        -0.0021327217109501,
        -0.0019076133612543,
        0.005048360209912,
        -0.0018639259506017,
        -0.0001834513968788,
        0.0013117485214024,
        0.0006809419719502,
        0.0007788963266648,
        0.0024544587358832,
        0.000852875993587,
        -0.0019499376649037,
        0.000643401464913,
        0.0020517467055469,
        0.0030429784674197,
        0.0002509089536033,
        -9.72427224041894e-05,
        -0.0038275425322353,
        0.0010983101092279,
        0.0018422710709273,
        0.0021006492897868,
        0.0453055314719677
    ],
    "omega_next": [
        -0.0015827709576115,
        -0.0019055339507758,
        -0.0021327217109501,
        -0.0019076133612543,
        0.005048360209912,
        -0.0018639259506017,
        -0.0001834513968788,
        0.0013117485214024,
        0.0006809419719502,
        0.0007788963266648,
        0.0024544587358832,
        0.000852875993587,
        -0.0019499376649037,
        0.000643401464913,
        0.0020517467055469,
        0.0030429784674197,
        0.0002509089536033,
        -9.72427224041894e-05,
        -0.0038275425322353,
        0.0010983101092279,
        0.0018422710709273,
        0.0021006492897868,
        0.0453055314719677,
        -0.0049503133632242
    ],
    "phiDotL": [
        0.0,
        0.0,
        0.0,
        0.0,
        0.0,
        0.0,
        0.0,
        0.0,
        0.0,
        0.0,
        0.0,
        0.0,
        0.0,
        0.0,
        0.0,
        0.0,
        0.0,
        0.0,
        0.0,
        0.0,
        0.0,
        0.0,
        0.0,
        -1.9382192610539069
    ],
    "phiDotR": [
        0.0,
        0.0,
        0.0,
        0.0,
        0.0,
        0.0,
        0.0,
        0.0,
        0.0,
        0.0,
        0.0,
        0.0,
        0.0,
        0.0,
        0.0,
        0.0,
        0.0,
        0.0,
        0.0,
        0.0,
        0.0,
        0.0,
        0.0,
        -1.6959418534221686
    ]
}