{
    "segment_index": 1740,
    "A": -0.1760283476528168,
    "B1": 0.0,
    "B2": 0.0,
    "omega": [
        -0.0005754152080044,
        -0.0029740245081484,
        -0.0011924662394449,
        -0.0008147794287651,
        0.002718438161537,
        -0.0017699577147141,
        0.0018718317151069,
        0.0039483499713242,
        -8.07706746854819e-05,
        -0.0014958158135414,
        -0.0013382195029407,
        -0.0025468620005995,
        0.0017622595187276,
        0.0005240412428975,
        -0.0042162598110735,
        0.0006914670811966,
        0.0003611631109379,
        -0.000685455976054,
        -0.0004435256123542,
        0.0017626343760639,
        -0.0013659709366038,
        0.0011217314749956,
        -9.45520441746339e-05,
        -0.0035351221449673
    ],
    "omega_next": [
        -0.0029740245081484,
        -0.0011924662394449,
        -0.0008147794287651,
        0.002718438161537,
        -0.0017699577147141,
        0.0018718317151069,
        0.0039483499713242,
        -8.07706746854819e-05,
        -0.0014958158135414,
        -0.0013382195029407,
        -0.0025468620005995,
        0.0017622595187276,
        0.0005240412428975,
        -0.0042162598110735,
        0.0006914670811966,
        0.0003611631109379,
        -0.000685455976054,
        -0.0004435256123542,
        0.0017626343760639,
        -0.0013659709366038,
        0.0011217314749956,
        -9.45520441746339e-05,
        -0.0035351221449673,
        0.0033690463751554
    ],
    "phiDotL": [
        0.0,
        0.0,
        0.0,
        0.0,
        0.0,
        0.0,
        0.0,
        0.0,
        0.0,
        0.0,
        0.0,
        0.0,
        0.0,
        0.0,
        0.0,
        0.0,
        0.0,
        0.0,
        0.0,
        0.0,
        0.0,
        0.0,
        0.0,
        0.0
    ],
    "phiDotR": [
        0.0,
        0.0,
        0.0,
        0.0,
        0.0,
        0.0,
        0.0,
        0.0,
        0.0,
        0.0,
        0.0,
        0.0,
        0.0,
        0.0,
        0.0,
        0.0,
        0.0,
        0.0,
        0.0,
        0.0,
        0.0,
        0.0,
        0.0,
        0.0
    ]
}