{
    "segment_index": 1453,
    "A": 0.8718931602958425,
    "B1": -0.14230462969433386,
    "B2": -0.033661391980071315,
    "omega": [
        -0.504236459732056,
        -0.487562000751495,
        -0.487562000751495,
        -0.512278735637665,
        -0.56116771697998,
        -0.586978197097778,
        -0.61162930727005,
        -0.602310359477997,
        -0.623932659626007,
        -0.66254597902298,
        -0.66254597902298,
        -0.636686503887177,
        -0.642777562141418,
        -0.647989690303802,
        -0.68902450799942,
        -0.850324094295502,
        -0.904385209083557,
        -0.997725367546082,
        -1.02149033546448,
        -1.01452589035034,
        -0.586667656898499,
        -0.586667656898499,
        -0.296828299760818,
        -0.34783524274826
    ],
    "omega_next": [
        -0.487562000751495,
        -0.487562000751495,
        -0.512278735637665,
        -0.56116771697998,
        -0.586978197097778,
        -0.61162930727005,
        -0.602310359477997,
        -0.623932659626007,
        -0.66254597902298,
        -0.66254597902298,
        -0.636686503887177,
        -0.642777562141418,
        -0.647989690303802,
        -0.68902450799942,
        -0.850324094295502,
        -0.904385209083557,
        -0.997725367546082,
        -1.02149033546448,
        -1.01452589035034,
        -0.586667656898499,
        -0.586667656898499,
        -0.296828299760818,
        -0.34783524274826,
        -0.391780585050583
    ],
    "phiDotL": [
        -0.0605693519079345,
        -0.0605693519079345,
        -0.1211387038158691,
        -0.1211387038158691,
        -0.1817080557238037,
        -0.1817080557238037,
        -0.2422774076317383,
        -0.2422774076317383,
        -0.3028467595396729,
        -0.3028467595396729,
        -0.3634161114476075,
        -0.3634161114476075,
        -0.4239854633555421,
        -0.4239854633555421,
        -0.4845548152634767,
        -0.5451241671714112,
        -0.5451241671714112,
        -0.6056935190793459,
        -0.6056935190793459,
        -0.6662628709872804,
        -0.6662628709872804,
        -0.726832222895215,
        -0.726832222895215,
        -0.7874015748031497
    ],
    "phiDotR": [
        3.6947304663840095,
        3.6947304663840095,
        3.755299818291944,
        3.755299818291944,
        3.815869170199879,
        3.815869170199879,
        3.8764385221078137,
        3.8764385221078137,
        3.937007874015748,
        3.937007874015748,
        3.997577225923683,
        3.997577225923683,
        4.058146577831618,
        4.058146577831618,
        4.118715929739552,
        4.179285281647486,
        4.179285281647486,
        4.239854633555421,
        4.239854633555421,
        4.300423985463356,
        4.300423985463356,
        4.36099333737129,
        4.36099333737129,
        4.421562689279225
    ]
}