{
    "segment_index": 1429,
    "A": 0.21710831817594137,
    "B1": 0.06797301948622367,
    "B2": -0.10438706736860393,
    "omega": [
        -0.324650019407272,
        -0.333951622247696,
        -0.35810112953186,
        -0.3303502202034,
        -0.3303502202034,
        -0.335353553295135,
        -0.399959743022919,
        -0.354495525360107,
        -0.369903117418289,
        -0.373985379934311,
        -0.373985379934311,
        -0.376004606485367,
        -0.379643142223358,
        -0.405318230390549,
        -0.442511051893234,
        -0.422721654176712,
        -0.422721654176712,
        -0.419858306646347,
        -0.431029230356216,
        -0.489780277013779,
        -0.47634282708168,
        -0.457987993955612,
        -0.453415662050247,
        -0.453415662050247
    ],
    "omega_next": [
        -0.333951622247696,
        -0.35810112953186,
        -0.3303502202034,
        -0.3303502202034,
        -0.335353553295135,
        -0.399959743022919,
        -0.354495525360107,
        -0.369903117418289,
        -0.373985379934311,
        -0.373985379934311,
        -0.376004606485367,
        -0.379643142223358,
        -0.405318230390549,
        -0.442511051893234,
        -0.422721654176712,
        -0.422721654176712,
        -0.419858306646347,
        -0.431029230356216,
        -0.489780277013779,
        -0.47634282708168,
        -0.457987993955612,
        -0.453415662050247,
        -0.453415662050247,
        -0.504236459732056
    ],
    "phiDotL": [
        0.6662628709872804,
        0.6662628709872804,
        0.6056935190793459,
        0.6056935190793459,
        0.5451241671714112,
        0.5451241671714112,
        0.4845548152634767,
        0.4845548152634767,
        0.4239854633555421,
        0.3634161114476075,
        0.3634161114476075,
        0.3028467595396729,
        0.3028467595396729,
        0.2422774076317383,
        0.2422774076317383,
        0.1817080557238037,
        0.1817080557238037,
        0.1211387038158691,
        0.1211387038158691,
        0.0605693519079345,
        0.0605693519079345,
        0.0,
        0.0,
        0.0
    ],
    "phiDotR": [
        2.90732889158086,
        2.90732889158086,
        2.967898243488795,
        2.967898243488795,
        3.0284675953967293,
        3.0284675953967293,
        3.089036947304664,
        3.089036947304664,
        3.1496062992125986,
        3.210175651120533,
        3.210175651120533,
        3.270745003028468,
        3.270745003028468,
        3.3313143549364024,
        3.3313143549364024,
        3.3918837068443373,
        3.3918837068443373,
        3.3918837068443373,
        3.3918837068443373,
        3.4524530587522717,
        3.4524530587522717,
        3.5735917625681406,
        3.5735917625681406,
        3.634161114476075
    ]
}