{
    "segment_index": 1985,
    "A": 0.3407342414197117,
    "B1": 0.1630503664421263,
    "B2": 0.03060463505326424,
    "omega": [
        1.40488660335541,
        1.33513784408569,
        1.31553709506989,
        1.33059799671173,
        1.36025321483612,
        1.36145269870758,
        1.3675172328949,
        1.42344892024994,
        1.44745016098022,
        1.41631698608398,
        1.36963832378387,
        1.40646386146545,
        1.43897843360901,
        1.38821005821228,
        1.26914966106415,
        1.22730219364166,
        1.24317765235901,
        1.29718315601349,
        1.28898656368256,
        1.29852163791656,
        1.08813059329987,
        0.609589874744415,
        0.373116046190262,
        0.0245184246450663
    ],
    "omega_next": [
        1.33513784408569,
        1.31553709506989,
        1.33059799671173,
        1.36025321483612,
        1.36145269870758,
        1.3675172328949,
        1.42344892024994,
        1.44745016098022,
        1.41631698608398,
        1.36963832378387,
        1.40646386146545,
        1.43897843360901,
        1.38821005821228,
        1.26914966106415,
        1.22730219364166,
        1.24317765235901,
        1.29718315601349,
        1.28898656368256,
        1.29852163791656,
        1.08813059329987,
        0.609589874744415,
        0.373116046190262,
        0.0245184246450663,
        0.014286638237536
    ],
    "phiDotL": [
        6.0569351907934585,
        6.0569351907934585,
        6.0569351907934585,
        6.0569351907934585,
        6.0569351907934585,
        6.0569351907934585,
        5.996365838885524,
        6.0569351907934585,
        6.0569351907934585,
        6.0569351907934585,
        6.0569351907934585,
        5.996365838885524,
        6.0569351907934585,
        5.996365838885524,
        6.0569351907934585,
        6.0569351907934585,
        6.0569351907934585,
        6.0569351907934585,
        6.0569351907934585,
        4.48213204118716,
        2.5439127801332524,
        0.6056935190793459,
        0.0,
        0.0
    ],
    "phiDotR": [
        -3.1496062992125986,
        -3.1496062992125986,
        -3.210175651120533,
        -3.210175651120533,
        -3.210175651120533,
        -3.210175651120533,
        -3.210175651120533,
        -3.270745003028468,
        -3.270745003028468,
        -3.270745003028468,
        -3.270745003028468,
        -3.270745003028468,
        -3.270745003028468,
        -3.3313143549364024,
        -3.3313143549364024,
        -3.3313143549364024,
        -3.3313143549364024,
        -3.3313143549364024,
        -3.3918837068443373,
        -4.48213204118716,
        -2.5439127801332524,
        -0.6056935190793459,
        0.0,
        0.0
    ]
}