{
    "segment_index": 2726,
    "A": 0.7273181559861895,
    "B1": 0.08996584714583013,
    "B2": -0.02879416109925933,
    "omega": [
        -0.695318579673767,
        -0.718732059001923,
        -0.722495555877686,
        -0.750206291675568,
        -0.724501430988312,
        -0.885976672172546,
        -0.892605662345886,
        -0.910736441612244,
        -0.846828818321228,
        -0.758514583110809,
        -0.750191807746887,
        -0.722711801528931,
        -0.740045368671417,
        -0.771618068218231,
        -0.814397513866425,
        -0.888470709323883,
        -0.88241183757782,
        -0.964242100715637,
        -0.963648855686188,
        -0.931452512741089,
        -0.996186196804047,
        -0.983491599559784,
        -1.02851343154907,
        -1.00774312019348
    ],
    "omega_next": [
        -0.718732059001923,
        -0.722495555877686,
        -0.750206291675568,
        -0.724501430988312,
        -0.885976672172546,
        -0.892605662345886,
        -0.910736441612244,
        -0.846828818321228,
        -0.758514583110809,
        -0.750191807746887,
        -0.722711801528931,
        -0.740045368671417,
        -0.771618068218231,
        -0.814397513866425,
        -0.888470709323883,
        -0.88241183757782,
        -0.964242100715637,
        -0.963648855686188,
        -0.931452512741089,
        -0.996186196804047,
        -0.983491599559784,
        -1.02851343154907,
        -1.00774312019348,
        -1.05396640300751
    ],
    "phiDotL": [
        -0.5451241671714112,
        -0.5451241671714112,
        -0.6056935190793459,
        -0.6056935190793459,
        -0.6662628709872804,
        -0.6662628709872804,
        -0.726832222895215,
        -0.726832222895215,
        -0.7874015748031497,
        -0.8479709267110843,
        -0.8479709267110843,
        -0.9085402786190188,
        -0.9085402786190188,
        -0.9691096305269534,
        -0.9691096305269534,
        -1.029678982434888,
        -1.029678982434888,
        -1.0902483343428224,
        -1.0902483343428224,
        -1.150817686250757,
        -1.150817686250757,
        -1.2113870381586918,
        -1.2113870381586918,
        -1.2719563900666262
    ],
    "phiDotR": [
        5.390672319806178,
        5.390672319806178,
        5.451241671714113,
        5.451241671714113,
        5.511811023622047,
        5.511811023622047,
        5.572380375529982,
        5.572380375529982,
        5.632949727437917,
        5.693519079345851,
        5.693519079345851,
        5.754088431253785,
        5.754088431253785,
        5.81465778316172,
        5.81465778316172,
        5.875227135069655,
        5.875227135069655,
        5.93579648697759,
        5.93579648697759,
        5.996365838885524,
        5.996365838885524,
        6.0569351907934585,
        6.0569351907934585,
        6.0569351907934585
    ]
}