{
    "segment_index": 733,
    "A": 0.17529619285217746,
    "B1": 0.0,
    "B2": 0.0,
    "omega": [
        0.000586183683481,
        0.0031217609066516,
        0.0007420609472319,
        0.0007433132268488,
        0.0026612449437379,
        -0.0012250271392986,
        -0.0003045370103791,
        0.0028524955268949,
        -0.0009828767506405,
        0.0003051832318305,
        -0.00061659689527,
        -0.0006943096523173,
        0.0009971021208912,
        0.0037090261466801,
        0.0005746213719248,
        5.57658495381474e-06,
        -0.0009413782972842,
        0.0036840345710516,
        -0.0003693671897053,
        -0.0026653956156224,
        0.0006735664792358,
        0.0050276294350624,
        0.003149057039991,
        -0.0005758921615779
    ],
    "omega_next": [
        0.0031217609066516,
        0.0007420609472319,
        0.0007433132268488,
        0.0026612449437379,
        -0.0012250271392986,
        -0.0003045370103791,
        0.0028524955268949,
        -0.0009828767506405,
        0.0003051832318305,
        -0.00061659689527,
        -0.0006943096523173,
        0.0009971021208912,
        0.0037090261466801,
        0.0005746213719248,
        5.57658495381474e-06,
        -0.0009413782972842,
        0.0036840345710516,
        -0.0003693671897053,
        -0.0026653956156224,
        0.0006735664792358,
        0.0050276294350624,
        0.003149057039991,
        -0.0005758921615779,
        -0.0018106980714947
    ],
    "phiDotL": [
        0.0,
        0.0,
        0.0,
        0.0,
        0.0,
        0.0,
        0.0,
        0.0,
        0.0,
        0.0,
        0.0,
        0.0,
        0.0,
        0.0,
        0.0,
        0.0,
        0.0,
        0.0,
        0.0,
        0.0,
        0.0,
        0.0,
        0.0,
        0.0
    ],
    "phiDotR": [
        0.0,
        0.0,
        0.0,
        0.0,
        0.0,
        0.0,
        0.0,
        0.0,
        0.0,
        0.0,
        0.0,
        0.0,
        0.0,
        0.0,
        0.0,
        0.0,
        0.0,
        0.0,
        0.0,
        0.0,
        0.0,
        0.0,
        0.0,
        0.0
    ]
}