{
    "segment_index": 1661,
    "A": -0.16360469524471302,
    "B1": 0.0,
    "B2": 0.0,
    "omega": [
        0.0005639803130179,
        -0.0022556411568075,
        0.0007056604954414,
        0.0017140024574473,
        0.0016411662800237,
        -0.001140093198046,
        0.000185729979421,
        0.0006789579056203,
        0.0015196781605482,
        -0.0038445512764155,
        0.0021293631289154,
        0.0006632774602621,
        0.0009952388936653,
        0.0012247740523889,
        -0.0001316295965807,
        -0.0005999104469083,
        -0.0006420791032724,
        -0.002732623135671,
        0.0046679587103426,
        0.0003237575292587,
        0.0006621805368922,
        0.0029383527580648,
        0.0004324704059399,
        0.0014395820908248
    ],
    "omega_next": [
        -0.0022556411568075,
        0.0007056604954414,
        0.0017140024574473,
        0.0016411662800237,
        -0.001140093198046,
        0.000185729979421,
        0.0006789579056203,
        0.0015196781605482,
        -0.0038445512764155,
        0.0021293631289154,
        0.0006632774602621,
        0.0009952388936653,
        0.0012247740523889,
        -0.0001316295965807,
        -0.0005999104469083,
        -0.0006420791032724,
        -0.002732623135671,
        0.0046679587103426,
        0.0003237575292587,
        0.0006621805368922,
        0.0029383527580648,
        0.0004324704059399,
        0.0014395820908248,
        0.0018424375448375
    ],
    "phiDotL": [
        0.0,
        0.0,
        0.0,
        0.0,
        0.0,
        0.0,
        0.0,
        0.0,
        0.0,
        0.0,
        0.0,
        0.0,
        0.0,
        0.0,
        0.0,
        0.0,
        0.0,
        0.0,
        0.0,
        0.0,
        0.0,
        0.0,
        0.0,
        0.0
    ],
    "phiDotR": [
        0.0,
        0.0,
        0.0,
        0.0,
        0.0,
        0.0,
        0.0,
        0.0,
        0.0,
        0.0,
        0.0,
        0.0,
        0.0,
        0.0,
        0.0,
        0.0,
        0.0,
        0.0,
        0.0,
        0.0,
        0.0,
        0.0,
        0.0,
        0.0
    ]
}