{
    "segment_index": 1633,
    "A": 0.09866147213656581,
    "B1": 0.0,
    "B2": 0.0,
    "omega": [
        -0.0010138188954442,
        0.0040598986670374,
        -0.000923074199818,
        -0.000923074199818,
        -0.000923074199818,
        -0.000923074199818,
        -0.000923074199818,
        -0.000923074199818,
        -0.000923074199818,
        -0.000923074199818,
        0.0004656331730075,
        0.0014377101324498,
        0.0057034371420741,
        0.0018643520306795,
        -0.0002114311937475,
        0.0009478864958509,
        -0.0007084329263307,
        -0.0004789728554897,
        -0.0013738761190325,
        -0.000520484696608,
        0.0042176432907581,
        -0.0018441041465848,
        0.0006737146759405,
        -0.0014403789537027
    ],
    "omega_next": [
        0.0040598986670374,
        -0.000923074199818,
        -0.000923074199818,
        -0.000923074199818,
        -0.000923074199818,
        -0.000923074199818,
        -0.000923074199818,
        -0.000923074199818,
        -0.000923074199818,
        0.0004656331730075,
        0.0014377101324498,
        0.0057034371420741,
        0.0018643520306795,
        -0.0002114311937475,
        0.0009478864958509,
        -0.0007084329263307,
        -0.0004789728554897,
        -0.0013738761190325,
        -0.000520484696608,
        0.0042176432907581,
        -0.0018441041465848,
        0.0006737146759405,
        -0.0014403789537027,
        -0.0024034138768911
    ],
    "phiDotL": [
        0.0,
        0.0,
        0.0,
        0.0,
        0.0,
        0.0,
        0.0,
        0.0,
        0.0,
        0.0,
        0.0,
        0.0,
        0.0,
        0.0,
        0.0,
        0.0,
        0.0,
        0.0,
        0.0,
        0.0,
        0.0,
        0.0,
        0.0,
        0.0
    ],
    "phiDotR": [
        0.0,
        0.0,
        0.0,
        0.0,
        0.0,
        0.0,
        0.0,
        0.0,
        0.0,
        0.0,
        0.0,
        0.0,
        0.0,
        0.0,
        0.0,
        0.0,
        0.0,
        0.0,
        0.0,
        0.0,
        0.0,
        0.0,
        0.0,
        0.0
    ]
}