{
    "segment_index": 3106,
    "A": -0.7145517769421534,
    "B1": 0.3196062540466003,
    "B2": -0.0632893357204725,
    "omega": [
        1.18153023719788,
        1.26311182975769,
        0.971521317958832,
        0.301357597112656,
        -0.086332879960537,
        -0.0217664577066898,
        -0.0100830039009452,
        -0.0017037788638845,
        -0.0018270229920744,
        -0.0005595533293671,
        -0.0028273265343159,
        0.001219816156663,
        0.0009302185499109,
        0.0016263956204056,
        -0.0003757835947908,
        -0.0025331932120025,
        -0.0015974489506334,
        0.0001371833495795,
        -0.0011191882658749,
        0.0011400507064536,
        -0.0019643451087176,
        0.007005073595792,
        0.0022745709866285,
        -0.0017894410993903
    ],
    "omega_next": [
        1.26311182975769,
        0.971521317958832,
        0.301357597112656,
        -0.086332879960537,
        -0.0217664577066898,
        -0.0100830039009452,
        -0.0017037788638845,
        -0.0018270229920744,
        -0.0005595533293671,
        -0.0028273265343159,
        0.001219816156663,
        0.0009302185499109,
        0.0016263956204056,
        -0.0003757835947908,
        -0.0025331932120025,
        -0.0015974489506334,
        0.0001371833495795,
        -0.0011191882658749,
        0.0011400507064536,
        -0.0019643451087176,
        0.007005073595792,
        0.0022745709866285,
        -0.0017894410993903,
        0.0026759880129247
    ],
    "phiDotL": [
        6.0569351907934585,
        5.087825560266505,
        2.5439127801332524,
        0.6056935190793459,
        0.0,
        0.0,
        0.0,
        0.0,
        0.0,
        0.0,
        0.0,
        0.0,
        0.0,
        0.0,
        0.0,
        0.0,
        0.0,
        0.0,
        0.0,
        0.0,
        0.0,
        0.0,
        0.0,
        0.0
    ],
    "phiDotR": [
        -2.7256208358570566,
        -3.8764385221078137,
        -2.5439127801332524,
        -0.6056935190793459,
        0.0,
        0.0,
        0.0,
        0.0,
        0.0,
        0.0,
        0.0,
        0.0,
        0.0,
        0.0,
        0.0,
        0.0,
        0.0,
        0.0,
        0.0,
        0.0,
        0.0,
        0.0,
        0.0,
        0.0
    ]
}