{
    "segment_index": 2571,
    "A": 0.4447104150111714,
    "B1": 0.0,
    "B2": 0.0,
    "omega": [
        -0.0039257132448256,
        -0.0004774727276526,
        0.0034872409887611,
        -0.0015453086234629,
        -0.0024802675470709,
        0.0015395889058709,
        -0.0007503390079364,
        0.0002087556640617,
        0.0012852424988523,
        0.0012197617907077,
        -0.0028435734566301,
        -0.00050625303993,
        0.0002896982769016,
        -0.0018710974836722,
        0.0003841318539343,
        -0.0043481914326548,
        0.0040457732975482,
        0.0040457732975482,
        0.0040457732975482,
        0.0040457732975482,
        0.0040457732975482,
        0.0040457732975482,
        0.0040457732975482,
        0.0040457732975482
    ],
    "omega_next": [
        -0.0004774727276526,
        0.0034872409887611,
        -0.0015453086234629,
        -0.0024802675470709,
        0.0015395889058709,
        -0.0007503390079364,
        0.0002087556640617,
        0.0012852424988523,
        0.0012197617907077,
        -0.0028435734566301,
        -0.00050625303993,
        0.0002896982769016,
        -0.0018710974836722,
        0.0003841318539343,
        -0.0043481914326548,
        0.0040457732975482,
        0.0040457732975482,
        0.0040457732975482,
        0.0040457732975482,
        0.0040457732975482,
        0.0040457732975482,
        0.0040457732975482,
        0.0040457732975482,
        0.0009030116489157
    ],
    "phiDotL": [
        0.0,
        0.0,
        0.0,
        0.0,
        0.0,
        0.0,
        0.0,
        0.0,
        0.0,
        0.0,
        0.0,
        0.0,
        0.0,
        0.0,
        0.0,
        0.0,
        0.0,
        0.0,
        0.0,
        0.0,
        0.0,
        0.0,
        0.0,
        0.0
    ],
    "phiDotR": [
        0.0,
        0.0,
        0.0,
        0.0,
        0.0,
        0.0,
        0.0,
        0.0,
        0.0,
        0.0,
        0.0,
        0.0,
        0.0,
        0.0,
        0.0,
        0.0,
        0.0,
        0.0,
        0.0,
        0.0,
        0.0,
        0.0,
        0.0,
        0.0
    ]
}