{
    "segment_index": 1122,
    "A": 0.5692818910663762,
    "B1": 0.0893806919054982,
    "B2": 0.04775219129732503,
    "omega": [
        0.376878023147583,
        0.385799616575241,
        0.428045630455017,
        0.496926844120026,
        0.513992607593536,
        0.519077360630035,
        0.47688040137291,
        0.467071324586868,
        0.611140608787537,
        0.533937096595764,
        0.725851476192474,
        0.764925360679626,
        0.713633239269257,
        0.619415879249573,
        0.507949888706207,
        0.55391651391983,
        0.655414462089539,
        0.583029091358185,
        0.618495643138885,
        0.569946527481079,
        0.561999142169952,
        0.612575948238373,
        0.5805624127388,
        0.650601804256439
    ],
    "omega_next": [
        0.385799616575241,
        0.428045630455017,
        0.496926844120026,
        0.513992607593536,
        0.519077360630035,
        0.47688040137291,
        0.467071324586868,
        0.611140608787537,
        0.533937096595764,
        0.725851476192474,
        0.764925360679626,
        0.713633239269257,
        0.619415879249573,
        0.507949888706207,
        0.55391651391983,
        0.655414462089539,
        0.583029091358185,
        0.618495643138885,
        0.569946527481079,
        0.561999142169952,
        0.612575948238373,
        0.5805624127388,
        0.650601804256439,
        0.54755973815918
    ],
    "phiDotL": [
        2.846759539672925,
        2.90732889158086,
        2.90732889158086,
        2.967898243488795,
        2.967898243488795,
        3.0284675953967293,
        3.089036947304664,
        3.089036947304664,
        3.1496062992125986,
        3.1496062992125986,
        3.210175651120533,
        3.210175651120533,
        3.270745003028468,
        3.270745003028468,
        3.3313143549364024,
        3.3313143549364024,
        3.3918837068443373,
        3.3918837068443373,
        3.3918837068443373,
        3.3918837068443373,
        3.4524530587522717,
        3.5735917625681406,
        3.634161114476075,
        3.634161114476075
    ],
    "phiDotR": [
        -0.4239854633555421,
        -0.4845548152634767,
        -0.4845548152634767,
        -0.5451241671714112,
        -0.5451241671714112,
        -0.6056935190793459,
        -0.6662628709872804,
        -0.6662628709872804,
        -0.726832222895215,
        -0.726832222895215,
        -0.7874015748031497,
        -0.7874015748031497,
        -0.8479709267110843,
        -0.8479709267110843,
        -0.9085402786190188,
        -0.9085402786190188,
        -0.9691096305269534,
        -0.9691096305269534,
        -1.029678982434888,
        -1.029678982434888,
        -1.0902483343428224,
        -1.150817686250757,
        -1.2113870381586918,
        -1.2113870381586918
    ]
}