{
    "segment_index": 2885,
    "A": 0.5319225863820548,
    "B1": 0.0,
    "B2": 0.0,
    "omega": [
        0.0036588807124644,
        0.0040909321978688,
        0.00102735881228,
        -0.0014071324840188,
        0.0012149316025897,
        -0.0007822134648449,
        0.0023374771699309,
        -0.0015895928954705,
        0.0018447139300406,
        0.0014928458258509,
        0.0004195760702714,
        -0.0008043742855079,
        0.0013678458053618,
        4.85252094222233e-05,
        0.0003272494068369,
        0.0001563565601827,
        0.0013008698588237,
        0.0001737908896757,
        0.0014582719886675,
        0.0004392791888676,
        -0.0043115671724081,
        0.0037422960158437,
        -0.0021809111349284,
        0.0031890305690467
    ],
    "omega_next": [
        0.0040909321978688,
        0.00102735881228,
        -0.0014071324840188,
        0.0012149316025897,
        -0.0007822134648449,
        0.0023374771699309,
        -0.0015895928954705,
        0.0018447139300406,
        0.0014928458258509,
        0.0004195760702714,
        -0.0008043742855079,
        0.0013678458053618,
        4.85252094222233e-05,
        0.0003272494068369,
        0.0001563565601827,
        0.0013008698588237,
        0.0001737908896757,
        0.0014582719886675,
        0.0004392791888676,
        -0.0043115671724081,
        0.0037422960158437,
        -0.0021809111349284,
        0.0031890305690467,
        0.0244849175214767
    ],
    "phiDotL": [
        0.0,
        0.0,
        0.0,
        0.0,
        0.0,
        0.0,
        0.0,
        0.0,
        0.0,
        0.0,
        0.0,
        0.0,
        0.0,
        0.0,
        0.0,
        0.0,
        0.0,
        0.0,
        0.0,
        0.0,
        0.0,
        0.0,
        0.0,
        0.0
    ],
    "phiDotR": [
        0.0,
        0.0,
        0.0,
        0.0,
        0.0,
        0.0,
        0.0,
        0.0,
        0.0,
        0.0,
        0.0,
        0.0,
        0.0,
        0.0,
        0.0,
        0.0,
        0.0,
        0.0,
        0.0,
        0.0,
        0.0,
        0.0,
        0.0,
        0.0
    ]
}