{
    "segment_index": 2513,
    "A": 0.10543101802882891,
    "B1": 0.0,
    "B2": 0.0,
    "omega": [
        -0.0013937293551862,
        0.0001143381523434,
        -0.0015721509698778,
        -0.0004256974789313,
        0.0003203061642125,
        0.0021757825743407,
        0.0015643036458641,
        -0.0024531534872949,
        0.0005410772864706,
        0.0002439943200442,
        0.0045876912772655,
        -0.001547253341414,
        -0.0024573011323809,
        -0.0025297424290329,
        0.0001304493925999,
        -0.0007486764225177,
        -0.0010989169823005,
        -0.0003763622953556,
        -0.0008162573794834,
        -0.00112495792564,
        -0.0006817992543801,
        -0.000382403464755,
        0.0004609505122061,
        -0.0005838921060785
    ],
    "omega_next": [
        0.0001143381523434,
        -0.0015721509698778,
        -0.0004256974789313,
        0.0003203061642125,
        0.0021757825743407,
        0.0015643036458641,
        -0.0024531534872949,
        0.0005410772864706,
        0.0002439943200442,
        0.0045876912772655,
        -0.001547253341414,
        -0.0024573011323809,
        -0.0025297424290329,
        0.0001304493925999,
        -0.0007486764225177,
        -0.0010989169823005,
        -0.0003763622953556,
        -0.0008162573794834,
        -0.00112495792564,
        -0.0006817992543801,
        -0.000382403464755,
        0.0004609505122061,
        -0.0005838921060785,
        -0.0005486955633386
    ],
    "phiDotL": [
        0.0,
        0.0,
        0.0,
        0.0,
        0.0,
        0.0,
        0.0,
        0.0,
        0.0,
        0.0,
        0.0,
        0.0,
        0.0,
        0.0,
        0.0,
        0.0,
        0.0,
        0.0,
        0.0,
        0.0,
        0.0,
        0.0,
        0.0,
        0.0
    ],
    "phiDotR": [
        0.0,
        0.0,
        0.0,
        0.0,
        0.0,
        0.0,
        0.0,
        0.0,
        0.0,
        0.0,
        0.0,
        0.0,
        0.0,
        0.0,
        0.0,
        0.0,
        0.0,
        0.0,
        0.0,
        0.0,
        0.0,
        0.0,
        0.0,
        0.0
    ]
}