{
    "segment_index": 2772,
    "A": 0.5195037967442377,
    "B1": -0.024944250926751864,
    "B2": -0.09210985559680773,
    "omega": [
        -0.938983500003815,
        -1.00351417064667,
        -1.00664699077606,
        -1.00769102573395,
        -1.04703557491302,
        -1.08630394935608,
        -1.08482897281647,
        -1.07123017311096,
        -1.06314957141876,
        -1.07319927215576,
        -1.04037034511566,
        -1.03437745571136,
        -1.07838141918182,
        -1.04029583930969,
        -1.04900622367859,
        -1.15192699432373,
        -1.16218554973602,
        -1.05088770389557,
        -1.05088770389557,
        -1.05375301837921,
        -1.03893935680389,
        -1.03219795227051,
        -0.994625866413116,
        -1.0430828332901
    ],
    "omega_next": [
        -1.00351417064667,
        -1.00664699077606,
        -1.00769102573395,
        -1.04703557491302,
        -1.08630394935608,
        -1.08482897281647,
        -1.07123017311096,
        -1.06314957141876,
        -1.07319927215576,
        -1.04037034511566,
        -1.03437745571136,
        -1.07838141918182,
        -1.04029583930969,
        -1.04900622367859,
        -1.15192699432373,
        -1.16218554973602,
        -1.05088770389557,
        -1.05088770389557,
        -1.05375301837921,
        -1.03893935680389,
        -1.03219795227051,
        -0.994625866413116,
        -1.0430828332901,
        -1.02030599117279
    ],
    "phiDotL": [
        -1.6959418534221686,
        -1.8170805572380373,
        -1.8170805572380373,
        -1.8170805572380373,
        -1.877649909145972,
        -1.877649909145972,
        -1.877649909145972,
        -1.877649909145972,
        -1.9382192610539069,
        -1.9382192610539069,
        -1.9382192610539069,
        -1.9987886129618413,
        -1.9987886129618413,
        -1.9987886129618413,
        -2.059357964869776,
        -2.059357964869776,
        -2.059357964869776,
        -2.059357964869776,
        -2.1199273167777104,
        -2.1199273167777104,
        -2.1199273167777104,
        -2.180496668685645,
        -2.180496668685645,
        -2.180496668685645
    ],
    "phiDotR": [
        6.0569351907934585,
        6.0569351907934585,
        6.0569351907934585,
        6.0569351907934585,
        5.996365838885524,
        5.996365838885524,
        6.0569351907934585,
        6.0569351907934585,
        6.0569351907934585,
        6.0569351907934585,
        6.0569351907934585,
        6.0569351907934585,
        6.0569351907934585,
        6.0569351907934585,
        6.0569351907934585,
        6.0569351907934585,
        6.0569351907934585,
        6.0569351907934585,
        6.0569351907934585,
        6.0569351907934585,
        6.0569351907934585,
        6.0569351907934585,
        6.0569351907934585,
        6.0569351907934585
    ]
}