{
    "segment_index": 1290,
    "A": 0.16211716574791032,
    "B1": 0.0,
    "B2": 0.0,
    "omega": [
        0.0041936747729778,
        -7.97091997810639e-05,
        -0.0007391069084405,
        0.001239335979335,
        0.0051983105950057,
        0.000704058620613,
        0.0011971628991887,
        0.0043312483467161,
        0.0002162428281735,
        -0.0033345690462738,
        0.0011269457172602,
        -0.000316874589771,
        -0.0005727408570237,
        0.0013517987681552,
        0.0002333544398425,
        -0.0041713728569448,
        -0.0039229430258274,
        -0.0011351808207109,
        0.0012546239886432,
        -0.0006575470324605,
        0.001907640020363,
        -0.0010645544389262,
        0.0004964724066667,
        -0.0022073057480156
    ],
    "omega_next": [
        -7.97091997810639e-05,
        -0.0007391069084405,
        0.001239335979335,
        0.0051983105950057,
        0.000704058620613,
        0.0011971628991887,
        0.0043312483467161,
        0.0002162428281735,
        -0.0033345690462738,
        0.0011269457172602,
        -0.000316874589771,
        -0.0005727408570237,
        0.0013517987681552,
        0.0002333544398425,
        -0.0041713728569448,
        -0.0039229430258274,
        -0.0011351808207109,
        0.0012546239886432,
        -0.0006575470324605,
        0.001907640020363,
        -0.0010645544389262,
        0.0004964724066667,
        -0.0022073057480156,
        0.0012136303121224
    ],
    "phiDotL": [
        0.0,
        0.0,
        0.0,
        0.0,
        0.0,
        0.0,
        0.0,
        0.0,
        0.0,
        0.0,
        0.0,
        0.0,
        0.0,
        0.0,
        0.0,
        0.0,
        0.0,
        0.0,
        0.0,
        0.0,
        0.0,
        0.0,
        0.0,
        0.0
    ],
    "phiDotR": [
        0.0,
        0.0,
        0.0,
        0.0,
        0.0,
        0.0,
        0.0,
        0.0,
        0.0,
        0.0,
        0.0,
        0.0,
        0.0,
        0.0,
        0.0,
        0.0,
        0.0,
        0.0,
        0.0,
        0.0,
        0.0,
        0.0,
        0.0,
        0.0
    ]
}