{
    "segment_index": 1922,
    "A": 0.3802124704012545,
    "B1": 0.09268548159944061,
    "B2": -0.07523914597453193,
    "omega": [
        1.03030550479889,
        1.06795239448547,
        1.05325651168823,
        1.08538711071014,
        1.11759495735168,
        1.09939885139465,
        1.14098036289215,
        1.15862655639648,
        1.13108360767365,
        1.09730339050293,
        1.12403380870819,
        1.22600924968719,
        1.2318993806839,
        1.20347917079926,
        1.18209850788116,
        1.13482201099396,
        1.12819373607635,
        1.19888710975647,
        1.19427287578583,
        1.21603465080261,
        1.23241949081421,
        1.20914781093597,
        1.17325758934021,
        1.21660304069519
    ],
    "omega_next": [
        1.06795239448547,
        1.05325651168823,
        1.08538711071014,
        1.11759495735168,
        1.09939885139465,
        1.14098036289215,
        1.15862655639648,
        1.13108360767365,
        1.09730339050293,
        1.12403380870819,
        1.22600924968719,
        1.2318993806839,
        1.20347917079926,
        1.18209850788116,
        1.13482201099396,
        1.12819373607635,
        1.19888710975647,
        1.19427287578583,
        1.21603465080261,
        1.23241949081421,
        1.20914781093597,
        1.17325758934021,
        1.21660304069519,
        1.25076162815094
    ],
    "phiDotL": [
        5.632949727437917,
        5.632949727437917,
        5.693519079345851,
        5.693519079345851,
        5.754088431253785,
        5.754088431253785,
        5.81465778316172,
        5.81465778316172,
        5.875227135069655,
        5.875227135069655,
        5.93579648697759,
        5.996365838885524,
        5.996365838885524,
        6.0569351907934585,
        6.0569351907934585,
        6.0569351907934585,
        6.0569351907934585,
        6.0569351907934585,
        6.0569351907934585,
        6.0569351907934585,
        6.0569351907934585,
        6.0569351907934585,
        6.0569351907934585,
        6.0569351907934585
    ],
    "phiDotR": [
        -1.9987886129618413,
        -1.9987886129618413,
        -2.059357964869776,
        -2.059357964869776,
        -2.1199273167777104,
        -2.1199273167777104,
        -2.180496668685645,
        -2.180496668685645,
        -2.24106602059358,
        -2.24106602059358,
        -2.301635372501514,
        -2.362204724409449,
        -2.362204724409449,
        -2.4227740763173835,
        -2.4227740763173835,
        -2.4227740763173835,
        -2.483343428225318,
        -2.483343428225318,
        -2.483343428225318,
        -2.483343428225318,
        -2.5439127801332524,
        -2.5439127801332524,
        -2.5439127801332524,
        -2.6044821320411877
    ]
}