{
    "segment_index": 1590,
    "A": 0.07541704240527618,
    "B1": 0.20989465713714078,
    "B2": -0.03213268352129601,
    "omega": [
        -0.903262734413147,
        -0.895715951919556,
        -0.926693618297577,
        -0.976005852222443,
        -1.02304112911224,
        -1.01758694648743,
        -1.12142038345337,
        -0.788482785224915,
        -0.124941371381283,
        0.0190499946475029,
        0.0056270388886332,
        0.007692608051002,
        -0.0044029587879777,
        -0.0047958237119019,
        0.0002104267769027,
        0.0010491635184735,
        0.0014284485951066,
        0.0005096775130368,
        0.0004270853823982,
        0.0023367619141936,
        0.0009410263155587,
        0.0010062652872875,
        -0.0042447573505342,
        0.000808605691418
    ],
    "omega_next": [
        -0.895715951919556,
        -0.926693618297577,
        -0.976005852222443,
        -1.02304112911224,
        -1.01758694648743,
        -1.12142038345337,
        -0.788482785224915,
        -0.124941371381283,
        0.0190499946475029,
        0.0056270388886332,
        0.007692608051002,
        -0.0044029587879777,
        -0.0047958237119019,
        0.0002104267769027,
        0.0010491635184735,
        0.0014284485951066,
        0.0005096775130368,
        0.0004270853823982,
        0.0023367619141936,
        0.0009410263155587,
        0.0010062652872875,
        -0.0042447573505342,
        0.000808605691418,
        -0.0042988238856196
    ],
    "phiDotL": [
        -3.3313143549364024,
        -3.3313143549364024,
        -3.3313143549364024,
        -3.3313143549364024,
        -3.3918837068443373,
        -4.48213204118716,
        -2.5439127801332524,
        -0.6056935190793459,
        0.0,
        0.0,
        0.0,
        0.0,
        0.0,
        0.0,
        0.0,
        0.0,
        0.0,
        0.0,
        0.0,
        0.0,
        0.0,
        0.0,
        0.0,
        0.0
    ],
    "phiDotR": [
        6.0569351907934585,
        6.0569351907934585,
        6.0569351907934585,
        6.0569351907934585,
        6.0569351907934585,
        4.48213204118716,
        2.5439127801332524,
        0.6056935190793459,
        0.0,
        0.0,
        0.0,
        0.0,
        0.0,
        0.0,
        0.0,
        0.0,
        0.0,
        0.0,
        0.0,
        0.0,
        0.0,
        0.0,
        0.0,
        0.0
    ]
}