{
    "segment_index": 2172,
    "A": 0.8398812128312876,
    "B1": 0.22277839921401582,
    "B2": 0.038647173841783955,
    "omega": [
        -0.175303146243095,
        -0.223147317767143,
        -0.247306078672409,
        -0.200815632939339,
        -0.203760072588921,
        -0.182534083724022,
        -0.226552337408066,
        -0.224771097302437,
        -0.281242877244949,
        -0.388868153095245,
        -0.335538774728775,
        -0.256606936454773,
        -0.294115722179413,
        -0.271241128444672,
        -0.331754356622696,
        -0.371433198451996,
        -0.435929596424103,
        -0.539791882038116,
        -0.647894561290741,
        -0.69410103559494,
        -0.655787289142609,
        -0.678897857666016,
        -0.743561506271362,
        -0.781079471111298
    ],
    "omega_next": [
        -0.223147317767143,
        -0.247306078672409,
        -0.200815632939339,
        -0.203760072588921,
        -0.182534083724022,
        -0.226552337408066,
        -0.224771097302437,
        -0.281242877244949,
        -0.388868153095245,
        -0.335538774728775,
        -0.256606936454773,
        -0.294115722179413,
        -0.271241128444672,
        -0.331754356622696,
        -0.371433198451996,
        -0.435929596424103,
        -0.539791882038116,
        -0.647894561290741,
        -0.69410103559494,
        -0.655787289142609,
        -0.678897857666016,
        -0.743561506271362,
        -0.781079471111298,
        -0.821251630783081
    ],
    "phiDotL": [
        -0.8479709267110843,
        -0.9085402786190188,
        -0.9691096305269534,
        -0.9691096305269534,
        -1.029678982434888,
        -1.029678982434888,
        -1.0902483343428224,
        -1.0902483343428224,
        -1.150817686250757,
        -1.150817686250757,
        -1.2113870381586918,
        -1.2113870381586918,
        -1.2719563900666262,
        -1.2719563900666262,
        -1.3325257419745609,
        -1.3325257419745609,
        -1.3930950938824955,
        -1.45366444579043,
        -1.45366444579043,
        -1.5142337976983646,
        -1.5142337976983646,
        -1.5748031496062993,
        -1.5748031496062993,
        -1.635372501514234
    ],
    "phiDotR": [
        4.48213204118716,
        4.542701393095094,
        4.603270745003028,
        4.603270745003028,
        4.663840096910963,
        4.663840096910963,
        4.724409448818898,
        4.724409448818898,
        4.784978800726832,
        4.784978800726832,
        4.845548152634767,
        4.845548152634767,
        4.906117504542702,
        4.906117504542702,
        4.966686856450636,
        4.966686856450636,
        5.027256208358571,
        5.087825560266505,
        5.087825560266505,
        5.14839491217444,
        5.14839491217444,
        5.208964264082375,
        5.208964264082375,
        5.269533615990309
    ]
}