{
    "segment_index": 225,
    "A": 0.7245505911209849,
    "B1": 0.0091181711980436,
    "B2": -0.08493920209334851,
    "omega": [
        1.01180982589722,
        0.930481612682343,
        0.893457472324371,
        0.971103250980377,
        1.04847586154938,
        1.02125144004822,
        1.11603367328644,
        1.16939651966095,
        1.15665435791016,
        1.22013664245605,
        1.20211279392242,
        1.28378558158875,
        1.24575531482697,
        1.30835449695587,
        1.24403238296509,
        1.17279362678528,
        1.09939885139465,
        1.18682408332825,
        1.2455245256424,
        1.35089123249054,
        1.35611820220947,
        1.29130399227142,
        1.26104938983917,
        1.23301959037781
    ],
    "omega_next": [
        0.930481612682343,
        0.893457472324371,
        0.971103250980377,
        1.04847586154938,
        1.02125144004822,
        1.11603367328644,
        1.16939651966095,
        1.15665435791016,
        1.22013664245605,
        1.20211279392242,
        1.28378558158875,
        1.24575531482697,
        1.30835449695587,
        1.24403238296509,
        1.17279362678528,
        1.09939885139465,
        1.18682408332825,
        1.2455245256424,
        1.35089123249054,
        1.35611820220947,
        1.29130399227142,
        1.26104938983917,
        1.23301959037781,
        1.15324306488037
    ],
    "phiDotL": [
        4.179285281647486,
        4.239854633555421,
        4.300423985463356,
        4.300423985463356,
        4.36099333737129,
        4.36099333737129,
        4.421562689279225,
        4.421562689279225,
        4.48213204118716,
        4.48213204118716,
        4.542701393095094,
        4.542701393095094,
        4.603270745003028,
        4.603270745003028,
        4.663840096910963,
        4.663840096910963,
        4.724409448818898,
        4.784978800726832,
        4.784978800726832,
        4.845548152634767,
        4.845548152634767,
        4.906117504542702,
        4.906117504542702,
        4.966686856450636
    ],
    "phiDotR": [
        -2.967898243488795,
        -3.0284675953967293,
        -3.089036947304664,
        -3.089036947304664,
        -3.1496062992125986,
        -3.1496062992125986,
        -3.210175651120533,
        -3.210175651120533,
        -3.270745003028468,
        -3.270745003028468,
        -3.3313143549364024,
        -3.3313143549364024,
        -3.3918837068443373,
        -3.3918837068443373,
        -3.3918837068443373,
        -3.3918837068443373,
        -3.4524530587522717,
        -3.5735917625681406,
        -3.5735917625681406,
        -3.634161114476075,
        -3.634161114476075,
        -3.6947304663840095,
        -3.6947304663840095,
        -3.755299818291944
    ]
}