{
    "segment_index": 3072,
    "A": 0.6852718807833222,
    "B1": 0.0825357069487345,
    "B2": 0.059033539716232146,
    "omega": [
        1.16923463344574,
        1.19060230255127,
        1.14811992645264,
        1.18643569946289,
        1.203449010849,
        1.203209400177,
        1.23147940635681,
        1.1943895816803,
        1.16085684299469,
        1.1315370798111,
        1.14619815349579,
        1.04788422584534,
        0.992019474506378,
        1.05178260803223,
        1.1226806640625,
        1.13279318809509,
        1.13592743873596,
        1.12216544151306,
        1.07641494274139,
        1.08409667015076,
        1.11507797241211,
        1.15490901470184,
        1.12647199630737,
        1.17645621299744
    ],
    "omega_next": [
        1.19060230255127,
        1.14811992645264,
        1.18643569946289,
        1.203449010849,
        1.203209400177,
        1.23147940635681,
        1.1943895816803,
        1.16085684299469,
        1.1315370798111,
        1.14619815349579,
        1.04788422584534,
        0.992019474506378,
        1.05178260803223,
        1.1226806640625,
        1.13279318809509,
        1.13592743873596,
        1.12216544151306,
        1.07641494274139,
        1.08409667015076,
        1.11507797241211,
        1.15490901470184,
        1.12647199630737,
        1.17645621299744,
        1.14381408691406
    ],
    "phiDotL": [
        6.0569351907934585,
        6.0569351907934585,
        6.0569351907934585,
        6.0569351907934585,
        6.0569351907934585,
        6.0569351907934585,
        6.0569351907934585,
        6.0569351907934585,
        6.0569351907934585,
        6.0569351907934585,
        6.0569351907934585,
        6.0569351907934585,
        6.0569351907934585,
        5.996365838885524,
        6.0569351907934585,
        6.0569351907934585,
        6.0569351907934585,
        6.0569351907934585,
        6.0569351907934585,
        6.0569351907934585,
        6.0569351907934585,
        6.0569351907934585,
        6.0569351907934585,
        6.0569351907934585
    ],
    "phiDotR": [
        -2.24106602059358,
        -2.24106602059358,
        -2.301635372501514,
        -2.301635372501514,
        -2.301635372501514,
        -2.301635372501514,
        -2.362204724409449,
        -2.362204724409449,
        -2.362204724409449,
        -2.362204724409449,
        -2.4227740763173835,
        -2.4227740763173835,
        -2.4227740763173835,
        -2.4227740763173835,
        -2.483343428225318,
        -2.483343428225318,
        -2.483343428225318,
        -2.483343428225318,
        -2.483343428225318,
        -2.5439127801332524,
        -2.5439127801332524,
        -2.5439127801332524,
        -2.5439127801332524,
        -2.6044821320411877
    ]
}