{
    "segment_index": 1790,
    "A": -0.5138893015892011,
    "B1": 0.12850376013497233,
    "B2": -0.10997535926335157,
    "omega": [
        0.0011518580140546,
        -0.0011014954652637,
        -0.0011014954652637,
        0.0018543773330748,
        0.0018891660729423,
        0.0018891660729423,
        -0.0016097332118079,
        0.0022687357850372,
        -0.000681480509229,
        -0.0010696435347199,
        0.0016193662304431,
        0.0016456479206681,
        0.0016456479206681,
        0.0002226586220785,
        0.0004675419186241,
        0.0005202703177928,
        -0.0014342304784804,
        0.121987603604794,
        -0.0303821843117476,
        0.0335519388318062,
        0.0300481878221035,
        0.0661390647292137,
        0.0661390647292137,
        0.0654009357094765
    ],
    "omega_next": [
        -0.0011014954652637,
        -0.0011014954652637,
        0.0018543773330748,
        0.0018891660729423,
        0.0018891660729423,
        -0.0016097332118079,
        0.0022687357850372,
        -0.000681480509229,
        -0.0010696435347199,
        0.0016193662304431,
        0.0016456479206681,
        0.0016456479206681,
        0.0002226586220785,
        0.0004675419186241,
        0.0005202703177928,
        -0.0014342304784804,
        0.121987603604794,
        -0.0303821843117476,
        0.0335519388318062,
        0.0300481878221035,
        0.0661390647292137,
        0.0661390647292137,
        0.0654009357094765,
        0.078029178082943
    ],
    "phiDotL": [
        0.0,
        0.0,
        0.0,
        0.0,
        0.0,
        0.0,
        0.0,
        0.0,
        0.0,
        0.0,
        0.0,
        0.0,
        0.0,
        0.0,
        0.0,
        0.0,
        1.877649909145972,
        1.877649909145972,
        1.9382192610539069,
        1.9382192610539069,
        1.9987886129618413,
        1.9987886129618413,
        2.059357964869776,
        2.059357964869776
    ],
    "phiDotR": [
        0.0,
        0.0,
        0.0,
        0.0,
        0.0,
        0.0,
        0.0,
        0.0,
        0.0,
        0.0,
        0.0,
        0.0,
        0.0,
        0.0,
        0.0,
        0.0,
        1.6959418534221686,
        1.6959418534221686,
        1.635372501514234,
        1.635372501514234,
        1.5748031496062993,
        1.5748031496062993,
        1.5142337976983646,
        1.5142337976983646
    ]
}