{
    "segment_index": 2907,
    "A": -0.030168593168774054,
    "B1": 0.10412196741686604,
    "B2": -0.09396697358419648,
    "omega": [
        -0.0021809111349284,
        0.0031890305690467,
        0.0244849175214767,
        -0.103162914514542,
        0.064326785504818,
        0.0184929370880127,
        0.044645681977272,
        0.0933309644460678,
        0.0419724658131599,
        0.0868429094552994,
        0.0889388248324394,
        0.115665100514889,
        0.140683203935623,
        0.0844606012105942,
        0.169423282146454,
        0.14004822075367,
        0.154208138585091,
        0.120743595063686,
        0.128398761153221,
        0.103576675057411,
        0.157414957880974,
        0.182710111141205,
        0.102781102061272,
        0.146484956145287
    ],
    "omega_next": [
        0.0031890305690467,
        0.0244849175214767,
        -0.103162914514542,
        0.064326785504818,
        0.0184929370880127,
        0.044645681977272,
        0.0933309644460678,
        0.0419724658131599,
        0.0868429094552994,
        0.0889388248324394,
        0.115665100514889,
        0.140683203935623,
        0.0844606012105942,
        0.169423282146454,
        0.14004822075367,
        0.154208138585091,
        0.120743595063686,
        0.128398761153221,
        0.103576675057411,
        0.157414957880974,
        0.182710111141205,
        0.102781102061272,
        0.146484956145287,
        0.135300323367119
    ],
    "phiDotL": [
        0.0,
        0.0,
        1.877649909145972,
        2.483343428225318,
        2.5439127801332524,
        2.5439127801332524,
        2.6044821320411877,
        2.6044821320411877,
        2.6650514839491217,
        2.6650514839491217,
        2.7256208358570566,
        2.7256208358570566,
        2.786190187764991,
        2.786190187764991,
        2.846759539672925,
        2.90732889158086,
        2.90732889158086,
        2.967898243488795,
        2.967898243488795,
        3.0284675953967293,
        3.0284675953967293,
        3.089036947304664,
        3.089036947304664,
        3.1496062992125986
    ],
    "phiDotR": [
        0.0,
        0.0,
        1.6959418534221686,
        2.301635372501514,
        2.24106602059358,
        2.24106602059358,
        2.180496668685645,
        2.180496668685645,
        2.1199273167777104,
        2.1199273167777104,
        2.059357964869776,
        2.059357964869776,
        1.9987886129618413,
        1.9987886129618413,
        1.9382192610539069,
        1.877649909145972,
        1.877649909145972,
        1.8170805572380373,
        1.8170805572380373,
        1.6959418534221686,
        1.6959418534221686,
        1.6959418534221686,
        1.6959418534221686,
        1.635372501514234
    ]
}