{
    "segment_index": 2933,
    "A": 0.2770926947494644,
    "B1": 0.09718919426006746,
    "B2": -0.12282399243708982,
    "omega": [
        0.1828423589468,
        0.183357909321785,
        0.190939545631409,
        0.185671731829643,
        0.224908113479614,
        0.207653760910034,
        0.150857955217361,
        0.1961620002985,
        0.235102325677872,
        0.192986622452736,
        0.263716638088226,
        0.222894951701164,
        0.292882055044174,
        0.273428440093994,
        0.28174501657486,
        0.354290395975113,
        0.380290329456329,
        0.329280287027359,
        0.351936161518097,
        0.364518493413925,
        0.395014107227325,
        0.367512822151184,
        0.391527712345123,
        0.364255547523499
    ],
    "omega_next": [
        0.183357909321785,
        0.190939545631409,
        0.185671731829643,
        0.224908113479614,
        0.207653760910034,
        0.150857955217361,
        0.1961620002985,
        0.235102325677872,
        0.192986622452736,
        0.263716638088226,
        0.222894951701164,
        0.292882055044174,
        0.273428440093994,
        0.28174501657486,
        0.354290395975113,
        0.380290329456329,
        0.329280287027359,
        0.351936161518097,
        0.364518493413925,
        0.395014107227325,
        0.367512822151184,
        0.391527712345123,
        0.364255547523499,
        0.350831389427185
    ],
    "phiDotL": [
        3.210175651120533,
        3.270745003028468,
        3.270745003028468,
        3.3313143549364024,
        3.3918837068443373,
        3.3918837068443373,
        3.3918837068443373,
        3.3918837068443373,
        3.4524530587522717,
        3.4524530587522717,
        3.5735917625681406,
        3.5735917625681406,
        3.634161114476075,
        3.634161114476075,
        3.6947304663840095,
        3.6947304663840095,
        3.755299818291944,
        3.815869170199879,
        3.815869170199879,
        3.8764385221078137,
        3.8764385221078137,
        3.937007874015748,
        3.937007874015748,
        3.997577225923683
    ],
    "phiDotR": [
        1.5748031496062993,
        1.5142337976983646,
        1.5142337976983646,
        1.45366444579043,
        1.3930950938824955,
        1.3930950938824955,
        1.3325257419745609,
        1.3325257419745609,
        1.2719563900666262,
        1.2719563900666262,
        1.2113870381586918,
        1.2113870381586918,
        1.150817686250757,
        1.150817686250757,
        1.0902483343428224,
        1.0902483343428224,
        1.029678982434888,
        0.9691096305269534,
        0.9691096305269534,
        0.9085402786190188,
        0.9085402786190188,
        0.8479709267110843,
        0.8479709267110843,
        0.7874015748031497
    ]
}