{
    "segment_index": 2139,
    "A": 0.8471478137763443,
    "B1": -0.32402147483903687,
    "B2": -0.03424326613185951,
    "omega": [
        -0.724399983882904,
        -0.782784998416901,
        -0.853079855442047,
        -0.801535904407501,
        -0.772508323192596,
        -0.786803424358368,
        -0.805857360363007,
        -0.807040393352509,
        -0.790351271629333,
        -0.812576353549957,
        -0.825264751911163,
        -0.857247233390808,
        -0.839623332023621,
        -0.904843747615814,
        -0.891862094402313,
        -0.821053802967072,
        -0.554653525352478,
        -0.283692538738251,
        -0.0449359342455864,
        -0.0018142029875889,
        0.0278006531298161,
        -0.055478822439909,
        -0.104287706315517,
        -0.155930399894714
    ],
    "omega_next": [
        -0.782784998416901,
        -0.853079855442047,
        -0.801535904407501,
        -0.772508323192596,
        -0.786803424358368,
        -0.805857360363007,
        -0.807040393352509,
        -0.790351271629333,
        -0.812576353549957,
        -0.825264751911163,
        -0.857247233390808,
        -0.839623332023621,
        -0.904843747615814,
        -0.891862094402313,
        -0.821053802967072,
        -0.554653525352478,
        -0.283692538738251,
        -0.0449359342455864,
        -0.0018142029875889,
        0.0278006531298161,
        -0.055478822439909,
        -0.104287706315517,
        -0.155930399894714,
        -0.17692007124424
    ],
    "phiDotL": [
        0.1211387038158691,
        0.1211387038158691,
        0.0605693519079345,
        0.0605693519079345,
        0.0,
        0.0,
        0.0,
        -0.0605693519079345,
        -0.0605693519079345,
        -0.1211387038158691,
        -0.1211387038158691,
        -0.1817080557238037,
        -0.1817080557238037,
        -0.2422774076317383,
        -0.2422774076317383,
        -0.3028467595396729,
        -0.3028467595396729,
        -0.3634161114476075,
        -0.3634161114476075,
        -0.4239854633555421,
        -0.4239854633555421,
        -0.4845548152634767,
        -0.5451241671714112,
        -0.5451241671714112
    ],
    "phiDotR": [
        3.3918837068443373,
        3.3918837068443373,
        3.4524530587522717,
        3.4524530587522717,
        3.5735917625681406,
        3.5735917625681406,
        3.634161114476075,
        3.6947304663840095,
        3.6947304663840095,
        3.755299818291944,
        3.755299818291944,
        3.815869170199879,
        3.815869170199879,
        3.8764385221078137,
        3.8764385221078137,
        3.937007874015748,
        3.937007874015748,
        3.997577225923683,
        3.997577225923683,
        4.058146577831618,
        4.058146577831618,
        4.118715929739552,
        4.179285281647486,
        4.179285281647486
    ]
}