{
    "segment_index": 465,
    "A": 0.5491720445575201,
    "B1": 0.1117984628801399,
    "B2": -0.07985343101592046,
    "omega": [
        -0.261082112789154,
        -0.364984303712845,
        -0.302222847938538,
        -0.339696198701859,
        -0.408639669418335,
        -0.354966342449188,
        -0.307515531778336,
        -0.369305372238159,
        -0.477433651685715,
        -0.501430094242096,
        -0.397338151931763,
        -0.470194220542908,
        -0.522992610931396,
        -0.52977043390274,
        -0.648348987102509,
        -0.716390192508698,
        -0.701163768768311,
        -0.643263220787048,
        -0.529055953025818,
        -0.562795221805573,
        -0.606019020080566,
        -0.58707058429718,
        -0.629106402397156,
        -0.631256878376007
    ],
    "omega_next": [
        -0.364984303712845,
        -0.302222847938538,
        -0.339696198701859,
        -0.408639669418335,
        -0.354966342449188,
        -0.307515531778336,
        -0.369305372238159,
        -0.477433651685715,
        -0.501430094242096,
        -0.397338151931763,
        -0.470194220542908,
        -0.522992610931396,
        -0.52977043390274,
        -0.648348987102509,
        -0.716390192508698,
        -0.701163768768311,
        -0.643263220787048,
        -0.529055953025818,
        -0.562795221805573,
        -0.606019020080566,
        -0.58707058429718,
        -0.629106402397156,
        -0.631256878376007,
        -0.634103655815125
    ],
    "phiDotL": [
        -0.3634161114476075,
        -0.4239854633555421,
        -0.4239854633555421,
        -0.4845548152634767,
        -0.4845548152634767,
        -0.5451241671714112,
        -0.5451241671714112,
        -0.6056935190793459,
        -0.6056935190793459,
        -0.6662628709872804,
        -0.6662628709872804,
        -0.726832222895215,
        -0.7874015748031497,
        -0.7874015748031497,
        -0.8479709267110843,
        -0.8479709267110843,
        -0.9085402786190188,
        -0.9085402786190188,
        -0.9691096305269534,
        -0.9691096305269534,
        -1.029678982434888,
        -1.029678982434888,
        -1.0902483343428224,
        -1.0902483343428224
    ],
    "phiDotR": [
        1.5748031496062993,
        1.635372501514234,
        1.635372501514234,
        1.6959418534221686,
        1.6959418534221686,
        1.6959418534221686,
        1.6959418534221686,
        1.8170805572380373,
        1.8170805572380373,
        1.877649909145972,
        1.877649909145972,
        1.9382192610539069,
        1.9987886129618413,
        1.9987886129618413,
        2.059357964869776,
        2.059357964869776,
        2.1199273167777104,
        2.1199273167777104,
        2.180496668685645,
        2.180496668685645,
        2.24106602059358,
        2.24106602059358,
        2.301635372501514,
        2.301635372501514
    ]
}