{
    "segment_index": 404,
    "A": 0.23758764187248482,
    "B1": 0.0,
    "B2": 0.0,
    "omega": [
        -0.0013199861859902,
        -0.0009940350428223,
        -0.0007301600417122,
        0.0004011079436168,
        -0.0004515510227065,
        -0.0013762837043032,
        0.0002092382783303,
        0.0011505550937727,
        -0.0006268192082643,
        0.0023753498680889,
        -0.000644045881927,
        0.0034985106904059,
        0.0016238075913861,
        -0.0004961935337632,
        0.0037509608082473,
        0.0016524384263902,
        0.0018695718608796,
        -0.0010076013859361,
        -0.000308766553644,
        0.0007190498290583,
        0.0007248530746437,
        0.0030668533872813,
        0.0003375643864274,
        0.0033141230233013
    ],
    "omega_next": [
        -0.0009940350428223,
        -0.0007301600417122,
        0.0004011079436168,
        -0.0004515510227065,
        -0.0013762837043032,
        0.0002092382783303,
        0.0011505550937727,
        -0.0006268192082643,
        0.0023753498680889,
        -0.000644045881927,
        0.0034985106904059,
        0.0016238075913861,
        -0.0004961935337632,
        0.0037509608082473,
        0.0016524384263902,
        0.0018695718608796,
        -0.0010076013859361,
        -0.000308766553644,
        0.0007190498290583,
        0.0007248530746437,
        0.0030668533872813,
        0.0003375643864274,
        0.0033141230233013,
        0.0016345254844054
    ],
    "phiDotL": [
        0.0,
        0.0,
        0.0,
        0.0,
        0.0,
        0.0,
        0.0,
        0.0,
        0.0,
        0.0,
        0.0,
        0.0,
        0.0,
        0.0,
        0.0,
        0.0,
        0.0,
        0.0,
        0.0,
        0.0,
        0.0,
        0.0,
        0.0,
        0.0
    ],
    "phiDotR": [
        0.0,
        0.0,
        0.0,
        0.0,
        0.0,
        0.0,
        0.0,
        0.0,
        0.0,
        0.0,
        0.0,
        0.0,
        0.0,
        0.0,
        0.0,
        0.0,
        0.0,
        0.0,
        0.0,
        0.0,
        0.0,
        0.0,
        0.0,
        0.0
    ]
}