{
    "segment_index": 2575,
    "A": 0.49386060694897893,
    "B1": 0.0,
    "B2": 0.0,
    "omega": [
        -0.0024802675470709,
        0.0015395889058709,
        -0.0007503390079364,
        0.0002087556640617,
        0.0012852424988523,
        0.0012197617907077,
        -0.0028435734566301,
        -0.00050625303993,
        0.0002896982769016,
        -0.0018710974836722,
        0.0003841318539343,
        -0.0043481914326548,
        0.0040457732975482,
        0.0040457732975482,
        0.0040457732975482,
        0.0040457732975482,
        0.0040457732975482,
        0.0040457732975482,
        0.0040457732975482,
        0.0040457732975482,
        0.0009030116489157,
        -0.0007541404338553,
        6.87013234710321e-05,
        -0.0028000324964523
    ],
    "omega_next": [
        0.0015395889058709,
        -0.0007503390079364,
        0.0002087556640617,
        0.0012852424988523,
        0.0012197617907077,
        -0.0028435734566301,
        -0.00050625303993,
        0.0002896982769016,
        -0.0018710974836722,
        0.0003841318539343,
        -0.0043481914326548,
        0.0040457732975482,
        0.0040457732975482,
        0.0040457732975482,
        0.0040457732975482,
        0.0040457732975482,
        0.0040457732975482,
        0.0040457732975482,
        0.0040457732975482,
        0.0009030116489157,
        -0.0007541404338553,
        6.87013234710321e-05,
        -0.0028000324964523,
        0.0002595854748506
    ],
    "phiDotL": [
        0.0,
        0.0,
        0.0,
        0.0,
        0.0,
        0.0,
        0.0,
        0.0,
        0.0,
        0.0,
        0.0,
        0.0,
        0.0,
        0.0,
        0.0,
        0.0,
        0.0,
        0.0,
        0.0,
        0.0,
        0.0,
        0.0,
        0.0,
        0.0
    ],
    "phiDotR": [
        0.0,
        0.0,
        0.0,
        0.0,
        0.0,
        0.0,
        0.0,
        0.0,
        0.0,
        0.0,
        0.0,
        0.0,
        0.0,
        0.0,
        0.0,
        0.0,
        0.0,
        0.0,
        0.0,
        0.0,
        0.0,
        0.0,
        0.0,
        0.0
    ]
}