{
    "segment_index": 845,
    "A": 0.21840255592653401,
    "B1": 0.27505573473408135,
    "B2": -0.031223408740056365,
    "omega": [
        -0.623345553874969,
        -0.655631721019745,
        -0.66215842962265,
        -0.635729372501373,
        -0.707217454910278,
        -0.718894779682159,
        -0.710894167423248,
        -0.724342048168182,
        -0.739323437213898,
        -0.716464042663574,
        -0.761008560657501,
        -0.719529330730438,
        -0.774981737136841,
        -0.802600502967834,
        -0.78081887960434,
        -0.830404341220856,
        -0.876584231853485,
        -0.899737298488617,
        -0.888484477996826,
        -0.885967612266541,
        -0.896164000034332,
        -0.898186981678009,
        -0.837806522846222,
        -0.920443713665009
    ],
    "omega_next": [
        -0.655631721019745,
        -0.66215842962265,
        -0.635729372501373,
        -0.707217454910278,
        -0.718894779682159,
        -0.710894167423248,
        -0.724342048168182,
        -0.739323437213898,
        -0.716464042663574,
        -0.761008560657501,
        -0.719529330730438,
        -0.774981737136841,
        -0.802600502967834,
        -0.78081887960434,
        -0.830404341220856,
        -0.876584231853485,
        -0.899737298488617,
        -0.888484477996826,
        -0.885967612266541,
        -0.896164000034332,
        -0.898186981678009,
        -0.837806522846222,
        -0.920443713665009,
        -0.969020187854767
    ],
    "phiDotL": [
        -1.3930950938824955,
        -1.45366444579043,
        -1.45366444579043,
        -1.5142337976983646,
        -1.5748031496062993,
        -1.5748031496062993,
        -1.635372501514234,
        -1.635372501514234,
        -1.6959418534221686,
        -1.6959418534221686,
        -1.6959418534221686,
        -1.6959418534221686,
        -1.8170805572380373,
        -1.8170805572380373,
        -1.877649909145972,
        -1.877649909145972,
        -1.9382192610539069,
        -1.9382192610539069,
        -1.9987886129618413,
        -2.059357964869776,
        -2.059357964869776,
        -2.1199273167777104,
        -2.1199273167777104,
        -2.180496668685645
    ],
    "phiDotR": [
        3.815869170199879,
        3.8764385221078137,
        3.8764385221078137,
        3.937007874015748,
        3.997577225923683,
        3.997577225923683,
        4.058146577831618,
        4.058146577831618,
        4.118715929739552,
        4.118715929739552,
        4.179285281647486,
        4.179285281647486,
        4.239854633555421,
        4.239854633555421,
        4.300423985463356,
        4.300423985463356,
        4.36099333737129,
        4.36099333737129,
        4.421562689279225,
        4.48213204118716,
        4.48213204118716,
        4.542701393095094,
        4.542701393095094,
        4.603270745003028
    ]
}