{
    "segment_index": 906,
    "A": 0.561214024081095,
    "B1": -0.006569650133506267,
    "B2": -0.0978111503654398,
    "omega": [
        -1.30724358558655,
        -1.30384373664856,
        -1.27016377449036,
        -1.28983294963837,
        -1.30877220630646,
        -1.25941598415375,
        -1.25717926025391,
        -1.26457011699677,
        -1.31532323360443,
        -1.29530823230743,
        -1.26221919059753,
        -1.23384714126587,
        -1.27253079414368,
        -1.28821611404419,
        -1.2895120382309,
        -1.2836948633194,
        -1.24847996234894,
        -1.3006204366684,
        -1.332026720047,
        -1.35193347930908,
        -1.33399379253387,
        -1.31205034255981,
        -1.2957763671875,
        -1.25279176235199
    ],
    "omega_next": [
        -1.30384373664856,
        -1.27016377449036,
        -1.28983294963837,
        -1.30877220630646,
        -1.25941598415375,
        -1.25717926025391,
        -1.26457011699677,
        -1.31532323360443,
        -1.29530823230743,
        -1.26221919059753,
        -1.23384714126587,
        -1.27253079414368,
        -1.28821611404419,
        -1.2895120382309,
        -1.2836948633194,
        -1.24847996234894,
        -1.3006204366684,
        -1.332026720047,
        -1.35193347930908,
        -1.33399379253387,
        -1.31205034255981,
        -1.2957763671875,
        -1.25279176235199,
        -1.2871310710907
    ],
    "phiDotL": [
        -3.3918837068443373,
        -3.3918837068443373,
        -3.3918837068443373,
        -3.4524530587522717,
        -3.4524530587522717,
        -3.5735917625681406,
        -3.5735917625681406,
        -3.634161114476075,
        -3.634161114476075,
        -3.634161114476075,
        -3.634161114476075,
        -3.634161114476075,
        -3.6947304663840095,
        -3.6947304663840095,
        -3.6947304663840095,
        -3.6947304663840095,
        -3.6947304663840095,
        -3.755299818291944,
        -3.755299818291944,
        -3.755299818291944,
        -3.755299818291944,
        -3.755299818291944,
        -3.815869170199879,
        -3.815869170199879
    ],
    "phiDotR": [
        5.81465778316172,
        5.875227135069655,
        5.875227135069655,
        5.93579648697759,
        5.93579648697759,
        5.996365838885524,
        5.996365838885524,
        6.0569351907934585,
        6.0569351907934585,
        6.0569351907934585,
        6.0569351907934585,
        6.0569351907934585,
        6.0569351907934585,
        6.0569351907934585,
        6.0569351907934585,
        6.0569351907934585,
        6.0569351907934585,
        6.0569351907934585,
        6.0569351907934585,
        6.0569351907934585,
        6.0569351907934585,
        6.0569351907934585,
        6.0569351907934585,
        6.0569351907934585
    ]
}