{
    "segment_index": 998,
    "A": 0.25151887248998,
    "B1": 0.0,
    "B2": 0.0,
    "omega": [
        -0.0007611341425217,
        0.001731549622491,
        0.0022099923808127,
        -0.0006039561703801,
        -0.0017920571845024,
        0.0015573390992358,
        0.0042485133744776,
        0.0028740589041262,
        -0.001131075201556,
        0.0005698253517039,
        0.0026525433640927,
        -0.0012999160680919,
        0.0036008821334689,
        -0.0024460332933813,
        -0.0016157542122528,
        -0.0015298132784664,
        -0.0015298132784664,
        -0.0015298132784664,
        -0.0015298132784664,
        -0.0015298132784664,
        -0.0015298132784664,
        -0.0015298132784664,
        -0.0015298132784664,
        0.0037975867744535
    ],
    "omega_next": [
        0.001731549622491,
        0.0022099923808127,
        -0.0006039561703801,
        -0.0017920571845024,
        0.0015573390992358,
        0.0042485133744776,
        0.0028740589041262,
        -0.001131075201556,
        0.0005698253517039,
        0.0026525433640927,
        -0.0012999160680919,
        0.0036008821334689,
        -0.0024460332933813,
        -0.0016157542122528,
        -0.0015298132784664,
        -0.0015298132784664,
        -0.0015298132784664,
        -0.0015298132784664,
        -0.0015298132784664,
        -0.0015298132784664,
        -0.0015298132784664,
        -0.0015298132784664,
        0.0037975867744535,
        0.002802865114063
    ],
    "phiDotL": [
        0.0,
        0.0,
        0.0,
        0.0,
        0.0,
        0.0,
        0.0,
        0.0,
        0.0,
        0.0,
        0.0,
        0.0,
        0.0,
        0.0,
        0.0,
        0.0,
        0.0,
        0.0,
        0.0,
        0.0,
        0.0,
        0.0,
        0.0,
        0.0
    ],
    "phiDotR": [
        0.0,
        0.0,
        0.0,
        0.0,
        0.0,
        0.0,
        0.0,
        0.0,
        0.0,
        0.0,
        0.0,
        0.0,
        0.0,
        0.0,
        0.0,
        0.0,
        0.0,
        0.0,
        0.0,
        0.0,
        0.0,
        0.0,
        0.0,
        0.0
    ]
}