{
    "segment_index": 2229,
    "A": 0.8543277165519323,
    "B1": -0.11531084024051412,
    "B2": -0.08310620272901928,
    "omega": [
        -1.49621319770813,
        -1.47058367729187,
        -1.48164486885071,
        -1.48796153068542,
        -1.56051957607269,
        -1.53030753135681,
        -1.52505266666412,
        -1.4505980014801,
        -1.40643501281738,
        -1.36434507369995,
        -1.334392786026,
        -1.33437061309814,
        -1.25212848186493,
        -1.22606432437897,
        -1.20704233646393,
        -1.21324753761292,
        -1.14235556125641,
        -1.12985455989838,
        -1.16477036476135,
        -1.21658396720886,
        -1.21455454826355,
        -1.26006150245667,
        -1.24422001838684,
        -1.24418616294861
    ],
    "omega_next": [
        -1.47058367729187,
        -1.48164486885071,
        -1.48796153068542,
        -1.56051957607269,
        -1.53030753135681,
        -1.52505266666412,
        -1.4505980014801,
        -1.40643501281738,
        -1.36434507369995,
        -1.334392786026,
        -1.33437061309814,
        -1.25212848186493,
        -1.22606432437897,
        -1.20704233646393,
        -1.21324753761292,
        -1.14235556125641,
        -1.12985455989838,
        -1.16477036476135,
        -1.21658396720886,
        -1.21455454826355,
        -1.26006150245667,
        -1.24422001838684,
        -1.24418616294861,
        -1.25996506214142
    ],
    "phiDotL": [
        -2.6044821320411877,
        -2.6044821320411877,
        -2.6044821320411877,
        -2.6044821320411877,
        -2.6650514839491217,
        -2.6650514839491217,
        -2.6650514839491217,
        -2.7256208358570566,
        -2.7256208358570566,
        -2.7256208358570566,
        -2.7256208358570566,
        -2.786190187764991,
        -2.786190187764991,
        -2.786190187764991,
        -2.786190187764991,
        -2.846759539672925,
        -2.846759539672925,
        -2.846759539672925,
        -2.846759539672925,
        -2.90732889158086,
        -2.90732889158086,
        -2.90732889158086,
        -2.90732889158086,
        -2.967898243488795
    ],
    "phiDotR": [
        6.0569351907934585,
        6.0569351907934585,
        6.0569351907934585,
        6.0569351907934585,
        6.0569351907934585,
        6.0569351907934585,
        6.0569351907934585,
        6.0569351907934585,
        6.0569351907934585,
        6.0569351907934585,
        6.0569351907934585,
        6.0569351907934585,
        6.0569351907934585,
        6.0569351907934585,
        6.0569351907934585,
        6.0569351907934585,
        6.0569351907934585,
        6.0569351907934585,
        6.0569351907934585,
        6.0569351907934585,
        6.0569351907934585,
        6.0569351907934585,
        6.0569351907934585,
        6.0569351907934585
    ]
}