{
    "segment_index": 124,
    "A": 0.559868305763527,
    "B1": 0.054873848364722505,
    "B2": -0.015568466876541983,
    "omega": [
        0.0681038275361061,
        0.073310375213623,
        0.132738992571831,
        0.139711886644363,
        0.145593836903572,
        0.132947251200676,
        0.137539565563202,
        0.147118330001831,
        0.140841141343117,
        0.096074715256691,
        0.126653984189034,
        0.123841688036919,
        0.125745475292206,
        0.109478853642941,
        0.138752177357674,
        0.18235270678997,
        0.196762472391129,
        0.175351113080978,
        0.187385722994804,
        0.19764356315136,
        0.187809020280838,
        0.19291315972805,
        0.228741407394409,
        0.255745410919189
    ],
    "omega_next": [
        0.073310375213623,
        0.132738992571831,
        0.139711886644363,
        0.145593836903572,
        0.132947251200676,
        0.137539565563202,
        0.147118330001831,
        0.140841141343117,
        0.096074715256691,
        0.126653984189034,
        0.123841688036919,
        0.125745475292206,
        0.109478853642941,
        0.138752177357674,
        0.18235270678997,
        0.196762472391129,
        0.175351113080978,
        0.187385722994804,
        0.19764356315136,
        0.187809020280838,
        0.19291315972805,
        0.228741407394409,
        0.255745410919189,
        0.228273451328278
    ],
    "phiDotL": [
        0.9085402786190188,
        0.9691096305269534,
        0.9691096305269534,
        1.029678982434888,
        1.0902483343428224,
        1.0902483343428224,
        1.150817686250757,
        1.150817686250757,
        1.2113870381586918,
        1.2113870381586918,
        1.2719563900666262,
        1.2719563900666262,
        1.3325257419745609,
        1.3325257419745609,
        1.3930950938824955,
        1.3930950938824955,
        1.45366444579043,
        1.45366444579043,
        1.5142337976983646,
        1.5748031496062993,
        1.5748031496062993,
        1.635372501514234,
        1.635372501514234,
        1.6959418534221686
    ],
    "phiDotR": [
        0.2422774076317383,
        0.1817080557238037,
        0.1817080557238037,
        0.1211387038158691,
        0.0605693519079345,
        0.0605693519079345,
        0.0,
        0.0,
        0.0,
        0.0,
        -0.0605693519079345,
        -0.0605693519079345,
        -0.1211387038158691,
        -0.1211387038158691,
        -0.1817080557238037,
        -0.1817080557238037,
        -0.2422774076317383,
        -0.2422774076317383,
        -0.3028467595396729,
        -0.3634161114476075,
        -0.3634161114476075,
        -0.4239854633555421,
        -0.4239854633555421,
        -0.4845548152634767
    ]
}