{
    "segment_index": 2690,
    "A": 0.4913847837048809,
    "B1": -0.006356685947977688,
    "B2": -0.06993861147783156,
    "omega": [
        -0.47840628027916,
        -0.538799941539764,
        -0.5451979637146,
        -0.568983912467957,
        -0.588188230991364,
        -0.54172819852829,
        -0.572241961956024,
        -0.598651587963104,
        -0.616349697113037,
        -0.623217582702637,
        -0.640032112598419,
        -0.645996272563934,
        -0.708012878894806,
        -0.720215857028961,
        -0.72260046005249,
        -0.621274173259735,
        -0.598405659198761,
        -0.530566275119781,
        -0.514903128147125,
        -0.687468349933624,
        -0.603616237640381,
        -0.691250801086426,
        -0.640028178691864,
        -0.69926643371582
    ],
    "omega_next": [
        -0.538799941539764,
        -0.5451979637146,
        -0.568983912467957,
        -0.588188230991364,
        -0.54172819852829,
        -0.572241961956024,
        -0.598651587963104,
        -0.616349697113037,
        -0.623217582702637,
        -0.640032112598419,
        -0.645996272563934,
        -0.708012878894806,
        -0.720215857028961,
        -0.72260046005249,
        -0.621274173259735,
        -0.598405659198761,
        -0.530566275119781,
        -0.514903128147125,
        -0.687468349933624,
        -0.603616237640381,
        -0.691250801086426,
        -0.640028178691864,
        -0.69926643371582,
        -0.72557657957077
    ],
    "phiDotL": [
        0.6056935190793459,
        0.5451241671714112,
        0.4845548152634767,
        0.4845548152634767,
        0.4239854633555421,
        0.4239854633555421,
        0.3634161114476075,
        0.3634161114476075,
        0.3028467595396729,
        0.3028467595396729,
        0.2422774076317383,
        0.2422774076317383,
        0.1817080557238037,
        0.1817080557238037,
        0.1211387038158691,
        0.1211387038158691,
        0.0605693519079345,
        0.0,
        0.0,
        0.0,
        0.0,
        -0.0605693519079345,
        -0.0605693519079345,
        -0.1211387038158691
    ],
    "phiDotR": [
        4.179285281647486,
        4.239854633555421,
        4.300423985463356,
        4.300423985463356,
        4.36099333737129,
        4.36099333737129,
        4.421562689279225,
        4.421562689279225,
        4.48213204118716,
        4.48213204118716,
        4.542701393095094,
        4.542701393095094,
        4.603270745003028,
        4.603270745003028,
        4.663840096910963,
        4.663840096910963,
        4.724409448818898,
        4.784978800726832,
        4.784978800726832,
        4.845548152634767,
        4.845548152634767,
        4.906117504542702,
        4.906117504542702,
        4.966686856450636
    ]
}