{
    "segment_index": 649,
    "A": 0.20983308271531334,
    "B1": 0.0,
    "B2": 0.0,
    "omega": [
        0.0008481480763293,
        0.003494492964819,
        0.0018986214417964,
        0.0016466493252664,
        -0.0009113176492974,
        0.0005172136588953,
        0.0011182164307683,
        0.0016147475689649,
        0.0022691830527037,
        -0.0010316824773326,
        0.0004762318567372,
        0.0022142464295029,
        0.0039830347523093,
        2.59529624599963e-05,
        0.0039875451475381,
        0.0032827458344399,
        0.0001966240961337,
        -0.0015994150890037,
        0.0016367571661248,
        0.0032958795782178,
        -0.0012580049224197,
        0.003868039464578,
        -0.0017250715754926,
        0.0008818312780931
    ],
    "omega_next": [
        0.003494492964819,
        0.0018986214417964,
        0.0016466493252664,
        -0.0009113176492974,
        0.0005172136588953,
        0.0011182164307683,
        0.0016147475689649,
        0.0022691830527037,
        -0.0010316824773326,
        0.0004762318567372,
        0.0022142464295029,
        0.0039830347523093,
        2.59529624599963e-05,
        0.0039875451475381,
        0.0032827458344399,
        0.0001966240961337,
        -0.0015994150890037,
        0.0016367571661248,
        0.0032958795782178,
        -0.0012580049224197,
        0.003868039464578,
        -0.0017250715754926,
        0.0008818312780931,
        0.0011225568596273
    ],
    "phiDotL": [
        0.0,
        0.0,
        0.0,
        0.0,
        0.0,
        0.0,
        0.0,
        0.0,
        0.0,
        0.0,
        0.0,
        0.0,
        0.0,
        0.0,
        0.0,
        0.0,
        0.0,
        0.0,
        0.0,
        0.0,
        0.0,
        0.0,
        0.0,
        0.0
    ],
    "phiDotR": [
        0.0,
        0.0,
        0.0,
        0.0,
        0.0,
        0.0,
        0.0,
        0.0,
        0.0,
        0.0,
        0.0,
        0.0,
        0.0,
        0.0,
        0.0,
        0.0,
        0.0,
        0.0,
        0.0,
        0.0,
        0.0,
        0.0,
        0.0,
        0.0
    ]
}