{
    "segment_index": 2192,
    "A": 0.9203073584725356,
    "B1": -0.21945748266861775,
    "B2": -0.0904061307827878,
    "omega": [
        -0.655787289142609,
        -0.678897857666016,
        -0.743561506271362,
        -0.781079471111298,
        -0.821251630783081,
        -0.808743059635162,
        -0.805836617946625,
        -0.835389196872711,
        -0.808870077133179,
        -0.88164085149765,
        -1.09449422359467,
        -1.30018198490143,
        -1.44046318531036,
        -1.5221174955368,
        -1.64050841331482,
        -1.7011137008667,
        -1.39946341514587,
        -1.11076283454895,
        -0.806733071804047,
        -0.784418046474457,
        -0.792888462543488,
        -0.70508861541748,
        -0.836772978305817,
        -0.837591886520386
    ],
    "omega_next": [
        -0.678897857666016,
        -0.743561506271362,
        -0.781079471111298,
        -0.821251630783081,
        -0.808743059635162,
        -0.805836617946625,
        -0.835389196872711,
        -0.808870077133179,
        -0.88164085149765,
        -1.09449422359467,
        -1.30018198490143,
        -1.44046318531036,
        -1.5221174955368,
        -1.64050841331482,
        -1.7011137008667,
        -1.39946341514587,
        -1.11076283454895,
        -0.806733071804047,
        -0.784418046474457,
        -0.792888462543488,
        -0.70508861541748,
        -0.836772978305817,
        -0.837591886520386,
        -0.802053332328796
    ],
    "phiDotL": [
        -1.5142337976983646,
        -1.5748031496062993,
        -1.5748031496062993,
        -1.635372501514234,
        -1.635372501514234,
        -1.6959418534221686,
        -1.6959418534221686,
        -1.6959418534221686,
        -1.6959418534221686,
        -1.8170805572380373,
        -1.877649909145972,
        -1.877649909145972,
        -1.9382192610539069,
        -1.9382192610539069,
        -1.9987886129618413,
        -1.9987886129618413,
        -2.059357964869776,
        -2.059357964869776,
        -2.1199273167777104,
        -2.1199273167777104,
        -2.180496668685645,
        -2.180496668685645,
        -2.24106602059358,
        -2.24106602059358
    ],
    "phiDotR": [
        5.14839491217444,
        5.208964264082375,
        5.208964264082375,
        5.269533615990309,
        5.269533615990309,
        5.3301029678982434,
        5.3301029678982434,
        5.390672319806178,
        5.390672319806178,
        5.451241671714113,
        5.511811023622047,
        5.511811023622047,
        5.572380375529982,
        5.572380375529982,
        5.632949727437917,
        5.632949727437917,
        5.693519079345851,
        5.693519079345851,
        5.754088431253785,
        5.754088431253785,
        5.81465778316172,
        5.81465778316172,
        5.875227135069655,
        5.875227135069655
    ]
}