{
    "segment_index": 2167,
    "A": 0.9234958691358108,
    "B1": 0.1334644323251518,
    "B2": 0.021044660276094397,
    "omega": [
        -0.0891560092568398,
        -0.127033814787865,
        -0.0923207849264145,
        -0.107696637511253,
        -0.117330402135849,
        -0.175303146243095,
        -0.223147317767143,
        -0.247306078672409,
        -0.200815632939339,
        -0.203760072588921,
        -0.182534083724022,
        -0.226552337408066,
        -0.224771097302437,
        -0.281242877244949,
        -0.388868153095245,
        -0.335538774728775,
        -0.256606936454773,
        -0.294115722179413,
        -0.271241128444672,
        -0.331754356622696,
        -0.371433198451996,
        -0.435929596424103,
        -0.539791882038116,
        -0.647894561290741
    ],
    "omega_next": [
        -0.127033814787865,
        -0.0923207849264145,
        -0.107696637511253,
        -0.117330402135849,
        -0.175303146243095,
        -0.223147317767143,
        -0.247306078672409,
        -0.200815632939339,
        -0.203760072588921,
        -0.182534083724022,
        -0.226552337408066,
        -0.224771097302437,
        -0.281242877244949,
        -0.388868153095245,
        -0.335538774728775,
        -0.256606936454773,
        -0.294115722179413,
        -0.271241128444672,
        -0.331754356622696,
        -0.371433198451996,
        -0.435929596424103,
        -0.539791882038116,
        -0.647894561290741,
        -0.69410103559494
    ],
    "phiDotL": [
        -0.726832222895215,
        -0.726832222895215,
        -0.7874015748031497,
        -0.7874015748031497,
        -0.8479709267110843,
        -0.8479709267110843,
        -0.9085402786190188,
        -0.9691096305269534,
        -0.9691096305269534,
        -1.029678982434888,
        -1.029678982434888,
        -1.0902483343428224,
        -1.0902483343428224,
        -1.150817686250757,
        -1.150817686250757,
        -1.2113870381586918,
        -1.2113870381586918,
        -1.2719563900666262,
        -1.2719563900666262,
        -1.3325257419745609,
        -1.3325257419745609,
        -1.3930950938824955,
        -1.45366444579043,
        -1.45366444579043
    ],
    "phiDotR": [
        4.36099333737129,
        4.36099333737129,
        4.421562689279225,
        4.421562689279225,
        4.48213204118716,
        4.48213204118716,
        4.542701393095094,
        4.603270745003028,
        4.603270745003028,
        4.663840096910963,
        4.663840096910963,
        4.724409448818898,
        4.724409448818898,
        4.784978800726832,
        4.784978800726832,
        4.845548152634767,
        4.845548152634767,
        4.906117504542702,
        4.906117504542702,
        4.966686856450636,
        4.966686856450636,
        5.027256208358571,
        5.087825560266505,
        5.087825560266505
    ]
}