{
    "segment_index": 1939,
    "A": 0.7175460659626965,
    "B1": 0.0330061255982138,
    "B2": -0.053647712601200014,
    "omega": [
        1.19888710975647,
        1.19427287578583,
        1.21603465080261,
        1.23241949081421,
        1.20914781093597,
        1.17325758934021,
        1.21660304069519,
        1.25076162815094,
        1.24063622951508,
        1.18891084194183,
        1.14695930480957,
        1.0506454706192,
        1.0663423538208,
        1.14202058315277,
        1.20094740390778,
        1.29843151569366,
        1.31881499290466,
        1.26442813873291,
        1.24445271492004,
        1.22676753997803,
        1.17984509468079,
        1.21990716457367,
        1.2575398683548,
        1.26475036144257
    ],
    "omega_next": [
        1.19427287578583,
        1.21603465080261,
        1.23241949081421,
        1.20914781093597,
        1.17325758934021,
        1.21660304069519,
        1.25076162815094,
        1.24063622951508,
        1.18891084194183,
        1.14695930480957,
        1.0506454706192,
        1.0663423538208,
        1.14202058315277,
        1.20094740390778,
        1.29843151569366,
        1.31881499290466,
        1.26442813873291,
        1.24445271492004,
        1.22676753997803,
        1.17984509468079,
        1.21990716457367,
        1.2575398683548,
        1.26475036144257,
        1.24105274677277
    ],
    "phiDotL": [
        6.0569351907934585,
        6.0569351907934585,
        6.0569351907934585,
        6.0569351907934585,
        6.0569351907934585,
        6.0569351907934585,
        6.0569351907934585,
        6.0569351907934585,
        6.0569351907934585,
        6.0569351907934585,
        6.0569351907934585,
        6.0569351907934585,
        6.0569351907934585,
        6.0569351907934585,
        6.0569351907934585,
        6.0569351907934585,
        6.0569351907934585,
        6.0569351907934585,
        6.0569351907934585,
        6.0569351907934585,
        5.996365838885524,
        6.0569351907934585,
        6.0569351907934585,
        6.0569351907934585
    ],
    "phiDotR": [
        -2.483343428225318,
        -2.483343428225318,
        -2.483343428225318,
        -2.5439127801332524,
        -2.5439127801332524,
        -2.5439127801332524,
        -2.6044821320411877,
        -2.6044821320411877,
        -2.6044821320411877,
        -2.6044821320411877,
        -2.6650514839491217,
        -2.6650514839491217,
        -2.6650514839491217,
        -2.7256208358570566,
        -2.7256208358570566,
        -2.7256208358570566,
        -2.7256208358570566,
        -2.786190187764991,
        -2.786190187764991,
        -2.786190187764991,
        -2.786190187764991,
        -2.846759539672925,
        -2.846759539672925,
        -2.846759539672925
    ]
}