{
    "segment_index": 1094,
    "A": 0.3716313553009777,
    "B1": 0.09424603707135236,
    "B2": -0.07715905269293674,
    "omega": [
        0.249297335743904,
        0.242097318172455,
        0.277459561824799,
        0.256701022386551,
        0.268776029348373,
        0.271557420492172,
        0.29342520236969,
        0.292712926864624,
        0.281183183193207,
        0.298047542572021,
        0.325738787651062,
        0.338195621967316,
        0.325059473514557,
        0.295196533203125,
        0.336519926786423,
        0.303515791893005,
        0.374219715595245,
        0.396691381931305,
        0.401283770799637,
        0.420406699180603,
        0.41004079580307,
        0.396494001150131,
        0.39726510643959,
        0.448478549718857
    ],
    "omega_next": [
        0.242097318172455,
        0.277459561824799,
        0.256701022386551,
        0.268776029348373,
        0.271557420492172,
        0.29342520236969,
        0.292712926864624,
        0.281183183193207,
        0.298047542572021,
        0.325738787651062,
        0.338195621967316,
        0.325059473514557,
        0.295196533203125,
        0.336519926786423,
        0.303515791893005,
        0.374219715595245,
        0.396691381931305,
        0.401283770799637,
        0.420406699180603,
        0.41004079580307,
        0.396494001150131,
        0.39726510643959,
        0.448478549718857,
        0.455741226673126
    ],
    "phiDotL": [
        1.9382192610539069,
        1.9987886129618413,
        1.9987886129618413,
        2.059357964869776,
        2.059357964869776,
        2.1199273167777104,
        2.180496668685645,
        2.180496668685645,
        2.24106602059358,
        2.24106602059358,
        2.301635372501514,
        2.301635372501514,
        2.362204724409449,
        2.362204724409449,
        2.4227740763173835,
        2.4227740763173835,
        2.483343428225318,
        2.483343428225318,
        2.5439127801332524,
        2.6044821320411877,
        2.6044821320411877,
        2.6650514839491217,
        2.6650514839491217,
        2.7256208358570566
    ],
    "phiDotR": [
        0.4239854633555421,
        0.3634161114476075,
        0.3634161114476075,
        0.3028467595396729,
        0.3028467595396729,
        0.2422774076317383,
        0.1817080557238037,
        0.1817080557238037,
        0.1211387038158691,
        0.1211387038158691,
        0.0605693519079345,
        0.0605693519079345,
        0.0,
        0.0,
        0.0,
        0.0,
        -0.0605693519079345,
        -0.0605693519079345,
        -0.1211387038158691,
        -0.1817080557238037,
        -0.1817080557238037,
        -0.2422774076317383,
        -0.2422774076317383,
        -0.3028467595396729
    ]
}