{
    "segment_index": 2984,
    "A": 0.7033831591485328,
    "B1": 0.03979063533318783,
    "B2": -0.05945915818126615,
    "omega": [
        0.628963589668274,
        0.652557015419006,
        0.670946896076202,
        0.691990733146667,
        0.669754981994629,
        0.690758645534515,
        0.740036129951477,
        0.78842031955719,
        0.737160086631775,
        0.707938492298126,
        0.642843186855316,
        0.712810397148132,
        0.73264616727829,
        0.719253659248352,
        0.703660488128662,
        0.731444358825684,
        0.7740278840065,
        0.799911856651306,
        0.79963219165802,
        0.849488615989685,
        0.846061766147614,
        0.869730234146118,
        0.85471785068512,
        0.922697961330414
    ],
    "omega_next": [
        0.652557015419006,
        0.670946896076202,
        0.691990733146667,
        0.669754981994629,
        0.690758645534515,
        0.740036129951477,
        0.78842031955719,
        0.737160086631775,
        0.707938492298126,
        0.642843186855316,
        0.712810397148132,
        0.73264616727829,
        0.719253659248352,
        0.703660488128662,
        0.731444358825684,
        0.7740278840065,
        0.799911856651306,
        0.79963219165802,
        0.849488615989685,
        0.846061766147614,
        0.869730234146118,
        0.85471785068512,
        0.922697961330414,
        0.921676635742188
    ],
    "phiDotL": [
        4.906117504542702,
        4.906117504542702,
        4.966686856450636,
        4.966686856450636,
        5.027256208358571,
        5.027256208358571,
        5.087825560266505,
        5.087825560266505,
        5.14839491217444,
        5.208964264082375,
        5.208964264082375,
        5.269533615990309,
        5.269533615990309,
        5.3301029678982434,
        5.3301029678982434,
        5.390672319806178,
        5.390672319806178,
        5.451241671714113,
        5.451241671714113,
        5.511811023622047,
        5.511811023622047,
        5.572380375529982,
        5.572380375529982,
        5.632949727437917
    ],
    "phiDotR": [
        -0.0605693519079345,
        -0.0605693519079345,
        -0.1211387038158691,
        -0.1211387038158691,
        -0.1817080557238037,
        -0.1817080557238037,
        -0.2422774076317383,
        -0.2422774076317383,
        -0.3028467595396729,
        -0.3634161114476075,
        -0.3634161114476075,
        -0.4239854633555421,
        -0.4239854633555421,
        -0.4845548152634767,
        -0.4845548152634767,
        -0.5451241671714112,
        -0.5451241671714112,
        -0.6056935190793459,
        -0.6056935190793459,
        -0.6662628709872804,
        -0.6662628709872804,
        -0.726832222895215,
        -0.726832222895215,
        -0.7874015748031497
    ]
}