{
    "segment_index": 1053,
    "A": 0.11516027493942747,
    "B1": 0.09769631545756617,
    "B2": -0.10630146221570831,
    "omega": [
        0.0023453724570572,
        0.0001813044509617,
        0.0016690251650288,
        0.0003751277108676,
        0.002256708452478,
        -0.0022782646119594,
        0.0003434583195485,
        0.0017932559130713,
        0.0035078895743936,
        0.0021187996026128,
        0.0002005078422371,
        0.0032146763987839,
        -0.0003234705363865,
        0.0018351764883846,
        0.0026996489614248,
        0.0023504751734435,
        0.0009809097973629,
        0.0010413327254355,
        0.0010134844342246,
        -0.0213605836033821,
        -0.0055453013628721,
        0.0121044144034386,
        0.0444159470498562,
        0.017712539061904
    ],
    "omega_next": [
        0.0001813044509617,
        0.0016690251650288,
        0.0003751277108676,
        0.002256708452478,
        -0.0022782646119594,
        0.0003434583195485,
        0.0017932559130713,
        0.0035078895743936,
        0.0021187996026128,
        0.0002005078422371,
        0.0032146763987839,
        -0.0003234705363865,
        0.0018351764883846,
        0.0026996489614248,
        0.0023504751734435,
        0.0009809097973629,
        0.0010413327254355,
        0.0010134844342246,
        -0.0213605836033821,
        -0.0055453013628721,
        0.0121044144034386,
        0.0444159470498562,
        0.017712539061904,
        0.0280389487743378
    ],
    "phiDotL": [
        0.0,
        0.0,
        0.0,
        0.0,
        0.0,
        0.0,
        0.0,
        0.0,
        0.0,
        0.0,
        0.0,
        0.0,
        0.0,
        0.0,
        0.0,
        0.0,
        0.0,
        0.0,
        0.0,
        1.2719563900666262,
        1.2719563900666262,
        1.3325257419745609,
        1.3325257419745609,
        1.3930950938824955
    ],
    "phiDotR": [
        0.0,
        0.0,
        0.0,
        0.0,
        0.0,
        0.0,
        0.0,
        0.0,
        0.0,
        0.0,
        0.0,
        0.0,
        0.0,
        0.0,
        0.0,
        0.0,
        0.0,
        0.0,
        0.0,
        1.0902483343428224,
        1.0902483343428224,
        1.029678982434888,
        1.029678982434888,
        0.9691096305269534
    ]
}