{
    "segment_index": 423,
    "A": 0.11450226269586788,
    "B1": 0.1753407036284188,
    "B2": -0.13001574734872434,
    "omega": [
        0.0007190498290583,
        0.0007248530746437,
        0.0030668533872813,
        0.0003375643864274,
        0.0033141230233013,
        0.0016345254844054,
        0.0006656210753135,
        0.0022229433525353,
        0.0007137325592339,
        0.0012851196806877,
        -0.0001102831447497,
        -0.0008351007709279,
        -0.0011299885809421,
        0.0207790043205023,
        -0.0121829947456717,
        -0.000873030279763,
        -0.0101190079003572,
        -0.0232141669839621,
        -0.0358365476131439,
        -0.0411680601537228,
        -0.0492146275937557,
        -0.0681156739592552,
        -0.0990426912903786,
        -0.0865897536277771
    ],
    "omega_next": [
        0.0007248530746437,
        0.0030668533872813,
        0.0003375643864274,
        0.0033141230233013,
        0.0016345254844054,
        0.0006656210753135,
        0.0022229433525353,
        0.0007137325592339,
        0.0012851196806877,
        -0.0001102831447497,
        -0.0008351007709279,
        -0.0011299885809421,
        0.0207790043205023,
        -0.0121829947456717,
        -0.000873030279763,
        -0.0101190079003572,
        -0.0232141669839621,
        -0.0358365476131439,
        -0.0411680601537228,
        -0.0492146275937557,
        -0.0681156739592552,
        -0.0990426912903786,
        -0.0865897536277771,
        -0.100751362740993
    ],
    "phiDotL": [
        0.0,
        0.0,
        0.0,
        0.0,
        0.0,
        0.0,
        0.0,
        0.0,
        0.0,
        0.0,
        0.0,
        0.0,
        0.0,
        0.4845548152634767,
        0.4845548152634767,
        0.4239854633555421,
        0.4239854633555421,
        0.3634161114476075,
        0.3634161114476075,
        0.3028467595396729,
        0.3028467595396729,
        0.2422774076317383,
        0.2422774076317383,
        0.1817080557238037
    ],
    "phiDotR": [
        0.0,
        0.0,
        0.0,
        0.0,
        0.0,
        0.0,
        0.0,
        0.0,
        0.0,
        0.0,
        0.0,
        0.0,
        0.0,
        0.6662628709872804,
        0.6662628709872804,
        0.726832222895215,
        0.726832222895215,
        0.7874015748031497,
        0.7874015748031497,
        0.8479709267110843,
        0.8479709267110843,
        0.9085402786190188,
        0.9085402786190188,
        0.9691096305269534
    ]
}