{
    "segment_index": 460,
    "A": 0.4619021061171072,
    "B1": 0.27559625342142086,
    "B2": -0.043478825345310064,
    "omega": [
        -0.164687484502792,
        -0.131377622485161,
        -0.20427730679512,
        -0.251407504081726,
        -0.255423426628113,
        -0.261082112789154,
        -0.364984303712845,
        -0.302222847938538,
        -0.339696198701859,
        -0.408639669418335,
        -0.354966342449188,
        -0.307515531778336,
        -0.369305372238159,
        -0.477433651685715,
        -0.501430094242096,
        -0.397338151931763,
        -0.470194220542908,
        -0.522992610931396,
        -0.52977043390274,
        -0.648348987102509,
        -0.716390192508698,
        -0.701163768768311,
        -0.643263220787048,
        -0.529055953025818
    ],
    "omega_next": [
        -0.131377622485161,
        -0.20427730679512,
        -0.251407504081726,
        -0.255423426628113,
        -0.261082112789154,
        -0.364984303712845,
        -0.302222847938538,
        -0.339696198701859,
        -0.408639669418335,
        -0.354966342449188,
        -0.307515531778336,
        -0.369305372238159,
        -0.477433651685715,
        -0.501430094242096,
        -0.397338151931763,
        -0.470194220542908,
        -0.522992610931396,
        -0.52977043390274,
        -0.648348987102509,
        -0.716390192508698,
        -0.701163768768311,
        -0.643263220787048,
        -0.529055953025818,
        -0.562795221805573
    ],
    "phiDotL": [
        -0.1817080557238037,
        -0.2422774076317383,
        -0.2422774076317383,
        -0.3028467595396729,
        -0.3634161114476075,
        -0.3634161114476075,
        -0.4239854633555421,
        -0.4239854633555421,
        -0.4845548152634767,
        -0.4845548152634767,
        -0.5451241671714112,
        -0.5451241671714112,
        -0.6056935190793459,
        -0.6056935190793459,
        -0.6662628709872804,
        -0.6662628709872804,
        -0.726832222895215,
        -0.7874015748031497,
        -0.7874015748031497,
        -0.8479709267110843,
        -0.8479709267110843,
        -0.9085402786190188,
        -0.9085402786190188,
        -0.9691096305269534
    ],
    "phiDotR": [
        1.3930950938824955,
        1.45366444579043,
        1.45366444579043,
        1.5142337976983646,
        1.5748031496062993,
        1.5748031496062993,
        1.635372501514234,
        1.635372501514234,
        1.6959418534221686,
        1.6959418534221686,
        1.6959418534221686,
        1.6959418534221686,
        1.8170805572380373,
        1.8170805572380373,
        1.877649909145972,
        1.877649909145972,
        1.9382192610539069,
        1.9987886129618413,
        1.9987886129618413,
        2.059357964869776,
        2.059357964869776,
        2.1199273167777104,
        2.1199273167777104,
        2.180496668685645
    ]
}