{
    "segment_index": 2507,
    "A": 0.02651975078798316,
    "B1": 0.0,
    "B2": 0.0,
    "omega": [
        0.0010049056727439,
        -0.0001895041496027,
        0.001163731678389,
        0.0029457861091941,
        -0.0004765726043842,
        0.0022001720499247,
        -0.0013937293551862,
        0.0001143381523434,
        -0.0015721509698778,
        -0.0004256974789313,
        0.0003203061642125,
        0.0021757825743407,
        0.0015643036458641,
        -0.0024531534872949,
        0.0005410772864706,
        0.0002439943200442,
        0.0045876912772655,
        -0.001547253341414,
        -0.0024573011323809,
        -0.0025297424290329,
        0.0001304493925999,
        -0.0007486764225177,
        -0.0010989169823005,
        -0.0003763622953556
    ],
    "omega_next": [
        -0.0001895041496027,
        0.001163731678389,
        0.0029457861091941,
        -0.0004765726043842,
        0.0022001720499247,
        -0.0013937293551862,
        0.0001143381523434,
        -0.0015721509698778,
        -0.0004256974789313,
        0.0003203061642125,
        0.0021757825743407,
        0.0015643036458641,
        -0.0024531534872949,
        0.0005410772864706,
        0.0002439943200442,
        0.0045876912772655,
        -0.001547253341414,
        -0.0024573011323809,
        -0.0025297424290329,
        0.0001304493925999,
        -0.0007486764225177,
        -0.0010989169823005,
        -0.0003763622953556,
        -0.0008162573794834
    ],
    "phiDotL": [
        0.0,
        0.0,
        0.0,
        0.0,
        0.0,
        0.0,
        0.0,
        0.0,
        0.0,
        0.0,
        0.0,
        0.0,
        0.0,
        0.0,
        0.0,
        0.0,
        0.0,
        0.0,
        0.0,
        0.0,
        0.0,
        0.0,
        0.0,
        0.0
    ],
    "phiDotR": [
        0.0,
        0.0,
        0.0,
        0.0,
        0.0,
        0.0,
        0.0,
        0.0,
        0.0,
        0.0,
        0.0,
        0.0,
        0.0,
        0.0,
        0.0,
        0.0,
        0.0,
        0.0,
        0.0,
        0.0,
        0.0,
        0.0,
        0.0,
        0.0
    ]
}