{
    "segment_index": 2737,
    "A": 0.6640719308058637,
    "B1": -0.11362867594269221,
    "B2": -0.07293565639447387,
    "omega": [
        -0.722711801528931,
        -0.740045368671417,
        -0.771618068218231,
        -0.814397513866425,
        -0.888470709323883,
        -0.88241183757782,
        -0.964242100715637,
        -0.963648855686188,
        -0.931452512741089,
        -0.996186196804047,
        -0.983491599559784,
        -1.02851343154907,
        -1.00774312019348,
        -1.05396640300751,
        -0.848192811012268,
        -0.794282257556915,
        -0.718776524066925,
        -0.819169044494629,
        -0.730320990085602,
        -0.797920525074005,
        -0.86077207326889,
        -0.753126263618469,
        -0.875276982784271,
        -0.845863282680511
    ],
    "omega_next": [
        -0.740045368671417,
        -0.771618068218231,
        -0.814397513866425,
        -0.888470709323883,
        -0.88241183757782,
        -0.964242100715637,
        -0.963648855686188,
        -0.931452512741089,
        -0.996186196804047,
        -0.983491599559784,
        -1.02851343154907,
        -1.00774312019348,
        -1.05396640300751,
        -0.848192811012268,
        -0.794282257556915,
        -0.718776524066925,
        -0.819169044494629,
        -0.730320990085602,
        -0.797920525074005,
        -0.86077207326889,
        -0.753126263618469,
        -0.875276982784271,
        -0.845863282680511,
        -0.861372828483582
    ],
    "phiDotL": [
        -0.9085402786190188,
        -0.9085402786190188,
        -0.9691096305269534,
        -0.9691096305269534,
        -1.029678982434888,
        -1.029678982434888,
        -1.0902483343428224,
        -1.0902483343428224,
        -1.150817686250757,
        -1.150817686250757,
        -1.2113870381586918,
        -1.2113870381586918,
        -1.2719563900666262,
        -1.2719563900666262,
        -1.3325257419745609,
        -1.3325257419745609,
        -1.3325257419745609,
        -1.3930950938824955,
        -1.3930950938824955,
        -1.45366444579043,
        -1.45366444579043,
        -1.45366444579043,
        -1.5142337976983646,
        -1.5142337976983646
    ],
    "phiDotR": [
        5.754088431253785,
        5.754088431253785,
        5.81465778316172,
        5.81465778316172,
        5.875227135069655,
        5.875227135069655,
        5.93579648697759,
        5.93579648697759,
        5.996365838885524,
        5.996365838885524,
        6.0569351907934585,
        6.0569351907934585,
        6.0569351907934585,
        6.0569351907934585,
        6.0569351907934585,
        6.0569351907934585,
        6.0569351907934585,
        6.0569351907934585,
        6.0569351907934585,
        6.0569351907934585,
        6.0569351907934585,
        6.0569351907934585,
        6.0569351907934585,
        6.0569351907934585
    ]
}