{
    "segment_index": 2652,
    "A": -0.2158232292803665,
    "B1": 0.10609881828124555,
    "B2": -0.14907964604729038,
    "omega": [
        -0.18236830830574,
        -0.205853000283241,
        -0.249216347932816,
        -0.232532873749733,
        -0.204206958413124,
        -0.268139749765396,
        -0.215564772486687,
        -0.251215636730194,
        -0.258374482393265,
        -0.263592779636383,
        -0.267122447490692,
        -0.285925477743149,
        -0.284276723861694,
        -0.282435476779938,
        -0.274229556322098,
        -0.253107339143753,
        -0.308225214481354,
        -0.303101658821106,
        -0.313725799322128,
        -0.363503634929657,
        -0.326561450958252,
        -0.348674118518829,
        -0.353959202766418,
        -0.356350928544998
    ],
    "omega_next": [
        -0.205853000283241,
        -0.249216347932816,
        -0.232532873749733,
        -0.204206958413124,
        -0.268139749765396,
        -0.215564772486687,
        -0.251215636730194,
        -0.258374482393265,
        -0.263592779636383,
        -0.267122447490692,
        -0.285925477743149,
        -0.284276723861694,
        -0.282435476779938,
        -0.274229556322098,
        -0.253107339143753,
        -0.308225214481354,
        -0.303101658821106,
        -0.313725799322128,
        -0.363503634929657,
        -0.326561450958252,
        -0.348674118518829,
        -0.353959202766418,
        -0.356350928544998,
        -0.381094336509705
    ],
    "phiDotL": [
        1.8170805572380373,
        1.6959418534221686,
        1.6959418534221686,
        1.6959418534221686,
        1.6959418534221686,
        1.635372501514234,
        1.635372501514234,
        1.5748031496062993,
        1.5748031496062993,
        1.5142337976983646,
        1.5142337976983646,
        1.45366444579043,
        1.3930950938824955,
        1.3930950938824955,
        1.3325257419745609,
        1.3325257419745609,
        1.2719563900666262,
        1.2719563900666262,
        1.2113870381586918,
        1.2113870381586918,
        1.150817686250757,
        1.150817686250757,
        1.0902483343428224,
        1.0902483343428224
    ],
    "phiDotR": [
        2.967898243488795,
        3.0284675953967293,
        3.0284675953967293,
        3.089036947304664,
        3.089036947304664,
        3.1496062992125986,
        3.1496062992125986,
        3.210175651120533,
        3.210175651120533,
        3.270745003028468,
        3.270745003028468,
        3.3313143549364024,
        3.3918837068443373,
        3.3918837068443373,
        3.3918837068443373,
        3.3918837068443373,
        3.4524530587522717,
        3.4524530587522717,
        3.5735917625681406,
        3.5735917625681406,
        3.634161114476075,
        3.634161114476075,
        3.6947304663840095,
        3.6947304663840095
    ]
}