{
    "segment_index": 979,
    "A": 0.24615752171882185,
    "B1": 0.0,
    "B2": 0.0,
    "omega": [
        0.0037140541244298,
        0.004091762471944,
        0.0002336918842047,
        -0.0004591572214849,
        -0.0001599959650775,
        0.0030095260590314,
        0.0015655289171263,
        -0.0020451901946216,
        -0.0004878570325672,
        -0.0011983858421444,
        0.0024759294465184,
        0.0013163420371711,
        9.61050318437628e-05,
        0.0015284944092854,
        0.0053426469676196,
        0.0001976771163754,
        0.002065535634756,
        -0.0019225091673433,
        -0.000767414632719,
        -0.0007611341425217,
        0.001731549622491,
        0.0022099923808127,
        -0.0006039561703801,
        -0.0017920571845024
    ],
    "omega_next": [
        0.004091762471944,
        0.0002336918842047,
        -0.0004591572214849,
        -0.0001599959650775,
        0.0030095260590314,
        0.0015655289171263,
        -0.0020451901946216,
        -0.0004878570325672,
        -0.0011983858421444,
        0.0024759294465184,
        0.0013163420371711,
        9.61050318437628e-05,
        0.0015284944092854,
        0.0053426469676196,
        0.0001976771163754,
        0.002065535634756,
        -0.0019225091673433,
        -0.000767414632719,
        -0.0007611341425217,
        0.001731549622491,
        0.0022099923808127,
        -0.0006039561703801,
        -0.0017920571845024,
        0.0015573390992358
    ],
    "phiDotL": [
        0.0,
        0.0,
        0.0,
        0.0,
        0.0,
        0.0,
        0.0,
        0.0,
        0.0,
        0.0,
        0.0,
        0.0,
        0.0,
        0.0,
        0.0,
        0.0,
        0.0,
        0.0,
        0.0,
        0.0,
        0.0,
        0.0,
        0.0,
        0.0
    ],
    "phiDotR": [
        0.0,
        0.0,
        0.0,
        0.0,
        0.0,
        0.0,
        0.0,
        0.0,
        0.0,
        0.0,
        0.0,
        0.0,
        0.0,
        0.0,
        0.0,
        0.0,
        0.0,
        0.0,
        0.0,
        0.0,
        0.0,
        0.0,
        0.0,
        0.0
    ]
}