{
    "segment_index": 2423,
    "A": -0.43440507813509927,
    "B1": -0.0054005252775493695,
    "B2": -0.005400525277550128,
    "omega": [
        0.0011008002329617,
        -0.0025566809345036,
        0.004563171416521,
        0.0734045207500458,
        -0.0124461026862264,
        -0.0027244763914495,
        0.0245783068239689,
        -0.0360124707221985,
        0.0031097915489226,
        9.05801425687969e-06,
        -0.0021658714395016,
        0.0035980860702693,
        -0.0018217909382656,
        -0.0022556171752512,
        0.0009753822232596,
        0.000223827897571,
        0.0045898514799773,
        0.0004989252774976,
        0.0027530544903129,
        -0.0003060255548916,
        0.0029561535920947,
        -0.0004715631366707,
        -0.0008077133097685,
        0.0019311207579448
    ],
    "omega_next": [
        -0.0025566809345036,
        0.004563171416521,
        0.0734045207500458,
        -0.0124461026862264,
        -0.0027244763914495,
        0.0245783068239689,
        -0.0360124707221985,
        0.0031097915489226,
        9.05801425687969e-06,
        -0.0021658714395016,
        0.0035980860702693,
        -0.0018217909382656,
        -0.0022556171752512,
        0.0009753822232596,
        0.000223827897571,
        0.0045898514799773,
        0.0004989252774976,
        0.0027530544903129,
        -0.0003060255548916,
        0.0029561535920947,
        -0.0004715631366707,
        -0.0008077133097685,
        0.0019311207579448,
        -0.0001141817774623
    ],
    "phiDotL": [
        0.0,
        -1.8170805572380373,
        -2.4227740763173835,
        -2.4227740763173835,
        -2.4227740763173835,
        -0.5451241671714112,
        0.0,
        0.0,
        0.0,
        0.0,
        0.0,
        0.0,
        0.0,
        0.0,
        0.0,
        0.0,
        0.0,
        0.0,
        0.0,
        0.0,
        0.0,
        0.0,
        0.0,
        0.0
    ],
    "phiDotR": [
        0.0,
        -1.8170805572380373,
        -2.4227740763173835,
        -2.4227740763173835,
        -2.4227740763173835,
        -0.5451241671714112,
        0.0,
        0.0,
        0.0,
        0.0,
        0.0,
        0.0,
        0.0,
        0.0,
        0.0,
        0.0,
        0.0,
        0.0,
        0.0,
        0.0,
        0.0,
        0.0,
        0.0,
        0.0
    ]
}