{
    "segment_index": 865,
    "A": 0.37678172481072886,
    "B1": 0.1960991245533832,
    "B2": -0.032158815742040006,
    "omega": [
        -0.896164000034332,
        -0.898186981678009,
        -0.837806522846222,
        -0.920443713665009,
        -0.969020187854767,
        -1.00046408176422,
        -0.905363261699677,
        -0.913657665252686,
        -0.899884581565857,
        -0.927451968193054,
        -0.979373157024384,
        -0.970697522163391,
        -0.934562563896179,
        -0.989335000514984,
        -1.08728671073914,
        -1.04195606708527,
        -1.04797732830048,
        -1.12905943393707,
        -1.19639468193054,
        -1.09184908866882,
        -1.10428094863892,
        -1.10943830013275,
        -1.12056791782379,
        -1.09769237041473
    ],
    "omega_next": [
        -0.898186981678009,
        -0.837806522846222,
        -0.920443713665009,
        -0.969020187854767,
        -1.00046408176422,
        -0.905363261699677,
        -0.913657665252686,
        -0.899884581565857,
        -0.927451968193054,
        -0.979373157024384,
        -0.970697522163391,
        -0.934562563896179,
        -0.989335000514984,
        -1.08728671073914,
        -1.04195606708527,
        -1.04797732830048,
        -1.12905943393707,
        -1.19639468193054,
        -1.09184908866882,
        -1.10428094863892,
        -1.10943830013275,
        -1.12056791782379,
        -1.09769237041473,
        -1.12127268314362
    ],
    "phiDotL": [
        -2.059357964869776,
        -2.1199273167777104,
        -2.1199273167777104,
        -2.180496668685645,
        -2.180496668685645,
        -2.24106602059358,
        -2.24106602059358,
        -2.301635372501514,
        -2.301635372501514,
        -2.362204724409449,
        -2.362204724409449,
        -2.4227740763173835,
        -2.483343428225318,
        -2.483343428225318,
        -2.5439127801332524,
        -2.5439127801332524,
        -2.6044821320411877,
        -2.6044821320411877,
        -2.6650514839491217,
        -2.6650514839491217,
        -2.7256208358570566,
        -2.7256208358570566,
        -2.786190187764991,
        -2.786190187764991
    ],
    "phiDotR": [
        4.48213204118716,
        4.542701393095094,
        4.542701393095094,
        4.603270745003028,
        4.603270745003028,
        4.663840096910963,
        4.663840096910963,
        4.724409448818898,
        4.724409448818898,
        4.784978800726832,
        4.784978800726832,
        4.845548152634767,
        4.906117504542702,
        4.906117504542702,
        4.966686856450636,
        4.966686856450636,
        5.027256208358571,
        5.027256208358571,
        5.087825560266505,
        5.087825560266505,
        5.14839491217444,
        5.14839491217444,
        5.208964264082375,
        5.208964264082375
    ]
}