{
    "segment_index": 786,
    "A": 0.1430015823649369,
    "B1": 0.1325514994593334,
    "B2": -0.13641479401057488,
    "omega": [
        -0.212613001465797,
        -0.236300975084305,
        -0.266018182039261,
        -0.27166685461998,
        -0.250640422105789,
        -0.23721581697464,
        -0.276407092809677,
        -0.329536288976669,
        -0.352468699216843,
        -0.348684161901474,
        -0.310034662485123,
        -0.369015783071518,
        -0.330097258090973,
        -0.363266110420227,
        -0.33214795589447,
        -0.35312756896019,
        -0.331911951303482,
        -0.387462884187698,
        -0.367907762527466,
        -0.402519524097443,
        -0.424070179462433,
        -0.472866266965866,
        -0.427403301000595,
        -0.440162509679794
    ],
    "omega_next": [
        -0.236300975084305,
        -0.266018182039261,
        -0.27166685461998,
        -0.250640422105789,
        -0.23721581697464,
        -0.276407092809677,
        -0.329536288976669,
        -0.352468699216843,
        -0.348684161901474,
        -0.310034662485123,
        -0.369015783071518,
        -0.330097258090973,
        -0.363266110420227,
        -0.33214795589447,
        -0.35312756896019,
        -0.331911951303482,
        -0.387462884187698,
        -0.367907762527466,
        -0.402519524097443,
        -0.424070179462433,
        -0.472866266965866,
        -0.427403301000595,
        -0.440162509679794,
        -0.53064101934433
    ],
    "phiDotL": [
        0.4239854633555421,
        0.4239854633555421,
        0.3634161114476075,
        0.3634161114476075,
        0.3028467595396729,
        0.3028467595396729,
        0.2422774076317383,
        0.1817080557238037,
        0.1817080557238037,
        0.1211387038158691,
        0.1211387038158691,
        0.0605693519079345,
        0.0605693519079345,
        0.0,
        0.0,
        0.0,
        0.0,
        -0.0605693519079345,
        -0.0605693519079345,
        -0.1211387038158691,
        -0.1817080557238037,
        -0.1817080557238037,
        -0.2422774076317383,
        -0.2422774076317383
    ],
    "phiDotR": [
        1.9382192610539069,
        1.9382192610539069,
        1.9987886129618413,
        1.9987886129618413,
        2.059357964869776,
        2.059357964869776,
        2.1199273167777104,
        2.180496668685645,
        2.180496668685645,
        2.24106602059358,
        2.24106602059358,
        2.301635372501514,
        2.301635372501514,
        2.362204724409449,
        2.362204724409449,
        2.4227740763173835,
        2.4227740763173835,
        2.483343428225318,
        2.483343428225318,
        2.5439127801332524,
        2.6044821320411877,
        2.6044821320411877,
        2.6650514839491217,
        2.6650514839491217
    ]
}