{
    "segment_index": 1419,
    "A": 0.35243946819807737,
    "B1": 0.09485701173593764,
    "B2": -0.0920406350560417,
    "omega": [
        -0.11968544870615,
        -0.215982243418694,
        -0.185463026165962,
        -0.185463026165962,
        -0.223062917590141,
        -0.186241030693054,
        -0.236541822552681,
        -0.27465608716011,
        -0.298503935337067,
        -0.314836889505386,
        -0.324650019407272,
        -0.333951622247696,
        -0.35810112953186,
        -0.3303502202034,
        -0.3303502202034,
        -0.335353553295135,
        -0.399959743022919,
        -0.354495525360107,
        -0.369903117418289,
        -0.373985379934311,
        -0.373985379934311,
        -0.376004606485367,
        -0.379643142223358,
        -0.405318230390549
    ],
    "omega_next": [
        -0.215982243418694,
        -0.185463026165962,
        -0.185463026165962,
        -0.223062917590141,
        -0.186241030693054,
        -0.236541822552681,
        -0.27465608716011,
        -0.298503935337067,
        -0.314836889505386,
        -0.324650019407272,
        -0.333951622247696,
        -0.35810112953186,
        -0.3303502202034,
        -0.3303502202034,
        -0.335353553295135,
        -0.399959743022919,
        -0.354495525360107,
        -0.369903117418289,
        -0.373985379934311,
        -0.373985379934311,
        -0.376004606485367,
        -0.379643142223358,
        -0.405318230390549,
        -0.442511051893234
    ],
    "phiDotL": [
        1.029678982434888,
        0.9691096305269534,
        0.9691096305269534,
        0.9085402786190188,
        0.9085402786190188,
        0.8479709267110843,
        0.7874015748031497,
        0.7874015748031497,
        0.726832222895215,
        0.726832222895215,
        0.6662628709872804,
        0.6662628709872804,
        0.6056935190793459,
        0.6056935190793459,
        0.5451241671714112,
        0.5451241671714112,
        0.4845548152634767,
        0.4845548152634767,
        0.4239854633555421,
        0.3634161114476075,
        0.3634161114476075,
        0.3028467595396729,
        0.3028467595396729,
        0.2422774076317383
    ],
    "phiDotR": [
        2.5439127801332524,
        2.6044821320411877,
        2.6044821320411877,
        2.6650514839491217,
        2.6650514839491217,
        2.7256208358570566,
        2.786190187764991,
        2.786190187764991,
        2.846759539672925,
        2.846759539672925,
        2.90732889158086,
        2.90732889158086,
        2.967898243488795,
        2.967898243488795,
        3.0284675953967293,
        3.0284675953967293,
        3.089036947304664,
        3.089036947304664,
        3.1496062992125986,
        3.210175651120533,
        3.210175651120533,
        3.270745003028468,
        3.270745003028468,
        3.3313143549364024
    ]
}