{
    "segment_index": 2266,
    "A": 0.9133531561431316,
    "B1": -0.08814750942330779,
    "B2": -0.06536180790672885,
    "omega": [
        -0.86138778924942,
        -0.84687727689743,
        -0.794727146625519,
        -0.695065975189209,
        -0.746856451034546,
        -0.831166565418243,
        -0.84071683883667,
        -0.869394838809967,
        -0.916877806186676,
        -0.934942543506622,
        -0.992073178291321,
        -1.03565275669098,
        -1.11593544483185,
        -1.1224023103714,
        -1.16435384750366,
        -1.2240047454834,
        -1.2955584526062,
        -1.32390189170837,
        -1.37760627269745,
        -1.34227752685547,
        -1.31880497932434,
        -1.3294929265976,
        -1.28191161155701,
        -1.16953778266907
    ],
    "omega_next": [
        -0.84687727689743,
        -0.794727146625519,
        -0.695065975189209,
        -0.746856451034546,
        -0.831166565418243,
        -0.84071683883667,
        -0.869394838809967,
        -0.916877806186676,
        -0.934942543506622,
        -0.992073178291321,
        -1.03565275669098,
        -1.11593544483185,
        -1.1224023103714,
        -1.16435384750366,
        -1.2240047454834,
        -1.2955584526062,
        -1.32390189170837,
        -1.37760627269745,
        -1.34227752685547,
        -1.31880497932434,
        -1.3294929265976,
        -1.28191161155701,
        -1.16953778266907,
        -0.79457288980484
    ],
    "phiDotL": [
        -3.1496062992125986,
        -3.1496062992125986,
        -3.1496062992125986,
        -3.1496062992125986,
        -3.1496062992125986,
        -3.210175651120533,
        -3.210175651120533,
        -3.210175651120533,
        -3.210175651120533,
        -3.210175651120533,
        -3.270745003028468,
        -3.270745003028468,
        -3.270745003028468,
        -3.270745003028468,
        -3.270745003028468,
        -3.270745003028468,
        -3.3313143549364024,
        -3.3313143549364024,
        -3.3313143549364024,
        -3.3313143549364024,
        -3.3313143549364024,
        -3.3918837068443373,
        -4.48213204118716,
        -2.5439127801332524
    ],
    "phiDotR": [
        6.0569351907934585,
        6.0569351907934585,
        6.0569351907934585,
        6.0569351907934585,
        6.0569351907934585,
        6.0569351907934585,
        6.0569351907934585,
        6.0569351907934585,
        6.0569351907934585,
        6.0569351907934585,
        5.996365838885524,
        5.996365838885524,
        6.0569351907934585,
        5.996365838885524,
        6.0569351907934585,
        6.0569351907934585,
        6.0569351907934585,
        5.996365838885524,
        6.0569351907934585,
        6.0569351907934585,
        6.0569351907934585,
        6.0569351907934585,
        4.48213204118716,
        2.5439127801332524
    ]
}