{
    "segment_index": 42,
    "A": -0.0555346107961527,
    "B1": 0.0,
    "B2": 0.0,
    "omega": [
        0.0023642575833946,
        -0.0005635418929159,
        -0.0007619240204803,
        -0.0001415839360561,
        0.0027574677951633,
        0.0008531231433153,
        0.0001025523524731,
        0.0022487021051347,
        -0.0006222518277354,
        0.0010603400878608,
        0.0021332609467208,
        0.0014028917066752,
        -0.0017394351307302,
        0.0012194858863949,
        0.0008488202001899,
        0.002927734516561,
        -0.0005445766728371,
        0.0012175634037703,
        0.0014362994115799,
        -0.0013646576553583,
        0.0009242906235158,
        -0.0007653140928596,
        0.0020880345255136,
        -0.0001490050344727
    ],
    "omega_next": [
        -0.0005635418929159,
        -0.0007619240204803,
        -0.0001415839360561,
        0.0027574677951633,
        0.0008531231433153,
        0.0001025523524731,
        0.0022487021051347,
        -0.0006222518277354,
        0.0010603400878608,
        0.0021332609467208,
        0.0014028917066752,
        -0.0017394351307302,
        0.0012194858863949,
        0.0008488202001899,
        0.002927734516561,
        -0.0005445766728371,
        0.0012175634037703,
        0.0014362994115799,
        -0.0013646576553583,
        0.0009242906235158,
        -0.0007653140928596,
        0.0020880345255136,
        -0.0001490050344727,
        0.0016856457805261
    ],
    "phiDotL": [
        0.0,
        0.0,
        0.0,
        0.0,
        0.0,
        0.0,
        0.0,
        0.0,
        0.0,
        0.0,
        0.0,
        0.0,
        0.0,
        0.0,
        0.0,
        0.0,
        0.0,
        0.0,
        0.0,
        0.0,
        0.0,
        0.0,
        0.0,
        0.0
    ],
    "phiDotR": [
        0.0,
        0.0,
        0.0,
        0.0,
        0.0,
        0.0,
        0.0,
        0.0,
        0.0,
        0.0,
        0.0,
        0.0,
        0.0,
        0.0,
        0.0,
        0.0,
        0.0,
        0.0,
        0.0,
        0.0,
        0.0,
        0.0,
        0.0,
        0.0
    ]
}