{
    "segment_index": 1605,
    "A": -0.12425945165919877,
    "B1": 0.0,
    "B2": 0.0,
    "omega": [
        0.0010491635184735,
        0.0014284485951066,
        0.0005096775130368,
        0.0004270853823982,
        0.0023367619141936,
        0.0009410263155587,
        0.0010062652872875,
        -0.0042447573505342,
        0.000808605691418,
        -0.0042988238856196,
        0.0019378706347197,
        -0.0006214445456862,
        0.0013104333775118,
        -0.0018596083391457,
        -0.0008421222446486,
        0.0008637948194518,
        0.001333337277174,
        0.0029689806979149,
        -0.001811436843127,
        0.0001785172789823,
        0.000609137059655,
        0.0016492146532982,
        0.0020531865302473,
        0.0010241804411634
    ],
    "omega_next": [
        0.0014284485951066,
        0.0005096775130368,
        0.0004270853823982,
        0.0023367619141936,
        0.0009410263155587,
        0.0010062652872875,
        -0.0042447573505342,
        0.000808605691418,
        -0.0042988238856196,
        0.0019378706347197,
        -0.0006214445456862,
        0.0013104333775118,
        -0.0018596083391457,
        -0.0008421222446486,
        0.0008637948194518,
        0.001333337277174,
        0.0029689806979149,
        -0.001811436843127,
        0.0001785172789823,
        0.000609137059655,
        0.0016492146532982,
        0.0020531865302473,
        0.0010241804411634,
        0.0004363949701655
    ],
    "phiDotL": [
        0.0,
        0.0,
        0.0,
        0.0,
        0.0,
        0.0,
        0.0,
        0.0,
        0.0,
        0.0,
        0.0,
        0.0,
        0.0,
        0.0,
        0.0,
        0.0,
        0.0,
        0.0,
        0.0,
        0.0,
        0.0,
        0.0,
        0.0,
        0.0
    ],
    "phiDotR": [
        0.0,
        0.0,
        0.0,
        0.0,
        0.0,
        0.0,
        0.0,
        0.0,
        0.0,
        0.0,
        0.0,
        0.0,
        0.0,
        0.0,
        0.0,
        0.0,
        0.0,
        0.0,
        0.0,
        0.0,
        0.0,
        0.0,
        0.0,
        0.0
    ]
}