{
    "segment_index": 103,
    "A": -0.0900179302631706,
    "B1": 0.17181422299900817,
    "B2": -0.18937388002174127,
    "omega": [
        0.0001148027949966,
        -0.0004382606421131,
        -0.0023440951481461,
        0.0016706875758245,
        -0.0005120083806104,
        -0.0010440076002851,
        -0.0019871501717716,
        -0.0028273146599531,
        0.0013326732441783,
        0.0028694469947367,
        0.0021478608250618,
        0.0002881761174649,
        0.0085459528490901,
        0.0018541406607255,
        0.0511721931397915,
        0.0194953866302967,
        0.0391800850629807,
        0.049014400690794,
        0.0898672491312027,
        0.0817743912339211,
        0.116746462881565,
        0.0681038275361061,
        0.073310375213623,
        0.132738992571831
    ],
    "omega_next": [
        -0.0004382606421131,
        -0.0023440951481461,
        0.0016706875758245,
        -0.0005120083806104,
        -0.0010440076002851,
        -0.0019871501717716,
        -0.0028273146599531,
        0.0013326732441783,
        0.0028694469947367,
        0.0021478608250618,
        0.0002881761174649,
        0.0085459528490901,
        0.0018541406607255,
        0.0511721931397915,
        0.0194953866302967,
        0.0391800850629807,
        0.049014400690794,
        0.0898672491312027,
        0.0817743912339211,
        0.116746462881565,
        0.0681038275361061,
        0.073310375213623,
        0.132738992571831,
        0.139711886644363
    ],
    "phiDotL": [
        0.0,
        0.0,
        0.0,
        0.0,
        0.0,
        0.0,
        0.0,
        0.0,
        0.0,
        0.0,
        0.0,
        0.0,
        0.6662628709872804,
        0.6662628709872804,
        0.726832222895215,
        0.726832222895215,
        0.7874015748031497,
        0.7874015748031497,
        0.8479709267110843,
        0.8479709267110843,
        0.9085402786190188,
        0.9085402786190188,
        0.9691096305269534,
        0.9691096305269534
    ],
    "phiDotR": [
        0.0,
        0.0,
        0.0,
        0.0,
        0.0,
        0.0,
        0.0,
        0.0,
        0.0,
        0.0,
        0.0,
        0.0,
        0.4845548152634767,
        0.4845548152634767,
        0.4239854633555421,
        0.4239854633555421,
        0.3634161114476075,
        0.3634161114476075,
        0.3028467595396729,
        0.3028467595396729,
        0.2422774076317383,
        0.2422774076317383,
        0.1817080557238037,
        0.1817080557238037
    ]
}