{
    "segment_index": 2811,
    "A": 0.39798147419286517,
    "B1": 0.07940357207448555,
    "B2": -0.082153751440338,
    "omega": [
        -1.13946807384491,
        -1.23408949375153,
        -1.24393570423126,
        -1.11273074150085,
        -1.12681198120117,
        -1.11780428886414,
        -1.11780428886414,
        -1.11936211585999,
        -1.18909573554993,
        -1.18909573554993,
        -1.16719770431519,
        -1.19754481315613,
        -1.19768011569977,
        -1.16272866725922,
        -1.15758335590363,
        -1.17683207988739,
        -1.15506315231323,
        -1.13758635520935,
        -1.1471734046936,
        -1.1471734046936,
        -1.17962634563446,
        -1.16866779327393,
        -1.14750385284424,
        -1.1625804901123
    ],
    "omega_next": [
        -1.23408949375153,
        -1.24393570423126,
        -1.11273074150085,
        -1.12681198120117,
        -1.11780428886414,
        -1.11780428886414,
        -1.11936211585999,
        -1.18909573554993,
        -1.18909573554993,
        -1.16719770431519,
        -1.19754481315613,
        -1.19768011569977,
        -1.16272866725922,
        -1.15758335590363,
        -1.17683207988739,
        -1.15506315231323,
        -1.13758635520935,
        -1.1471734046936,
        -1.1471734046936,
        -1.17962634563446,
        -1.16866779327393,
        -1.14750385284424,
        -1.1625804901123,
        -1.2026823759079
    ],
    "phiDotL": [
        -2.4227740763173835,
        -2.4227740763173835,
        -2.483343428225318,
        -2.483343428225318,
        -2.483343428225318,
        -2.483343428225318,
        -2.483343428225318,
        -2.5439127801332524,
        -2.5439127801332524,
        -2.5439127801332524,
        -2.5439127801332524,
        -2.6044821320411877,
        -2.6044821320411877,
        -2.6044821320411877,
        -2.6044821320411877,
        -2.6044821320411877,
        -2.6650514839491217,
        -2.6650514839491217,
        -2.6650514839491217,
        -2.6650514839491217,
        -2.6650514839491217,
        -2.7256208358570566,
        -2.7256208358570566,
        -3.8764385221078137
    ],
    "phiDotR": [
        6.0569351907934585,
        6.0569351907934585,
        6.0569351907934585,
        6.0569351907934585,
        5.996365838885524,
        6.0569351907934585,
        5.996365838885524,
        5.996365838885524,
        6.0569351907934585,
        6.0569351907934585,
        6.0569351907934585,
        6.0569351907934585,
        6.0569351907934585,
        6.0569351907934585,
        6.0569351907934585,
        6.0569351907934585,
        6.0569351907934585,
        5.996365838885524,
        6.0569351907934585,
        6.0569351907934585,
        6.0569351907934585,
        6.0569351907934585,
        6.0569351907934585,
        5.087825560266505
    ]
}