{
    "segment_index": 1321,
    "A": 0.5607909962113764,
    "B1": 0.0,
    "B2": 0.0,
    "omega": [
        0.0018088629003614,
        0.0018088629003614,
        0.0018088629003614,
        0.0018088629003614,
        0.0018088629003614,
        0.0018088629003614,
        0.0020667654462158,
        0.0026492548640817,
        0.0021406242158263,
        -0.0003384354931768,
        -0.0012978127924725,
        -0.0016951360739767,
        0.0009489679941907,
        -0.0010806531645357,
        -0.0019440428586676,
        -0.0001428960240446,
        0.0014344353694468,
        0.0012297555804252,
        0.0005153706297278,
        0.0035763506311923,
        0.0012924803886562,
        0.0022216406650841,
        -0.0018217753386125,
        -0.001119268592447
    ],
    "omega_next": [
        0.0018088629003614,
        0.0018088629003614,
        0.0018088629003614,
        0.0018088629003614,
        0.0018088629003614,
        0.0020667654462158,
        0.0026492548640817,
        0.0021406242158263,
        -0.0003384354931768,
        -0.0012978127924725,
        -0.0016951360739767,
        0.0009489679941907,
        -0.0010806531645357,
        -0.0019440428586676,
        -0.0001428960240446,
        0.0014344353694468,
        0.0012297555804252,
        0.0005153706297278,
        0.0035763506311923,
        0.0012924803886562,
        0.0022216406650841,
        -0.0018217753386125,
        -0.001119268592447,
        0.0009042652091011
    ],
    "phiDotL": [
        0.0,
        0.0,
        0.0,
        0.0,
        0.0,
        0.0,
        0.0,
        0.0,
        0.0,
        0.0,
        0.0,
        0.0,
        0.0,
        0.0,
        0.0,
        0.0,
        0.0,
        0.0,
        0.0,
        0.0,
        0.0,
        0.0,
        0.0,
        0.0
    ],
    "phiDotR": [
        0.0,
        0.0,
        0.0,
        0.0,
        0.0,
        0.0,
        0.0,
        0.0,
        0.0,
        0.0,
        0.0,
        0.0,
        0.0,
        0.0,
        0.0,
        0.0,
        0.0,
        0.0,
        0.0,
        0.0,
        0.0,
        0.0,
        0.0,
        0.0
    ]
}