{
    "segment_index": 339,
    "A": 0.11753621116084162,
    "B1": 0.0,
    "B2": 0.0,
    "omega": [
        0.0013476940803229,
        -0.0001403917558491,
        -0.0022677187807858,
        0.0025116244796663,
        0.0037938021123409,
        0.0012741868849843,
        0.0017700431635603,
        0.0012841366697102,
        -0.0034275278449058,
        0.0020818733610212,
        -0.0012330110184848,
        0.0012585347285494,
        -0.0021553430706262,
        -0.0013173643965274,
        0.0020922480616718,
        -0.0006255010957829,
        0.0014506401494145,
        0.0002002302499022,
        0.0026957436930388,
        0.0004393864946905,
        0.0002308872353751,
        0.0012808934552595,
        0.0026071823667734,
        0.0049709933809936
    ],
    "omega_next": [
        -0.0001403917558491,
        -0.0022677187807858,
        0.0025116244796663,
        0.0037938021123409,
        0.0012741868849843,
        0.0017700431635603,
        0.0012841366697102,
        -0.0034275278449058,
        0.0020818733610212,
        -0.0012330110184848,
        0.0012585347285494,
        -0.0021553430706262,
        -0.0013173643965274,
        0.0020922480616718,
        -0.0006255010957829,
        0.0014506401494145,
        0.0002002302499022,
        0.0026957436930388,
        0.0004393864946905,
        0.0002308872353751,
        0.0012808934552595,
        0.0026071823667734,
        0.0049709933809936,
        0.0002149277133867
    ],
    "phiDotL": [
        0.0,
        0.0,
        0.0,
        0.0,
        0.0,
        0.0,
        0.0,
        0.0,
        0.0,
        0.0,
        0.0,
        0.0,
        0.0,
        0.0,
        0.0,
        0.0,
        0.0,
        0.0,
        0.0,
        0.0,
        0.0,
        0.0,
        0.0,
        0.0
    ],
    "phiDotR": [
        0.0,
        0.0,
        0.0,
        0.0,
        0.0,
        0.0,
        0.0,
        0.0,
        0.0,
        0.0,
        0.0,
        0.0,
        0.0,
        0.0,
        0.0,
        0.0,
        0.0,
        0.0,
        0.0,
        0.0,
        0.0,
        0.0,
        0.0,
        0.0
    ]
}