{
    "segment_index": 1129,
    "A": 0.4355539716441866,
    "B1": 0.12711871258113608,
    "B2": 0.07163605802110239,
    "omega": [
        0.467071324586868,
        0.611140608787537,
        0.533937096595764,
        0.725851476192474,
        0.764925360679626,
        0.713633239269257,
        0.619415879249573,
        0.507949888706207,
        0.55391651391983,
        0.655414462089539,
        0.583029091358185,
        0.618495643138885,
        0.569946527481079,
        0.561999142169952,
        0.612575948238373,
        0.5805624127388,
        0.650601804256439,
        0.54755973815918,
        0.541802763938904,
        0.671565413475037,
        0.636678874492645,
        0.72913920879364,
        0.749735236167908,
        0.840574145317078
    ],
    "omega_next": [
        0.611140608787537,
        0.533937096595764,
        0.725851476192474,
        0.764925360679626,
        0.713633239269257,
        0.619415879249573,
        0.507949888706207,
        0.55391651391983,
        0.655414462089539,
        0.583029091358185,
        0.618495643138885,
        0.569946527481079,
        0.561999142169952,
        0.612575948238373,
        0.5805624127388,
        0.650601804256439,
        0.54755973815918,
        0.541802763938904,
        0.671565413475037,
        0.636678874492645,
        0.72913920879364,
        0.749735236167908,
        0.840574145317078,
        0.730907082557678
    ],
    "phiDotL": [
        3.089036947304664,
        3.1496062992125986,
        3.1496062992125986,
        3.210175651120533,
        3.210175651120533,
        3.270745003028468,
        3.270745003028468,
        3.3313143549364024,
        3.3313143549364024,
        3.3918837068443373,
        3.3918837068443373,
        3.3918837068443373,
        3.3918837068443373,
        3.4524530587522717,
        3.5735917625681406,
        3.634161114476075,
        3.634161114476075,
        3.634161114476075,
        3.6947304663840095,
        3.6947304663840095,
        3.755299818291944,
        3.755299818291944,
        3.815869170199879,
        3.815869170199879
    ],
    "phiDotR": [
        -0.6662628709872804,
        -0.726832222895215,
        -0.726832222895215,
        -0.7874015748031497,
        -0.7874015748031497,
        -0.8479709267110843,
        -0.8479709267110843,
        -0.9085402786190188,
        -0.9085402786190188,
        -0.9691096305269534,
        -0.9691096305269534,
        -1.029678982434888,
        -1.029678982434888,
        -1.0902483343428224,
        -1.150817686250757,
        -1.2113870381586918,
        -1.2113870381586918,
        -1.2113870381586918,
        -1.2719563900666262,
        -1.2719563900666262,
        -1.3325257419745609,
        -1.3325257419745609,
        -1.3930950938824955,
        -1.3930950938824955
    ]
}