{
    "segment_index": 596,
    "A": 0.6872436493267164,
    "B1": -0.14399913689104643,
    "B2": -0.19306181054278856,
    "omega": [
        -1.45919942855835,
        -1.48977291584015,
        -1.50627255439758,
        -1.4589695930481,
        -1.40123724937439,
        -1.44743072986603,
        -1.50960338115692,
        -1.54820764064789,
        -1.57772064208984,
        -1.58836150169373,
        -1.58210122585297,
        -1.55344450473785,
        -1.50573468208313,
        -1.4765305519104,
        -1.48363029956818,
        -1.45389223098755,
        -1.43095266819,
        -1.45393443107605,
        -1.48234665393829,
        -1.48713660240173,
        -1.51421272754669,
        -1.45412063598633,
        -1.4959100484848,
        -1.51205229759216
    ],
    "omega_next": [
        -1.48977291584015,
        -1.50627255439758,
        -1.4589695930481,
        -1.40123724937439,
        -1.44743072986603,
        -1.50960338115692,
        -1.54820764064789,
        -1.57772064208984,
        -1.58836150169373,
        -1.58210122585297,
        -1.55344450473785,
        -1.50573468208313,
        -1.4765305519104,
        -1.48363029956818,
        -1.45389223098755,
        -1.43095266819,
        -1.45393443107605,
        -1.48234665393829,
        -1.48713660240173,
        -1.51421272754669,
        -1.45412063598633,
        -1.4959100484848,
        -1.51205229759216,
        -1.45018672943115
    ],
    "phiDotL": [
        -4.603270745003028,
        -4.663840096910963,
        -4.663840096910963,
        -4.724409448818898,
        -4.724409448818898,
        -4.784978800726832,
        -4.784978800726832,
        -4.845548152634767,
        -4.845548152634767,
        -4.845548152634767,
        -4.845548152634767,
        -4.845548152634767,
        -4.845548152634767,
        -4.845548152634767,
        -4.845548152634767,
        -4.845548152634767,
        -4.845548152634767,
        -4.906117504542702,
        -4.906117504542702,
        -4.906117504542702,
        -4.906117504542702,
        -4.906117504542702,
        -4.906117504542702,
        -4.906117504542702
    ],
    "phiDotR": [
        5.81465778316172,
        5.875227135069655,
        5.875227135069655,
        5.93579648697759,
        5.93579648697759,
        5.996365838885524,
        5.996365838885524,
        6.0569351907934585,
        6.0569351907934585,
        6.0569351907934585,
        6.0569351907934585,
        6.0569351907934585,
        6.0569351907934585,
        6.0569351907934585,
        6.0569351907934585,
        6.0569351907934585,
        6.0569351907934585,
        6.0569351907934585,
        6.0569351907934585,
        6.0569351907934585,
        6.0569351907934585,
        6.0569351907934585,
        6.0569351907934585,
        6.0569351907934585
    ]
}