{
    "segment_index": 617,
    "A": -0.5834266491905795,
    "B1": -0.21664494395938946,
    "B2": -0.5606536480502647,
    "omega": [
        -1.45412063598633,
        -1.4959100484848,
        -1.51205229759216,
        -1.45018672943115,
        -1.44546246528625,
        -1.49498760700226,
        -1.43017256259918,
        -1.45217275619507,
        -1.47613620758057,
        -1.47774922847748,
        -1.49637031555176,
        -1.49091708660126,
        -1.5047721862793,
        -1.49091911315918,
        -1.49044620990753,
        -1.45361685752869,
        -1.41878497600555,
        -1.2997190952301,
        -0.874161005020142,
        -0.237673029303551,
        0.101319186389446,
        0.0230888947844505,
        0.0059647136367857,
        0.0045327991247177
    ],
    "omega_next": [
        -1.4959100484848,
        -1.51205229759216,
        -1.45018672943115,
        -1.44546246528625,
        -1.49498760700226,
        -1.43017256259918,
        -1.45217275619507,
        -1.47613620758057,
        -1.47774922847748,
        -1.49637031555176,
        -1.49091708660126,
        -1.5047721862793,
        -1.49091911315918,
        -1.49044620990753,
        -1.45361685752869,
        -1.41878497600555,
        -1.2997190952301,
        -0.874161005020142,
        -0.237673029303551,
        0.101319186389446,
        0.0230888947844505,
        0.0059647136367857,
        0.0045327991247177,
        0.0016627501463517
    ],
    "phiDotL": [
        -4.906117504542702,
        -4.906117504542702,
        -4.906117504542702,
        -4.906117504542702,
        -4.906117504542702,
        -4.906117504542702,
        -4.966686856450636,
        -4.966686856450636,
        -4.966686856450636,
        -4.966686856450636,
        -4.966686856450636,
        -4.966686856450636,
        -4.966686856450636,
        -4.966686856450636,
        -4.966686856450636,
        -4.966686856450636,
        -4.966686856450636,
        -4.48213204118716,
        -2.5439127801332524,
        -0.6056935190793459,
        0.0,
        0.0,
        0.0,
        0.0
    ],
    "phiDotR": [
        6.0569351907934585,
        6.0569351907934585,
        6.0569351907934585,
        6.0569351907934585,
        6.0569351907934585,
        6.0569351907934585,
        6.0569351907934585,
        6.0569351907934585,
        6.0569351907934585,
        6.0569351907934585,
        6.0569351907934585,
        6.0569351907934585,
        6.0569351907934585,
        5.996365838885524,
        6.0569351907934585,
        6.0569351907934585,
        6.0569351907934585,
        4.48213204118716,
        2.5439127801332524,
        0.6056935190793459,
        0.0,
        0.0,
        0.0,
        0.0
    ]
}