{
    "segment_index": 2461,
    "A": 0.339702358393817,
    "B1": 0.0,
    "B2": 0.0,
    "omega": [
        -0.0022499489132314,
        -0.0023220279254019,
        0.0024071130901575,
        0.0023092930205166,
        -0.0001820940087782,
        -0.0011720712063834,
        -0.0035928012803196,
        0.0009277460630983,
        -0.0013003644999116,
        -0.001719897496514,
        -0.0002499943075235,
        -0.0006553687853738,
        -0.0012017465196549,
        -0.0020279155578464,
        0.0012275199405849,
        0.0010093225864693,
        -0.0047797979786992,
        -0.0035544170532375,
        -0.0014708461239934,
        -0.0017306143417954,
        -0.0016385435592383,
        -0.0006023669848218,
        0.0012194665614515,
        -8.67250200826675e-05
    ],
    "omega_next": [
        -0.0023220279254019,
        0.0024071130901575,
        0.0023092930205166,
        -0.0001820940087782,
        -0.0011720712063834,
        -0.0035928012803196,
        0.0009277460630983,
        -0.0013003644999116,
        -0.001719897496514,
        -0.0002499943075235,
        -0.0006553687853738,
        -0.0012017465196549,
        -0.0020279155578464,
        0.0012275199405849,
        0.0010093225864693,
        -0.0047797979786992,
        -0.0035544170532375,
        -0.0014708461239934,
        -0.0017306143417954,
        -0.0016385435592383,
        -0.0006023669848218,
        0.0012194665614515,
        -8.67250200826675e-05,
        0.0006582555943168
    ],
    "phiDotL": [
        0.0,
        0.0,
        0.0,
        0.0,
        0.0,
        0.0,
        0.0,
        0.0,
        0.0,
        0.0,
        0.0,
        0.0,
        0.0,
        0.0,
        0.0,
        0.0,
        0.0,
        0.0,
        0.0,
        0.0,
        0.0,
        0.0,
        0.0,
        0.0
    ],
    "phiDotR": [
        0.0,
        0.0,
        0.0,
        0.0,
        0.0,
        0.0,
        0.0,
        0.0,
        0.0,
        0.0,
        0.0,
        0.0,
        0.0,
        0.0,
        0.0,
        0.0,
        0.0,
        0.0,
        0.0,
        0.0,
        0.0,
        0.0,
        0.0,
        0.0
    ]
}