{
    "segment_index": 957,
    "A": -1.503197417640824,
    "B1": 0.10145276606275201,
    "B2": -0.500775769729186,
    "omega": [
        -1.37648093700409,
        -1.38132631778717,
        -1.36699688434601,
        -1.36279773712158,
        -1.39219403266907,
        -1.40071392059326,
        -1.30744183063507,
        -0.784945726394653,
        -0.265212118625641,
        0.0580610819160938,
        0.0125668710097671,
        0.0031923460774123,
        0.0047174026258289,
        0.0011243650224059,
        -0.0038457820191979,
        0.0042365109547972,
        -0.000683462829329,
        -0.00295180385001,
        -0.0026883003301918,
        0.0025215246714651,
        0.0020477792713791,
        0.0031393871176987,
        0.0037140541244298,
        0.004091762471944
    ],
    "omega_next": [
        -1.38132631778717,
        -1.36699688434601,
        -1.36279773712158,
        -1.39219403266907,
        -1.40071392059326,
        -1.30744183063507,
        -0.784945726394653,
        -0.265212118625641,
        0.0580610819160938,
        0.0125668710097671,
        0.0031923460774123,
        0.0047174026258289,
        0.0011243650224059,
        -0.0038457820191979,
        0.0042365109547972,
        -0.000683462829329,
        -0.00295180385001,
        -0.0026883003301918,
        0.0025215246714651,
        0.0020477792713791,
        0.0031393871176987,
        0.0037140541244298,
        0.004091762471944,
        0.0002336918842047
    ],
    "phiDotL": [
        -4.058146577831618,
        -4.058146577831618,
        -4.058146577831618,
        -4.118715929739552,
        -4.118715929739552,
        -4.118715929739552,
        -4.48213204118716,
        -2.5439127801332524,
        -0.6056935190793459,
        0.0,
        0.0,
        0.0,
        0.0,
        0.0,
        0.0,
        0.0,
        0.0,
        0.0,
        0.0,
        0.0,
        0.0,
        0.0,
        0.0,
        0.0
    ],
    "phiDotR": [
        6.0569351907934585,
        6.0569351907934585,
        6.0569351907934585,
        5.996365838885524,
        6.0569351907934585,
        6.0569351907934585,
        4.48213204118716,
        2.5439127801332524,
        0.6056935190793459,
        0.0,
        0.0,
        0.0,
        0.0,
        0.0,
        0.0,
        0.0,
        0.0,
        0.0,
        0.0,
        0.0,
        0.0,
        0.0,
        0.0,
        0.0
    ]
}