{
    "segment_index": 1627,
    "A": 0.28664894071011826,
    "B1": 0.0,
    "B2": 0.0,
    "omega": [
        0.0020531865302473,
        0.0010241804411634,
        0.0004363949701655,
        0.0035389065742492,
        0.0007642290438525,
        -0.0002676615840755,
        -0.0010138188954442,
        0.0040598986670374,
        -0.000923074199818,
        -0.000923074199818,
        -0.000923074199818,
        -0.000923074199818,
        -0.000923074199818,
        -0.000923074199818,
        -0.000923074199818,
        -0.000923074199818,
        0.0004656331730075,
        0.0014377101324498,
        0.0057034371420741,
        0.0018643520306795,
        -0.0002114311937475,
        0.0009478864958509,
        -0.0007084329263307,
        -0.0004789728554897
    ],
    "omega_next": [
        0.0010241804411634,
        0.0004363949701655,
        0.0035389065742492,
        0.0007642290438525,
        -0.0002676615840755,
        -0.0010138188954442,
        0.0040598986670374,
        -0.000923074199818,
        -0.000923074199818,
        -0.000923074199818,
        -0.000923074199818,
        -0.000923074199818,
        -0.000923074199818,
        -0.000923074199818,
        -0.000923074199818,
        0.0004656331730075,
        0.0014377101324498,
        0.0057034371420741,
        0.0018643520306795,
        -0.0002114311937475,
        0.0009478864958509,
        -0.0007084329263307,
        -0.0004789728554897,
        -0.0013738761190325
    ],
    "phiDotL": [
        0.0,
        0.0,
        0.0,
        0.0,
        0.0,
        0.0,
        0.0,
        0.0,
        0.0,
        0.0,
        0.0,
        0.0,
        0.0,
        0.0,
        0.0,
        0.0,
        0.0,
        0.0,
        0.0,
        0.0,
        0.0,
        0.0,
        0.0,
        0.0
    ],
    "phiDotR": [
        0.0,
        0.0,
        0.0,
        0.0,
        0.0,
        0.0,
        0.0,
        0.0,
        0.0,
        0.0,
        0.0,
        0.0,
        0.0,
        0.0,
        0.0,
        0.0,
        0.0,
        0.0,
        0.0,
        0.0,
        0.0,
        0.0,
        0.0,
        0.0
    ]
}