{
    "segment_index": 1179,
    "A": 0.3558858514827082,
    "B1": -0.004898030103713278,
    "B2": -0.2697195402318125,
    "omega": [
        0.96752667427063,
        0.939779937267303,
        0.941525936126709,
        0.887588977813721,
        0.941237092018127,
        1.00044369697571,
        0.998322427272797,
        0.957343697547913,
        1.0737053155899,
        1.11230444908142,
        1.07168793678284,
        1.0450884103775,
        1.08203387260437,
        1.08493077754974,
        1.00360298156738,
        1.06476032733917,
        1.07483923435211,
        1.12061834335327,
        1.1199963092804,
        1.16493940353394,
        1.1785352230072,
        1.14102959632874,
        1.14584362506866,
        1.21832036972046
    ],
    "omega_next": [
        0.939779937267303,
        0.941525936126709,
        0.887588977813721,
        0.941237092018127,
        1.00044369697571,
        0.998322427272797,
        0.957343697547913,
        1.0737053155899,
        1.11230444908142,
        1.07168793678284,
        1.0450884103775,
        1.08203387260437,
        1.08493077754974,
        1.00360298156738,
        1.06476032733917,
        1.07483923435211,
        1.12061834335327,
        1.1199963092804,
        1.16493940353394,
        1.1785352230072,
        1.14102959632874,
        1.14584362506866,
        1.21832036972046,
        1.30175495147705
    ],
    "phiDotL": [
        4.724409448818898,
        4.724409448818898,
        4.784978800726832,
        4.784978800726832,
        4.845548152634767,
        4.906117504542702,
        4.906117504542702,
        4.966686856450636,
        4.966686856450636,
        5.027256208358571,
        5.027256208358571,
        5.087825560266505,
        5.087825560266505,
        5.14839491217444,
        5.14839491217444,
        5.208964264082375,
        5.208964264082375,
        5.269533615990309,
        5.269533615990309,
        5.3301029678982434,
        5.390672319806178,
        5.390672319806178,
        5.451241671714113,
        5.451241671714113
    ],
    "phiDotR": [
        -2.301635372501514,
        -2.301635372501514,
        -2.362204724409449,
        -2.362204724409449,
        -2.4227740763173835,
        -2.483343428225318,
        -2.483343428225318,
        -2.5439127801332524,
        -2.5439127801332524,
        -2.6044821320411877,
        -2.6044821320411877,
        -2.6650514839491217,
        -2.6650514839491217,
        -2.7256208358570566,
        -2.7256208358570566,
        -2.786190187764991,
        -2.786190187764991,
        -2.846759539672925,
        -2.846759539672925,
        -2.90732889158086,
        -2.967898243488795,
        -2.967898243488795,
        -3.0284675953967293,
        -3.0284675953967293
    ]
}