{
    "segment_index": 1409,
    "A": 0.47067576759133223,
    "B1": 0.08615196700408863,
    "B2": -0.07851207627990837,
    "omega": [
        -0.134289607405663,
        -0.125247314572334,
        -0.125247314572334,
        -0.158675864338875,
        -0.182601183652878,
        -0.171091794967651,
        -0.186337292194366,
        -0.19200274348259,
        -0.158130556344986,
        -0.169762313365936,
        -0.11968544870615,
        -0.215982243418694,
        -0.185463026165962,
        -0.185463026165962,
        -0.223062917590141,
        -0.186241030693054,
        -0.236541822552681,
        -0.27465608716011,
        -0.298503935337067,
        -0.314836889505386,
        -0.324650019407272,
        -0.333951622247696,
        -0.35810112953186,
        -0.3303502202034
    ],
    "omega_next": [
        -0.125247314572334,
        -0.125247314572334,
        -0.158675864338875,
        -0.182601183652878,
        -0.171091794967651,
        -0.186337292194366,
        -0.19200274348259,
        -0.158130556344986,
        -0.169762313365936,
        -0.11968544870615,
        -0.215982243418694,
        -0.185463026165962,
        -0.185463026165962,
        -0.223062917590141,
        -0.186241030693054,
        -0.236541822552681,
        -0.27465608716011,
        -0.298503935337067,
        -0.314836889505386,
        -0.324650019407272,
        -0.333951622247696,
        -0.35810112953186,
        -0.3303502202034,
        -0.3303502202034
    ],
    "phiDotL": [
        1.3325257419745609,
        1.2719563900666262,
        1.2719563900666262,
        1.2113870381586918,
        1.2113870381586918,
        1.150817686250757,
        1.150817686250757,
        1.0902483343428224,
        1.0902483343428224,
        1.029678982434888,
        1.029678982434888,
        0.9691096305269534,
        0.9691096305269534,
        0.9085402786190188,
        0.9085402786190188,
        0.8479709267110843,
        0.7874015748031497,
        0.7874015748031497,
        0.726832222895215,
        0.726832222895215,
        0.6662628709872804,
        0.6662628709872804,
        0.6056935190793459,
        0.6056935190793459
    ],
    "phiDotR": [
        2.24106602059358,
        2.301635372501514,
        2.301635372501514,
        2.362204724409449,
        2.362204724409449,
        2.4227740763173835,
        2.4227740763173835,
        2.483343428225318,
        2.483343428225318,
        2.5439127801332524,
        2.5439127801332524,
        2.6044821320411877,
        2.6044821320411877,
        2.6650514839491217,
        2.6650514839491217,
        2.7256208358570566,
        2.786190187764991,
        2.786190187764991,
        2.846759539672925,
        2.846759539672925,
        2.90732889158086,
        2.90732889158086,
        2.967898243488795,
        2.967898243488795
    ]
}