{
    "segment_index": 823,
    "A": 0.553991208217948,
    "B1": 0.05672875751252999,
    "B2": -0.052620085046151545,
    "omega": [
        -0.507875680923462,
        -0.458456426858902,
        -0.410356909036636,
        -0.412604779005051,
        -0.455260217189789,
        -0.520521342754364,
        -0.599075734615326,
        -0.544930636882782,
        -0.494910597801208,
        -0.530896604061127,
        -0.584276497364044,
        -0.571449756622314,
        -0.534325778484344,
        -0.525466799736023,
        -0.527974724769592,
        -0.549134612083435,
        -0.535723865032196,
        -0.587637186050415,
        -0.538543522357941,
        -0.497829109430313,
        -0.563506364822388,
        -0.587845981121063,
        -0.623345553874969,
        -0.655631721019745
    ],
    "omega_next": [
        -0.458456426858902,
        -0.410356909036636,
        -0.412604779005051,
        -0.455260217189789,
        -0.520521342754364,
        -0.599075734615326,
        -0.544930636882782,
        -0.494910597801208,
        -0.530896604061127,
        -0.584276497364044,
        -0.571449756622314,
        -0.534325778484344,
        -0.525466799736023,
        -0.527974724769592,
        -0.549134612083435,
        -0.535723865032196,
        -0.587637186050415,
        -0.538543522357941,
        -0.497829109430313,
        -0.563506364822388,
        -0.587845981121063,
        -0.623345553874969,
        -0.655631721019745,
        -0.66215842962265
    ],
    "phiDotL": [
        -0.726832222895215,
        -0.726832222895215,
        -0.7874015748031497,
        -0.7874015748031497,
        -0.8479709267110843,
        -0.8479709267110843,
        -0.9085402786190188,
        -0.9085402786190188,
        -0.9691096305269534,
        -0.9691096305269534,
        -1.029678982434888,
        -1.029678982434888,
        -1.0902483343428224,
        -1.150817686250757,
        -1.150817686250757,
        -1.2113870381586918,
        -1.2113870381586918,
        -1.2719563900666262,
        -1.2719563900666262,
        -1.3325257419745609,
        -1.3325257419745609,
        -1.3930950938824955,
        -1.3930950938824955,
        -1.45366444579043
    ],
    "phiDotR": [
        3.1496062992125986,
        3.1496062992125986,
        3.210175651120533,
        3.210175651120533,
        3.270745003028468,
        3.270745003028468,
        3.3313143549364024,
        3.3313143549364024,
        3.3918837068443373,
        3.3918837068443373,
        3.3918837068443373,
        3.3918837068443373,
        3.4524530587522717,
        3.5735917625681406,
        3.5735917625681406,
        3.634161114476075,
        3.634161114476075,
        3.6947304663840095,
        3.6947304663840095,
        3.755299818291944,
        3.755299818291944,
        3.815869170199879,
        3.815869170199879,
        3.8764385221078137
    ]
}