{
    "segment_index": 2763,
    "A": 0.38446820977345975,
    "B1": 0.3014757191823935,
    "B2": -0.012573315113423477,
    "omega": [
        -0.934699952602386,
        -0.902663946151733,
        -0.902797400951385,
        -0.963048756122589,
        -0.929117858409882,
        -0.904579639434814,
        -0.936232209205627,
        -0.931465923786163,
        -0.85578066110611,
        -0.938983500003815,
        -1.00351417064667,
        -1.00664699077606,
        -1.00769102573395,
        -1.04703557491302,
        -1.08630394935608,
        -1.08482897281647,
        -1.07123017311096,
        -1.06314957141876,
        -1.07319927215576,
        -1.04037034511566,
        -1.03437745571136,
        -1.07838141918182,
        -1.04029583930969,
        -1.04900622367859
    ],
    "omega_next": [
        -0.902663946151733,
        -0.902797400951385,
        -0.963048756122589,
        -0.929117858409882,
        -0.904579639434814,
        -0.936232209205627,
        -0.931465923786163,
        -0.85578066110611,
        -0.938983500003815,
        -1.00351417064667,
        -1.00664699077606,
        -1.00769102573395,
        -1.04703557491302,
        -1.08630394935608,
        -1.08482897281647,
        -1.07123017311096,
        -1.06314957141876,
        -1.07319927215576,
        -1.04037034511566,
        -1.03437745571136,
        -1.07838141918182,
        -1.04029583930969,
        -1.04900622367859,
        -1.15192699432373
    ],
    "phiDotL": [
        -1.5748031496062993,
        -1.5748031496062993,
        -1.635372501514234,
        -1.635372501514234,
        -1.6959418534221686,
        -1.6959418534221686,
        -1.6959418534221686,
        -1.6959418534221686,
        -1.6959418534221686,
        -1.6959418534221686,
        -1.8170805572380373,
        -1.8170805572380373,
        -1.8170805572380373,
        -1.877649909145972,
        -1.877649909145972,
        -1.877649909145972,
        -1.877649909145972,
        -1.9382192610539069,
        -1.9382192610539069,
        -1.9382192610539069,
        -1.9987886129618413,
        -1.9987886129618413,
        -1.9987886129618413,
        -2.059357964869776
    ],
    "phiDotR": [
        6.0569351907934585,
        6.0569351907934585,
        6.0569351907934585,
        6.0569351907934585,
        6.0569351907934585,
        6.0569351907934585,
        6.0569351907934585,
        6.0569351907934585,
        6.0569351907934585,
        6.0569351907934585,
        6.0569351907934585,
        6.0569351907934585,
        6.0569351907934585,
        5.996365838885524,
        5.996365838885524,
        6.0569351907934585,
        6.0569351907934585,
        6.0569351907934585,
        6.0569351907934585,
        6.0569351907934585,
        6.0569351907934585,
        6.0569351907934585,
        6.0569351907934585,
        6.0569351907934585
    ]
}