{
    "segment_index": 1962,
    "A": 0.7549691478561167,
    "B1": -0.020847636073019093,
    "B2": -0.14765166890306447,
    "omega": [
        1.26475036144257,
        1.24105274677277,
        1.22309792041779,
        1.25750041007996,
        1.24599277973175,
        1.20234370231628,
        1.22076952457428,
        1.28238201141357,
        1.32862329483032,
        1.33280539512634,
        1.37423455715179,
        1.32347416877747,
        1.28119564056396,
        1.25690734386444,
        1.22937154769897,
        1.1564314365387,
        1.20619904994965,
        1.22457337379456,
        1.25481927394867,
        1.32813131809235,
        1.3710789680481,
        1.44871294498444,
        1.46892118453979,
        1.40488660335541
    ],
    "omega_next": [
        1.24105274677277,
        1.22309792041779,
        1.25750041007996,
        1.24599277973175,
        1.20234370231628,
        1.22076952457428,
        1.28238201141357,
        1.32862329483032,
        1.33280539512634,
        1.37423455715179,
        1.32347416877747,
        1.28119564056396,
        1.25690734386444,
        1.22937154769897,
        1.1564314365387,
        1.20619904994965,
        1.22457337379456,
        1.25481927394867,
        1.32813131809235,
        1.3710789680481,
        1.44871294498444,
        1.46892118453979,
        1.40488660335541,
        1.33513784408569
    ],
    "phiDotL": [
        6.0569351907934585,
        5.996365838885524,
        6.0569351907934585,
        6.0569351907934585,
        6.0569351907934585,
        6.0569351907934585,
        6.0569351907934585,
        6.0569351907934585,
        6.0569351907934585,
        6.0569351907934585,
        6.0569351907934585,
        6.0569351907934585,
        6.0569351907934585,
        6.0569351907934585,
        6.0569351907934585,
        6.0569351907934585,
        6.0569351907934585,
        6.0569351907934585,
        6.0569351907934585,
        6.0569351907934585,
        6.0569351907934585,
        6.0569351907934585,
        6.0569351907934585,
        6.0569351907934585
    ],
    "phiDotR": [
        -2.846759539672925,
        -2.846759539672925,
        -2.90732889158086,
        -2.90732889158086,
        -2.90732889158086,
        -2.90732889158086,
        -2.967898243488795,
        -2.967898243488795,
        -2.967898243488795,
        -2.967898243488795,
        -2.967898243488795,
        -3.0284675953967293,
        -3.0284675953967293,
        -3.0284675953967293,
        -3.0284675953967293,
        -3.089036947304664,
        -3.089036947304664,
        -3.089036947304664,
        -3.089036947304664,
        -3.089036947304664,
        -3.1496062992125986,
        -3.1496062992125986,
        -3.1496062992125986,
        -3.1496062992125986
    ]
}