{
    "segment_index": 258,
    "A": 0.5971966164764946,
    "B1": 0.12626969705156724,
    "B2": 0.033357895418189475,
    "omega": [
        1.31401407718658,
        1.34931516647339,
        1.37402200698853,
        1.30972754955292,
        1.33163595199585,
        1.3827451467514,
        1.38118600845337,
        1.33081936836243,
        1.33350229263306,
        1.45894467830658,
        1.36482548713684,
        1.35072886943817,
        1.35281264781952,
        1.30589163303375,
        1.2872838973999,
        1.2952880859375,
        1.34339499473572,
        1.38986480236053,
        1.45236015319824,
        1.47682011127472,
        1.57806527614594,
        1.5026593208313,
        1.42102444171906,
        1.46765494346619
    ],
    "omega_next": [
        1.34931516647339,
        1.37402200698853,
        1.30972754955292,
        1.33163595199585,
        1.3827451467514,
        1.38118600845337,
        1.33081936836243,
        1.33350229263306,
        1.45894467830658,
        1.36482548713684,
        1.35072886943817,
        1.35281264781952,
        1.30589163303375,
        1.2872838973999,
        1.2952880859375,
        1.34339499473572,
        1.38986480236053,
        1.45236015319824,
        1.47682011127472,
        1.57806527614594,
        1.5026593208313,
        1.42102444171906,
        1.46765494346619,
        1.52364385128021
    ],
    "phiDotL": [
        5.269533615990309,
        5.3301029678982434,
        5.3301029678982434,
        5.390672319806178,
        5.390672319806178,
        5.451241671714113,
        5.451241671714113,
        5.511811023622047,
        5.511811023622047,
        5.572380375529982,
        5.572380375529982,
        5.632949727437917,
        5.693519079345851,
        5.693519079345851,
        5.754088431253785,
        5.754088431253785,
        5.81465778316172,
        5.81465778316172,
        5.875227135069655,
        5.875227135069655,
        5.93579648697759,
        5.93579648697759,
        5.996365838885524,
        5.996365838885524
    ],
    "phiDotR": [
        -4.058146577831618,
        -4.118715929739552,
        -4.118715929739552,
        -4.179285281647486,
        -4.179285281647486,
        -4.239854633555421,
        -4.239854633555421,
        -4.300423985463356,
        -4.300423985463356,
        -4.36099333737129,
        -4.36099333737129,
        -4.421562689279225,
        -4.48213204118716,
        -4.48213204118716,
        -4.542701393095094,
        -4.542701393095094,
        -4.603270745003028,
        -4.603270745003028,
        -4.663840096910963,
        -4.663840096910963,
        -4.724409448818898,
        -4.724409448818898,
        -4.784978800726832,
        -4.784978800726832
    ]
}