{
    "segment_index": 1465,
    "A": 0.8195007166076521,
    "B1": -0.02005532290450705,
    "B2": -0.034604822293351996,
    "omega": [
        -0.642777562141418,
        -0.647989690303802,
        -0.68902450799942,
        -0.850324094295502,
        -0.904385209083557,
        -0.997725367546082,
        -1.02149033546448,
        -1.01452589035034,
        -0.586667656898499,
        -0.586667656898499,
        -0.296828299760818,
        -0.34783524274826,
        -0.391780585050583,
        -0.45727476477623,
        -0.588185608386993,
        -0.66426408290863,
        -0.730727553367615,
        -0.793303310871124,
        -0.793303310871124,
        -0.80786395072937,
        -0.830305576324463,
        -0.830305576324463,
        -0.852592289447784,
        -0.846388399600983
    ],
    "omega_next": [
        -0.647989690303802,
        -0.68902450799942,
        -0.850324094295502,
        -0.904385209083557,
        -0.997725367546082,
        -1.02149033546448,
        -1.01452589035034,
        -0.586667656898499,
        -0.586667656898499,
        -0.296828299760818,
        -0.34783524274826,
        -0.391780585050583,
        -0.45727476477623,
        -0.588185608386993,
        -0.66426408290863,
        -0.730727553367615,
        -0.793303310871124,
        -0.793303310871124,
        -0.80786395072937,
        -0.830305576324463,
        -0.830305576324463,
        -0.852592289447784,
        -0.846388399600983,
        -0.838969945907593
    ],
    "phiDotL": [
        -0.4239854633555421,
        -0.4239854633555421,
        -0.4845548152634767,
        -0.5451241671714112,
        -0.5451241671714112,
        -0.6056935190793459,
        -0.6056935190793459,
        -0.6662628709872804,
        -0.6662628709872804,
        -0.726832222895215,
        -0.726832222895215,
        -0.7874015748031497,
        -0.7874015748031497,
        -0.8479709267110843,
        -0.8479709267110843,
        -0.9085402786190188,
        -0.9691096305269534,
        -0.9691096305269534,
        -1.029678982434888,
        -1.029678982434888,
        -1.0902483343428224,
        -1.0902483343428224,
        -1.150817686250757,
        -1.150817686250757
    ],
    "phiDotR": [
        4.058146577831618,
        4.058146577831618,
        4.118715929739552,
        4.179285281647486,
        4.179285281647486,
        4.239854633555421,
        4.239854633555421,
        4.300423985463356,
        4.300423985463356,
        4.36099333737129,
        4.36099333737129,
        4.421562689279225,
        4.421562689279225,
        4.48213204118716,
        4.48213204118716,
        4.542701393095094,
        4.603270745003028,
        4.603270745003028,
        4.663840096910963,
        4.663840096910963,
        4.724409448818898,
        4.724409448818898,
        4.784978800726832,
        4.784978800726832
    ]
}