{
    "segment_index": 2498,
    "A": -0.03641220252581699,
    "B1": 0.0,
    "B2": 0.0,
    "omega": [
        0.0008391722221858,
        9.6549054433126e-05,
        0.0023883981630206,
        0.0007410164107568,
        -0.0016355739207938,
        -0.0019626547582447,
        0.0003656561602838,
        0.0002720270131248,
        -0.0016179832164198,
        0.0010049056727439,
        -0.0001895041496027,
        0.001163731678389,
        0.0029457861091941,
        -0.0004765726043842,
        0.0022001720499247,
        -0.0013937293551862,
        0.0001143381523434,
        -0.0015721509698778,
        -0.0004256974789313,
        0.0003203061642125,
        0.0021757825743407,
        0.0015643036458641,
        -0.0024531534872949,
        0.0005410772864706
    ],
    "omega_next": [
        9.6549054433126e-05,
        0.0023883981630206,
        0.0007410164107568,
        -0.0016355739207938,
        -0.0019626547582447,
        0.0003656561602838,
        0.0002720270131248,
        -0.0016179832164198,
        0.0010049056727439,
        -0.0001895041496027,
        0.001163731678389,
        0.0029457861091941,
        -0.0004765726043842,
        0.0022001720499247,
        -0.0013937293551862,
        0.0001143381523434,
        -0.0015721509698778,
        -0.0004256974789313,
        0.0003203061642125,
        0.0021757825743407,
        0.0015643036458641,
        -0.0024531534872949,
        0.0005410772864706,
        0.0002439943200442
    ],
    "phiDotL": [
        0.0,
        0.0,
        0.0,
        0.0,
        0.0,
        0.0,
        0.0,
        0.0,
        0.0,
        0.0,
        0.0,
        0.0,
        0.0,
        0.0,
        0.0,
        0.0,
        0.0,
        0.0,
        0.0,
        0.0,
        0.0,
        0.0,
        0.0,
        0.0
    ],
    "phiDotR": [
        0.0,
        0.0,
        0.0,
        0.0,
        0.0,
        0.0,
        0.0,
        0.0,
        0.0,
        0.0,
        0.0,
        0.0,
        0.0,
        0.0,
        0.0,
        0.0,
        0.0,
        0.0,
        0.0,
        0.0,
        0.0,
        0.0,
        0.0,
        0.0
    ]
}