{
    "segment_index": 1872,
    "A": 0.7497230985489403,
    "B1": -0.021853332258037116,
    "B2": -0.33259043656538023,
    "omega": [
        0.186075493693352,
        0.115849241614342,
        0.0068590557202696,
        0.0333592146635056,
        0.0699344947934151,
        0.125548481941223,
        0.222414180636406,
        0.294729769229889,
        0.357350885868073,
        0.391081660985947,
        0.444658368825912,
        0.520052790641785,
        0.503526210784912,
        0.573285520076752,
        0.703247547149658,
        0.717474818229675,
        0.73812872171402,
        0.751759588718414,
        0.758408486843109,
        0.770523607730865,
        0.806161463260651,
        0.799543380737305,
        0.82097315788269,
        0.843060672283173
    ],
    "omega_next": [
        0.115849241614342,
        0.0068590557202696,
        0.0333592146635056,
        0.0699344947934151,
        0.125548481941223,
        0.222414180636406,
        0.294729769229889,
        0.357350885868073,
        0.391081660985947,
        0.444658368825912,
        0.520052790641785,
        0.503526210784912,
        0.573285520076752,
        0.703247547149658,
        0.717474818229675,
        0.73812872171402,
        0.751759588718414,
        0.758408486843109,
        0.770523607730865,
        0.806161463260651,
        0.799543380737305,
        0.82097315788269,
        0.843060672283173,
        0.827640652656555
    ],
    "phiDotL": [
        3.997577225923683,
        3.997577225923683,
        4.058146577831618,
        4.058146577831618,
        4.118715929739552,
        4.179285281647486,
        4.179285281647486,
        4.239854633555421,
        4.239854633555421,
        4.300423985463356,
        4.300423985463356,
        4.36099333737129,
        4.36099333737129,
        4.421562689279225,
        4.421562689279225,
        4.48213204118716,
        4.48213204118716,
        4.542701393095094,
        4.603270745003028,
        4.603270745003028,
        4.663840096910963,
        4.663840096910963,
        4.724409448818898,
        4.724409448818898
    ],
    "phiDotR": [
        -0.3634161114476075,
        -0.3634161114476075,
        -0.4239854633555421,
        -0.4239854633555421,
        -0.4845548152634767,
        -0.5451241671714112,
        -0.5451241671714112,
        -0.6056935190793459,
        -0.6056935190793459,
        -0.6662628709872804,
        -0.6662628709872804,
        -0.726832222895215,
        -0.726832222895215,
        -0.7874015748031497,
        -0.7874015748031497,
        -0.8479709267110843,
        -0.8479709267110843,
        -0.9085402786190188,
        -0.9691096305269534,
        -0.9691096305269534,
        -1.029678982434888,
        -1.029678982434888,
        -1.0902483343428224,
        -1.0902483343428224
    ]
}