{
    "segment_index": 1283,
    "A": 0.4154996164288709,
    "B1": 0.0,
    "B2": 0.0,
    "omega": [
        -0.0024102516472339,
        -0.0031119252089411,
        -0.005500525701791,
        -0.002267112955451,
        0.000506906537339,
        -0.0002717532624956,
        0.0007249480113387,
        0.0041936747729778,
        -7.97091997810639e-05,
        -0.0007391069084405,
        0.001239335979335,
        0.0051983105950057,
        0.000704058620613,
        0.0011971628991887,
        0.0043312483467161,
        0.0002162428281735,
        -0.0033345690462738,
        0.0011269457172602,
        -0.000316874589771,
        -0.0005727408570237,
        0.0013517987681552,
        0.0002333544398425,
        -0.0041713728569448,
        -0.0039229430258274
    ],
    "omega_next": [
        -0.0031119252089411,
        -0.005500525701791,
        -0.002267112955451,
        0.000506906537339,
        -0.0002717532624956,
        0.0007249480113387,
        0.0041936747729778,
        -7.97091997810639e-05,
        -0.0007391069084405,
        0.001239335979335,
        0.0051983105950057,
        0.000704058620613,
        0.0011971628991887,
        0.0043312483467161,
        0.0002162428281735,
        -0.0033345690462738,
        0.0011269457172602,
        -0.000316874589771,
        -0.0005727408570237,
        0.0013517987681552,
        0.0002333544398425,
        -0.0041713728569448,
        -0.0039229430258274,
        -0.0011351808207109
    ],
    "phiDotL": [
        0.0,
        0.0,
        0.0,
        0.0,
        0.0,
        0.0,
        0.0,
        0.0,
        0.0,
        0.0,
        0.0,
        0.0,
        0.0,
        0.0,
        0.0,
        0.0,
        0.0,
        0.0,
        0.0,
        0.0,
        0.0,
        0.0,
        0.0,
        0.0
    ],
    "phiDotR": [
        0.0,
        0.0,
        0.0,
        0.0,
        0.0,
        0.0,
        0.0,
        0.0,
        0.0,
        0.0,
        0.0,
        0.0,
        0.0,
        0.0,
        0.0,
        0.0,
        0.0,
        0.0,
        0.0,
        0.0,
        0.0,
        0.0,
        0.0,
        0.0
    ]
}