{
    "segment_index": 3090,
    "A": -0.593197659775991,
    "B1": 0.25454279699470156,
    "B2": -0.10099347913080324,
    "omega": [
        1.07641494274139,
        1.08409667015076,
        1.11507797241211,
        1.15490901470184,
        1.12647199630737,
        1.17645621299744,
        1.14381408691406,
        1.09404861927032,
        1.11116552352905,
        1.13850879669189,
        1.11446845531464,
        1.12592542171478,
        1.10189151763916,
        1.11680161952972,
        1.12198865413666,
        1.15547752380371,
        1.18153023719788,
        1.26311182975769,
        0.971521317958832,
        0.301357597112656,
        -0.086332879960537,
        -0.0217664577066898,
        -0.0100830039009452,
        -0.0017037788638845
    ],
    "omega_next": [
        1.08409667015076,
        1.11507797241211,
        1.15490901470184,
        1.12647199630737,
        1.17645621299744,
        1.14381408691406,
        1.09404861927032,
        1.11116552352905,
        1.13850879669189,
        1.11446845531464,
        1.12592542171478,
        1.10189151763916,
        1.11680161952972,
        1.12198865413666,
        1.15547752380371,
        1.18153023719788,
        1.26311182975769,
        0.971521317958832,
        0.301357597112656,
        -0.086332879960537,
        -0.0217664577066898,
        -0.0100830039009452,
        -0.0017037788638845,
        -0.0018270229920744
    ],
    "phiDotL": [
        6.0569351907934585,
        6.0569351907934585,
        6.0569351907934585,
        6.0569351907934585,
        6.0569351907934585,
        6.0569351907934585,
        6.0569351907934585,
        6.0569351907934585,
        6.0569351907934585,
        6.0569351907934585,
        5.996365838885524,
        6.0569351907934585,
        6.0569351907934585,
        6.0569351907934585,
        6.0569351907934585,
        6.0569351907934585,
        6.0569351907934585,
        5.087825560266505,
        2.5439127801332524,
        0.6056935190793459,
        0.0,
        0.0,
        0.0,
        0.0
    ],
    "phiDotR": [
        -2.483343428225318,
        -2.5439127801332524,
        -2.5439127801332524,
        -2.5439127801332524,
        -2.5439127801332524,
        -2.6044821320411877,
        -2.6044821320411877,
        -2.6044821320411877,
        -2.6044821320411877,
        -2.6044821320411877,
        -2.6650514839491217,
        -2.6650514839491217,
        -2.6650514839491217,
        -2.6650514839491217,
        -2.6650514839491217,
        -2.7256208358570566,
        -2.7256208358570566,
        -3.8764385221078137,
        -2.5439127801332524,
        -0.6056935190793459,
        0.0,
        0.0,
        0.0,
        0.0
    ]
}