{
    "segment_index": 2386,
    "A": -0.09234165011443622,
    "B1": 0.006968552608425658,
    "B2": 0.006458658515125747,
    "omega": [
        -0.0102582117542624,
        -0.0433589108288288,
        -0.0370139516890049,
        -0.0368349887430668,
        -0.0354764796793461,
        -0.0143220443278551,
        -0.0371961444616318,
        -0.0371961444616318,
        -0.0453779622912407,
        -0.0182351395487785,
        -0.0361234359443188,
        -0.0241119563579559,
        -0.0241119563579559,
        -0.023468978703022,
        -0.0362363643944263,
        -0.0257260426878929,
        -0.0257260426878929,
        -0.0166840627789497,
        -0.0166840627789497,
        -0.0307617597281933,
        -0.0176327228546143,
        -0.0301837585866451,
        -0.0301837585866451,
        -0.0375657640397549
    ],
    "omega_next": [
        -0.0433589108288288,
        -0.0370139516890049,
        -0.0368349887430668,
        -0.0354764796793461,
        -0.0143220443278551,
        -0.0371961444616318,
        -0.0371961444616318,
        -0.0453779622912407,
        -0.0182351395487785,
        -0.0361234359443188,
        -0.0241119563579559,
        -0.0241119563579559,
        -0.023468978703022,
        -0.0362363643944263,
        -0.0257260426878929,
        -0.0257260426878929,
        -0.0166840627789497,
        -0.0166840627789497,
        -0.0307617597281933,
        -0.0176327228546143,
        -0.0301837585866451,
        -0.0301837585866451,
        -0.0375657640397549,
        -0.0281272381544113
    ],
    "phiDotL": [
        -2.483343428225318,
        -2.483343428225318,
        -2.483343428225318,
        -2.483343428225318,
        -2.483343428225318,
        -2.483343428225318,
        -2.483343428225318,
        -2.483343428225318,
        -2.483343428225318,
        -2.483343428225318,
        -2.483343428225318,
        -2.483343428225318,
        -2.483343428225318,
        -2.483343428225318,
        -2.483343428225318,
        -2.483343428225318,
        -2.483343428225318,
        -2.483343428225318,
        -2.483343428225318,
        -2.483343428225318,
        -2.483343428225318,
        -2.483343428225318,
        -2.483343428225318,
        -2.483343428225318
    ],
    "phiDotR": [
        -2.301635372501514,
        -2.301635372501514,
        -2.301635372501514,
        -2.301635372501514,
        -2.301635372501514,
        -2.301635372501514,
        -2.301635372501514,
        -2.301635372501514,
        -2.301635372501514,
        -2.301635372501514,
        -2.301635372501514,
        -2.301635372501514,
        -2.301635372501514,
        -2.301635372501514,
        -2.301635372501514,
        -2.301635372501514,
        -2.301635372501514,
        -2.301635372501514,
        -2.301635372501514,
        -2.301635372501514,
        -2.301635372501514,
        -2.301635372501514,
        -2.301635372501514,
        -2.301635372501514
    ]
}