{
    "segment_index": 1747,
    "A": -0.26683972105128584,
    "B1": 0.0,
    "B2": 0.0,
    "omega": [
        0.0039483499713242,
        -8.07706746854819e-05,
        -0.0014958158135414,
        -0.0013382195029407,
        -0.0025468620005995,
        0.0017622595187276,
        0.0005240412428975,
        -0.0042162598110735,
        0.0006914670811966,
        0.0003611631109379,
        -0.000685455976054,
        -0.0004435256123542,
        0.0017626343760639,
        -0.0013659709366038,
        0.0011217314749956,
        -9.45520441746339e-05,
        -0.0035351221449673,
        0.0033690463751554,
        -0.0002744782541412,
        0.0043521970510482,
        -0.0002745873644016,
        0.0016765961190685,
        -0.0015558503801003,
        0.0004068301059305
    ],
    "omega_next": [
        -8.07706746854819e-05,
        -0.0014958158135414,
        -0.0013382195029407,
        -0.0025468620005995,
        0.0017622595187276,
        0.0005240412428975,
        -0.0042162598110735,
        0.0006914670811966,
        0.0003611631109379,
        -0.000685455976054,
        -0.0004435256123542,
        0.0017626343760639,
        -0.0013659709366038,
        0.0011217314749956,
        -9.45520441746339e-05,
        -0.0035351221449673,
        0.0033690463751554,
        -0.0002744782541412,
        0.0043521970510482,
        -0.0002745873644016,
        0.0016765961190685,
        -0.0015558503801003,
        0.0004068301059305,
        -0.0022741376888006
    ],
    "phiDotL": [
        0.0,
        0.0,
        0.0,
        0.0,
        0.0,
        0.0,
        0.0,
        0.0,
        0.0,
        0.0,
        0.0,
        0.0,
        0.0,
        0.0,
        0.0,
        0.0,
        0.0,
        0.0,
        0.0,
        0.0,
        0.0,
        0.0,
        0.0,
        0.0
    ],
    "phiDotR": [
        0.0,
        0.0,
        0.0,
        0.0,
        0.0,
        0.0,
        0.0,
        0.0,
        0.0,
        0.0,
        0.0,
        0.0,
        0.0,
        0.0,
        0.0,
        0.0,
        0.0,
        0.0,
        0.0,
        0.0,
        0.0,
        0.0,
        0.0,
        0.0
    ]
}