{
    "segment_index": 590,
    "A": 0.7053062083958189,
    "B1": 0.08815655419543726,
    "B2": -0.003249862252420335,
    "omega": [
        -1.34815764427185,
        -1.35893476009369,
        -1.33483147621155,
        -1.36436438560486,
        -1.35640335083008,
        -1.34506714344025,
        -1.45919942855835,
        -1.48977291584015,
        -1.50627255439758,
        -1.4589695930481,
        -1.40123724937439,
        -1.44743072986603,
        -1.50960338115692,
        -1.54820764064789,
        -1.57772064208984,
        -1.58836150169373,
        -1.58210122585297,
        -1.55344450473785,
        -1.50573468208313,
        -1.4765305519104,
        -1.48363029956818,
        -1.45389223098755,
        -1.43095266819,
        -1.45393443107605
    ],
    "omega_next": [
        -1.35893476009369,
        -1.33483147621155,
        -1.36436438560486,
        -1.35640335083008,
        -1.34506714344025,
        -1.45919942855835,
        -1.48977291584015,
        -1.50627255439758,
        -1.4589695930481,
        -1.40123724937439,
        -1.44743072986603,
        -1.50960338115692,
        -1.54820764064789,
        -1.57772064208984,
        -1.58836150169373,
        -1.58210122585297,
        -1.55344450473785,
        -1.50573468208313,
        -1.4765305519104,
        -1.48363029956818,
        -1.45389223098755,
        -1.43095266819,
        -1.45393443107605,
        -1.48234665393829
    ],
    "phiDotL": [
        -4.421562689279225,
        -4.48213204118716,
        -4.48213204118716,
        -4.542701393095094,
        -4.542701393095094,
        -4.603270745003028,
        -4.603270745003028,
        -4.663840096910963,
        -4.663840096910963,
        -4.724409448818898,
        -4.724409448818898,
        -4.784978800726832,
        -4.784978800726832,
        -4.845548152634767,
        -4.845548152634767,
        -4.845548152634767,
        -4.845548152634767,
        -4.845548152634767,
        -4.845548152634767,
        -4.845548152634767,
        -4.845548152634767,
        -4.845548152634767,
        -4.845548152634767,
        -4.906117504542702
    ],
    "phiDotR": [
        5.632949727437917,
        5.693519079345851,
        5.693519079345851,
        5.754088431253785,
        5.754088431253785,
        5.81465778316172,
        5.81465778316172,
        5.875227135069655,
        5.875227135069655,
        5.93579648697759,
        5.93579648697759,
        5.996365838885524,
        5.996365838885524,
        6.0569351907934585,
        6.0569351907934585,
        6.0569351907934585,
        6.0569351907934585,
        6.0569351907934585,
        6.0569351907934585,
        6.0569351907934585,
        6.0569351907934585,
        6.0569351907934585,
        6.0569351907934585,
        6.0569351907934585
    ]
}