{
    "segment_index": 87,
    "A": -0.12957043820302322,
    "B1": 0.0,
    "B2": 0.0,
    "omega": [
        0.0030094480607658,
        -0.0006780268158763,
        0.0013196666259318,
        0.0014097198145464,
        -0.0001111280289478,
        0.0004102352831978,
        -0.0037667318247258,
        0.0031213317997753,
        -0.0010335175320506,
        0.0043136021122336,
        0.002548681339249,
        -0.0022559165954589,
        0.0002251830737804,
        0.0013433038257062,
        0.0019892985001206,
        0.000649397727102,
        0.0001148027949966,
        -0.0004382606421131,
        -0.0023440951481461,
        0.0016706875758245,
        -0.0005120083806104,
        -0.0010440076002851,
        -0.0019871501717716,
        -0.0028273146599531
    ],
    "omega_next": [
        -0.0006780268158763,
        0.0013196666259318,
        0.0014097198145464,
        -0.0001111280289478,
        0.0004102352831978,
        -0.0037667318247258,
        0.0031213317997753,
        -0.0010335175320506,
        0.0043136021122336,
        0.002548681339249,
        -0.0022559165954589,
        0.0002251830737804,
        0.0013433038257062,
        0.0019892985001206,
        0.000649397727102,
        0.0001148027949966,
        -0.0004382606421131,
        -0.0023440951481461,
        0.0016706875758245,
        -0.0005120083806104,
        -0.0010440076002851,
        -0.0019871501717716,
        -0.0028273146599531,
        0.0013326732441783
    ],
    "phiDotL": [
        0.0,
        0.0,
        0.0,
        0.0,
        0.0,
        0.0,
        0.0,
        0.0,
        0.0,
        0.0,
        0.0,
        0.0,
        0.0,
        0.0,
        0.0,
        0.0,
        0.0,
        0.0,
        0.0,
        0.0,
        0.0,
        0.0,
        0.0,
        0.0
    ],
    "phiDotR": [
        0.0,
        0.0,
        0.0,
        0.0,
        0.0,
        0.0,
        0.0,
        0.0,
        0.0,
        0.0,
        0.0,
        0.0,
        0.0,
        0.0,
        0.0,
        0.0,
        0.0,
        0.0,
        0.0,
        0.0,
        0.0,
        0.0,
        0.0,
        0.0
    ]
}