{
    "segment_index": 582,
    "A": 0.5992134132093013,
    "B1": 0.2529849671968145,
    "B2": 0.09915365768783484,
    "omega": [
        -1.28257548809052,
        -1.31803512573242,
        -1.32038819789886,
        -1.35434484481812,
        -1.31383204460144,
        -1.32114350795746,
        -1.39303719997406,
        -1.39215445518494,
        -1.34815764427185,
        -1.35893476009369,
        -1.33483147621155,
        -1.36436438560486,
        -1.35640335083008,
        -1.34506714344025,
        -1.45919942855835,
        -1.48977291584015,
        -1.50627255439758,
        -1.4589695930481,
        -1.40123724937439,
        -1.44743072986603,
        -1.50960338115692,
        -1.54820764064789,
        -1.57772064208984,
        -1.58836150169373
    ],
    "omega_next": [
        -1.31803512573242,
        -1.32038819789886,
        -1.35434484481812,
        -1.31383204460144,
        -1.32114350795746,
        -1.39303719997406,
        -1.39215445518494,
        -1.34815764427185,
        -1.35893476009369,
        -1.33483147621155,
        -1.36436438560486,
        -1.35640335083008,
        -1.34506714344025,
        -1.45919942855835,
        -1.48977291584015,
        -1.50627255439758,
        -1.4589695930481,
        -1.40123724937439,
        -1.44743072986603,
        -1.50960338115692,
        -1.54820764064789,
        -1.57772064208984,
        -1.58836150169373,
        -1.58210122585297
    ],
    "phiDotL": [
        -4.179285281647486,
        -4.179285281647486,
        -4.239854633555421,
        -4.239854633555421,
        -4.300423985463356,
        -4.300423985463356,
        -4.36099333737129,
        -4.36099333737129,
        -4.421562689279225,
        -4.48213204118716,
        -4.48213204118716,
        -4.542701393095094,
        -4.542701393095094,
        -4.603270745003028,
        -4.603270745003028,
        -4.663840096910963,
        -4.663840096910963,
        -4.724409448818898,
        -4.724409448818898,
        -4.784978800726832,
        -4.784978800726832,
        -4.845548152634767,
        -4.845548152634767,
        -4.845548152634767
    ],
    "phiDotR": [
        5.390672319806178,
        5.390672319806178,
        5.451241671714113,
        5.451241671714113,
        5.511811023622047,
        5.511811023622047,
        5.572380375529982,
        5.572380375529982,
        5.632949727437917,
        5.693519079345851,
        5.693519079345851,
        5.754088431253785,
        5.754088431253785,
        5.81465778316172,
        5.81465778316172,
        5.875227135069655,
        5.875227135069655,
        5.93579648697759,
        5.93579648697759,
        5.996365838885524,
        5.996365838885524,
        6.0569351907934585,
        6.0569351907934585,
        6.0569351907934585
    ]
}