{
    "segment_index": 1845,
    "A": 1.0489336896411765,
    "B1": -0.014218674480944559,
    "B2": 0.11081039068710052,
    "omega": [
        0.522351026535034,
        0.471788614988327,
        0.494111388921738,
        0.512995362281799,
        0.450899928808212,
        0.451250642538071,
        0.526174247264862,
        0.532065868377686,
        0.562998175621033,
        0.611436247825623,
        0.644509494304657,
        0.682492315769196,
        0.671923816204071,
        0.700538277626038,
        0.700538277626038,
        0.686713576316833,
        0.725035071372986,
        0.789378583431244,
        0.746227264404297,
        0.775168538093567,
        0.743298709392548,
        0.541785001754761,
        0.412976741790771,
        0.332886040210724
    ],
    "omega_next": [
        0.471788614988327,
        0.494111388921738,
        0.512995362281799,
        0.450899928808212,
        0.451250642538071,
        0.526174247264862,
        0.532065868377686,
        0.562998175621033,
        0.611436247825623,
        0.644509494304657,
        0.682492315769196,
        0.671923816204071,
        0.700538277626038,
        0.700538277626038,
        0.686713576316833,
        0.725035071372986,
        0.789378583431244,
        0.746227264404297,
        0.775168538093567,
        0.743298709392548,
        0.541785001754761,
        0.412976741790771,
        0.332886040210724,
        0.312614023685455
    ],
    "phiDotL": [
        3.089036947304664,
        3.1496062992125986,
        3.210175651120533,
        3.210175651120533,
        3.270745003028468,
        3.270745003028468,
        3.3313143549364024,
        3.3313143549364024,
        3.3918837068443373,
        3.3918837068443373,
        3.3918837068443373,
        3.3918837068443373,
        3.4524530587522717,
        3.4524530587522717,
        3.5735917625681406,
        3.5735917625681406,
        3.634161114476075,
        3.6947304663840095,
        3.6947304663840095,
        3.755299818291944,
        3.755299818291944,
        3.815869170199879,
        3.815869170199879,
        3.8764385221078137
    ],
    "phiDotR": [
        0.4845548152634767,
        0.4239854633555421,
        0.3634161114476075,
        0.3634161114476075,
        0.3028467595396729,
        0.3028467595396729,
        0.2422774076317383,
        0.2422774076317383,
        0.1817080557238037,
        0.1817080557238037,
        0.1211387038158691,
        0.1211387038158691,
        0.0605693519079345,
        0.0605693519079345,
        0.0,
        0.0,
        0.0,
        -0.0605693519079345,
        -0.0605693519079345,
        -0.1211387038158691,
        -0.1211387038158691,
        -0.1817080557238037,
        -0.1817080557238037,
        -0.2422774076317383
    ]
}