{
    "segment_index": 93,
    "A": -1.3435868545345178,
    "B1": 0.032886018672191424,
    "B2": 0.02391710448887054,
    "omega": [
        -0.0037667318247258,
        0.0031213317997753,
        -0.0010335175320506,
        0.0043136021122336,
        0.002548681339249,
        -0.0022559165954589,
        0.0002251830737804,
        0.0013433038257062,
        0.0019892985001206,
        0.000649397727102,
        0.0001148027949966,
        -0.0004382606421131,
        -0.0023440951481461,
        0.0016706875758245,
        -0.0005120083806104,
        -0.0010440076002851,
        -0.0019871501717716,
        -0.0028273146599531,
        0.0013326732441783,
        0.0028694469947367,
        0.0021478608250618,
        0.0002881761174649,
        0.0085459528490901,
        0.0018541406607255
    ],
    "omega_next": [
        0.0031213317997753,
        -0.0010335175320506,
        0.0043136021122336,
        0.002548681339249,
        -0.0022559165954589,
        0.0002251830737804,
        0.0013433038257062,
        0.0019892985001206,
        0.000649397727102,
        0.0001148027949966,
        -0.0004382606421131,
        -0.0023440951481461,
        0.0016706875758245,
        -0.0005120083806104,
        -0.0010440076002851,
        -0.0019871501717716,
        -0.0028273146599531,
        0.0013326732441783,
        0.0028694469947367,
        0.0021478608250618,
        0.0002881761174649,
        0.0085459528490901,
        0.0018541406607255,
        0.0511721931397915
    ],
    "phiDotL": [
        0.0,
        0.0,
        0.0,
        0.0,
        0.0,
        0.0,
        0.0,
        0.0,
        0.0,
        0.0,
        0.0,
        0.0,
        0.0,
        0.0,
        0.0,
        0.0,
        0.0,
        0.0,
        0.0,
        0.0,
        0.0,
        0.0,
        0.6662628709872804,
        0.6662628709872804
    ],
    "phiDotR": [
        0.0,
        0.0,
        0.0,
        0.0,
        0.0,
        0.0,
        0.0,
        0.0,
        0.0,
        0.0,
        0.0,
        0.0,
        0.0,
        0.0,
        0.0,
        0.0,
        0.0,
        0.0,
        0.0,
        0.0,
        0.0,
        0.0,
        0.4845548152634767,
        0.4845548152634767
    ]
}