{
    "segment_index": 2926,
    "A": 0.16056349653478355,
    "B1": 0.10560985176607632,
    "B2": -0.12103417429062822,
    "omega": [
        0.103576675057411,
        0.157414957880974,
        0.182710111141205,
        0.102781102061272,
        0.146484956145287,
        0.135300323367119,
        0.209507018327713,
        0.1828423589468,
        0.183357909321785,
        0.190939545631409,
        0.185671731829643,
        0.224908113479614,
        0.207653760910034,
        0.150857955217361,
        0.1961620002985,
        0.235102325677872,
        0.192986622452736,
        0.263716638088226,
        0.222894951701164,
        0.292882055044174,
        0.273428440093994,
        0.28174501657486,
        0.354290395975113,
        0.380290329456329
    ],
    "omega_next": [
        0.157414957880974,
        0.182710111141205,
        0.102781102061272,
        0.146484956145287,
        0.135300323367119,
        0.209507018327713,
        0.1828423589468,
        0.183357909321785,
        0.190939545631409,
        0.185671731829643,
        0.224908113479614,
        0.207653760910034,
        0.150857955217361,
        0.1961620002985,
        0.235102325677872,
        0.192986622452736,
        0.263716638088226,
        0.222894951701164,
        0.292882055044174,
        0.273428440093994,
        0.28174501657486,
        0.354290395975113,
        0.380290329456329,
        0.329280287027359
    ],
    "phiDotL": [
        3.0284675953967293,
        3.0284675953967293,
        3.089036947304664,
        3.089036947304664,
        3.1496062992125986,
        3.1496062992125986,
        3.210175651120533,
        3.210175651120533,
        3.270745003028468,
        3.270745003028468,
        3.3313143549364024,
        3.3918837068443373,
        3.3918837068443373,
        3.3918837068443373,
        3.3918837068443373,
        3.4524530587522717,
        3.4524530587522717,
        3.5735917625681406,
        3.5735917625681406,
        3.634161114476075,
        3.634161114476075,
        3.6947304663840095,
        3.6947304663840095,
        3.755299818291944
    ],
    "phiDotR": [
        1.6959418534221686,
        1.6959418534221686,
        1.6959418534221686,
        1.6959418534221686,
        1.635372501514234,
        1.635372501514234,
        1.5748031496062993,
        1.5748031496062993,
        1.5142337976983646,
        1.5142337976983646,
        1.45366444579043,
        1.3930950938824955,
        1.3930950938824955,
        1.3325257419745609,
        1.3325257419745609,
        1.2719563900666262,
        1.2719563900666262,
        1.2113870381586918,
        1.2113870381586918,
        1.150817686250757,
        1.150817686250757,
        1.0902483343428224,
        1.0902483343428224,
        1.029678982434888
    ]
}