{
    "segment_index": 2802,
    "A": 0.385975316510971,
    "B1": 0.0767311253997446,
    "B2": -0.08613626119871733,
    "omega": [
        -1.08014178276062,
        -1.03494358062744,
        -1.15372014045715,
        -1.16596531867981,
        -1.17685103416443,
        -1.15829908847809,
        -1.14347219467163,
        -1.09309768676758,
        -1.09309768676758,
        -1.13946807384491,
        -1.23408949375153,
        -1.24393570423126,
        -1.11273074150085,
        -1.12681198120117,
        -1.11780428886414,
        -1.11780428886414,
        -1.11936211585999,
        -1.18909573554993,
        -1.18909573554993,
        -1.16719770431519,
        -1.19754481315613,
        -1.19768011569977,
        -1.16272866725922,
        -1.15758335590363
    ],
    "omega_next": [
        -1.03494358062744,
        -1.15372014045715,
        -1.16596531867981,
        -1.17685103416443,
        -1.15829908847809,
        -1.14347219467163,
        -1.09309768676758,
        -1.09309768676758,
        -1.13946807384491,
        -1.23408949375153,
        -1.24393570423126,
        -1.11273074150085,
        -1.12681198120117,
        -1.11780428886414,
        -1.11780428886414,
        -1.11936211585999,
        -1.18909573554993,
        -1.18909573554993,
        -1.16719770431519,
        -1.19754481315613,
        -1.19768011569977,
        -1.16272866725922,
        -1.15758335590363,
        -1.17683207988739
    ],
    "phiDotL": [
        -2.301635372501514,
        -2.301635372501514,
        -2.301635372501514,
        -2.362204724409449,
        -2.362204724409449,
        -2.362204724409449,
        -2.362204724409449,
        -2.4227740763173835,
        -2.4227740763173835,
        -2.4227740763173835,
        -2.4227740763173835,
        -2.483343428225318,
        -2.483343428225318,
        -2.483343428225318,
        -2.483343428225318,
        -2.483343428225318,
        -2.5439127801332524,
        -2.5439127801332524,
        -2.5439127801332524,
        -2.5439127801332524,
        -2.6044821320411877,
        -2.6044821320411877,
        -2.6044821320411877,
        -2.6044821320411877
    ],
    "phiDotR": [
        6.0569351907934585,
        6.0569351907934585,
        6.0569351907934585,
        5.996365838885524,
        6.0569351907934585,
        5.996365838885524,
        6.0569351907934585,
        6.0569351907934585,
        6.0569351907934585,
        6.0569351907934585,
        6.0569351907934585,
        6.0569351907934585,
        6.0569351907934585,
        5.996365838885524,
        6.0569351907934585,
        5.996365838885524,
        5.996365838885524,
        6.0569351907934585,
        6.0569351907934585,
        6.0569351907934585,
        6.0569351907934585,
        6.0569351907934585,
        6.0569351907934585,
        6.0569351907934585
    ]
}