{
    "segment_index": 548,
    "A": 0.8182492820080929,
    "B1": 0.6347054760041793,
    "B2": 0.42160378977942986,
    "omega": [
        -1.13687658309937,
        -1.08176600933075,
        -1.09920811653137,
        -1.05125987529755,
        -0.975699365139008,
        -0.805779039859772,
        -0.916083931922913,
        -0.926066875457764,
        -1.01158559322357,
        -1.07179772853851,
        -1.05231714248657,
        -1.08346915245056,
        -1.10665726661682,
        -1.11001253128052,
        -1.07537281513214,
        -1.13004958629608,
        -1.11657762527466,
        -1.11440300941467,
        -1.20427596569061,
        -1.16512620449066,
        -1.16729438304901,
        -1.21982848644257,
        -1.33661448955536,
        -1.39007389545441
    ],
    "omega_next": [
        -1.08176600933075,
        -1.09920811653137,
        -1.05125987529755,
        -0.975699365139008,
        -0.805779039859772,
        -0.916083931922913,
        -0.926066875457764,
        -1.01158559322357,
        -1.07179772853851,
        -1.05231714248657,
        -1.08346915245056,
        -1.10665726661682,
        -1.11001253128052,
        -1.07537281513214,
        -1.13004958629608,
        -1.11657762527466,
        -1.11440300941467,
        -1.20427596569061,
        -1.16512620449066,
        -1.16729438304901,
        -1.21982848644257,
        -1.33661448955536,
        -1.39007389545441,
        -1.53988921642303
    ],
    "phiDotL": [
        -3.089036947304664,
        -3.089036947304664,
        -3.1496062992125986,
        -3.1496062992125986,
        -3.210175651120533,
        -3.210175651120533,
        -3.270745003028468,
        -3.270745003028468,
        -3.3313143549364024,
        -3.3313143549364024,
        -3.3918837068443373,
        -3.3918837068443373,
        -3.3918837068443373,
        -3.3918837068443373,
        -3.4524530587522717,
        -3.5735917625681406,
        -3.5735917625681406,
        -3.634161114476075,
        -3.634161114476075,
        -3.6947304663840095,
        -3.6947304663840095,
        -3.755299818291944,
        -3.755299818291944,
        -3.815869170199879
    ],
    "phiDotR": [
        4.300423985463356,
        4.300423985463356,
        4.36099333737129,
        4.36099333737129,
        4.421562689279225,
        4.421562689279225,
        4.48213204118716,
        4.48213204118716,
        4.542701393095094,
        4.542701393095094,
        4.603270745003028,
        4.603270745003028,
        4.663840096910963,
        4.663840096910963,
        4.724409448818898,
        4.784978800726832,
        4.784978800726832,
        4.845548152634767,
        4.845548152634767,
        4.906117504542702,
        4.906117504542702,
        4.966686856450636,
        4.966686856450636,
        5.027256208358571
    ]
}