{
    "segment_index": 2189,
    "A": 0.9778483548437339,
    "B1": -0.30138724288631336,
    "B2": -0.10484200256538018,
    "omega": [
        -0.539791882038116,
        -0.647894561290741,
        -0.69410103559494,
        -0.655787289142609,
        -0.678897857666016,
        -0.743561506271362,
        -0.781079471111298,
        -0.821251630783081,
        -0.808743059635162,
        -0.805836617946625,
        -0.835389196872711,
        -0.808870077133179,
        -0.88164085149765,
        -1.09449422359467,
        -1.30018198490143,
        -1.44046318531036,
        -1.5221174955368,
        -1.64050841331482,
        -1.7011137008667,
        -1.39946341514587,
        -1.11076283454895,
        -0.806733071804047,
        -0.784418046474457,
        -0.792888462543488
    ],
    "omega_next": [
        -0.647894561290741,
        -0.69410103559494,
        -0.655787289142609,
        -0.678897857666016,
        -0.743561506271362,
        -0.781079471111298,
        -0.821251630783081,
        -0.808743059635162,
        -0.805836617946625,
        -0.835389196872711,
        -0.808870077133179,
        -0.88164085149765,
        -1.09449422359467,
        -1.30018198490143,
        -1.44046318531036,
        -1.5221174955368,
        -1.64050841331482,
        -1.7011137008667,
        -1.39946341514587,
        -1.11076283454895,
        -0.806733071804047,
        -0.784418046474457,
        -0.792888462543488,
        -0.70508861541748
    ],
    "phiDotL": [
        -1.45366444579043,
        -1.45366444579043,
        -1.5142337976983646,
        -1.5142337976983646,
        -1.5748031496062993,
        -1.5748031496062993,
        -1.635372501514234,
        -1.635372501514234,
        -1.6959418534221686,
        -1.6959418534221686,
        -1.6959418534221686,
        -1.6959418534221686,
        -1.8170805572380373,
        -1.877649909145972,
        -1.877649909145972,
        -1.9382192610539069,
        -1.9382192610539069,
        -1.9987886129618413,
        -1.9987886129618413,
        -2.059357964869776,
        -2.059357964869776,
        -2.1199273167777104,
        -2.1199273167777104,
        -2.180496668685645
    ],
    "phiDotR": [
        5.087825560266505,
        5.087825560266505,
        5.14839491217444,
        5.14839491217444,
        5.208964264082375,
        5.208964264082375,
        5.269533615990309,
        5.269533615990309,
        5.3301029678982434,
        5.3301029678982434,
        5.390672319806178,
        5.390672319806178,
        5.451241671714113,
        5.511811023622047,
        5.511811023622047,
        5.572380375529982,
        5.572380375529982,
        5.632949727437917,
        5.632949727437917,
        5.693519079345851,
        5.693519079345851,
        5.754088431253785,
        5.754088431253785,
        5.81465778316172
    ]
}