{
    "segment_index": 120,
    "A": 0.409074421426705,
    "B1": 0.0702235467919351,
    "B2": -0.003363201129379592,
    "omega": [
        0.049014400690794,
        0.0898672491312027,
        0.0817743912339211,
        0.116746462881565,
        0.0681038275361061,
        0.073310375213623,
        0.132738992571831,
        0.139711886644363,
        0.145593836903572,
        0.132947251200676,
        0.137539565563202,
        0.147118330001831,
        0.140841141343117,
        0.096074715256691,
        0.126653984189034,
        0.123841688036919,
        0.125745475292206,
        0.109478853642941,
        0.138752177357674,
        0.18235270678997,
        0.196762472391129,
        0.175351113080978,
        0.187385722994804,
        0.19764356315136
    ],
    "omega_next": [
        0.0898672491312027,
        0.0817743912339211,
        0.116746462881565,
        0.0681038275361061,
        0.073310375213623,
        0.132738992571831,
        0.139711886644363,
        0.145593836903572,
        0.132947251200676,
        0.137539565563202,
        0.147118330001831,
        0.140841141343117,
        0.096074715256691,
        0.126653984189034,
        0.123841688036919,
        0.125745475292206,
        0.109478853642941,
        0.138752177357674,
        0.18235270678997,
        0.196762472391129,
        0.175351113080978,
        0.187385722994804,
        0.19764356315136,
        0.187809020280838
    ],
    "phiDotL": [
        0.7874015748031497,
        0.8479709267110843,
        0.8479709267110843,
        0.9085402786190188,
        0.9085402786190188,
        0.9691096305269534,
        0.9691096305269534,
        1.029678982434888,
        1.0902483343428224,
        1.0902483343428224,
        1.150817686250757,
        1.150817686250757,
        1.2113870381586918,
        1.2113870381586918,
        1.2719563900666262,
        1.2719563900666262,
        1.3325257419745609,
        1.3325257419745609,
        1.3930950938824955,
        1.3930950938824955,
        1.45366444579043,
        1.45366444579043,
        1.5142337976983646,
        1.5748031496062993
    ],
    "phiDotR": [
        0.3634161114476075,
        0.3028467595396729,
        0.3028467595396729,
        0.2422774076317383,
        0.2422774076317383,
        0.1817080557238037,
        0.1817080557238037,
        0.1211387038158691,
        0.0605693519079345,
        0.0605693519079345,
        0.0,
        0.0,
        0.0,
        0.0,
        -0.0605693519079345,
        -0.0605693519079345,
        -0.1211387038158691,
        -0.1211387038158691,
        -0.1817080557238037,
        -0.1817080557238037,
        -0.2422774076317383,
        -0.2422774076317383,
        -0.3028467595396729,
        -0.3634161114476075
    ]
}