{
    "segment_index": 2362,
    "A": -0.2980513439934468,
    "B1": 0.0073385077633835024,
    "B2": 0.006801543780691407,
    "omega": [
        -0.0169868692755699,
        -0.0065466142259538,
        -0.0028614334296435,
        -0.0145265683531761,
        -0.0142553299665451,
        -0.037678174674511,
        -0.036310862749815,
        -0.0354339480400085,
        -0.0351406000554562,
        -0.0249530524015427,
        -0.0461398847401142,
        -0.029935160651803,
        -0.074697770178318,
        0.0089274421334266,
        -0.0498627685010433,
        -0.0067307921126484,
        -0.0419518053531647,
        -0.0191570222377777,
        -0.0210446901619434,
        -0.0151578895747662,
        -0.0188182666897774,
        -0.0188182666897774,
        -0.0174209326505661,
        -0.0560744255781174
    ],
    "omega_next": [
        -0.0065466142259538,
        -0.0028614334296435,
        -0.0145265683531761,
        -0.0142553299665451,
        -0.037678174674511,
        -0.036310862749815,
        -0.0354339480400085,
        -0.0351406000554562,
        -0.0249530524015427,
        -0.0461398847401142,
        -0.029935160651803,
        -0.074697770178318,
        0.0089274421334266,
        -0.0498627685010433,
        -0.0067307921126484,
        -0.0419518053531647,
        -0.0191570222377777,
        -0.0210446901619434,
        -0.0151578895747662,
        -0.0188182666897774,
        -0.0188182666897774,
        -0.0174209326505661,
        -0.0560744255781174,
        -0.0102582117542624
    ],
    "phiDotL": [
        -2.483343428225318,
        -2.483343428225318,
        -2.483343428225318,
        -2.483343428225318,
        -2.483343428225318,
        -2.483343428225318,
        -2.483343428225318,
        -2.483343428225318,
        -2.483343428225318,
        -2.483343428225318,
        -2.483343428225318,
        -2.483343428225318,
        -2.483343428225318,
        -2.483343428225318,
        -2.483343428225318,
        -2.483343428225318,
        -2.483343428225318,
        -2.483343428225318,
        -2.483343428225318,
        -2.483343428225318,
        -2.483343428225318,
        -2.483343428225318,
        -2.483343428225318,
        -2.483343428225318
    ],
    "phiDotR": [
        -2.301635372501514,
        -2.301635372501514,
        -2.301635372501514,
        -2.301635372501514,
        -2.301635372501514,
        -2.301635372501514,
        -2.301635372501514,
        -2.301635372501514,
        -2.301635372501514,
        -2.301635372501514,
        -2.301635372501514,
        -2.301635372501514,
        -2.301635372501514,
        -2.301635372501514,
        -2.301635372501514,
        -2.301635372501514,
        -2.301635372501514,
        -2.301635372501514,
        -2.301635372501514,
        -2.301635372501514,
        -2.301635372501514,
        -2.301635372501514,
        -2.301635372501514,
        -2.301635372501514
    ]
}