{
    "segment_index": 835,
    "A": 0.24483650250437192,
    "B1": 0.29469613711584863,
    "B2": -0.01651700111379039,
    "omega": [
        -0.534325778484344,
        -0.525466799736023,
        -0.527974724769592,
        -0.549134612083435,
        -0.535723865032196,
        -0.587637186050415,
        -0.538543522357941,
        -0.497829109430313,
        -0.563506364822388,
        -0.587845981121063,
        -0.623345553874969,
        -0.655631721019745,
        -0.66215842962265,
        -0.635729372501373,
        -0.707217454910278,
        -0.718894779682159,
        -0.710894167423248,
        -0.724342048168182,
        -0.739323437213898,
        -0.716464042663574,
        -0.761008560657501,
        -0.719529330730438,
        -0.774981737136841,
        -0.802600502967834
    ],
    "omega_next": [
        -0.525466799736023,
        -0.527974724769592,
        -0.549134612083435,
        -0.535723865032196,
        -0.587637186050415,
        -0.538543522357941,
        -0.497829109430313,
        -0.563506364822388,
        -0.587845981121063,
        -0.623345553874969,
        -0.655631721019745,
        -0.66215842962265,
        -0.635729372501373,
        -0.707217454910278,
        -0.718894779682159,
        -0.710894167423248,
        -0.724342048168182,
        -0.739323437213898,
        -0.716464042663574,
        -0.761008560657501,
        -0.719529330730438,
        -0.774981737136841,
        -0.802600502967834,
        -0.78081887960434
    ],
    "phiDotL": [
        -1.0902483343428224,
        -1.150817686250757,
        -1.150817686250757,
        -1.2113870381586918,
        -1.2113870381586918,
        -1.2719563900666262,
        -1.2719563900666262,
        -1.3325257419745609,
        -1.3325257419745609,
        -1.3930950938824955,
        -1.3930950938824955,
        -1.45366444579043,
        -1.45366444579043,
        -1.5142337976983646,
        -1.5748031496062993,
        -1.5748031496062993,
        -1.635372501514234,
        -1.635372501514234,
        -1.6959418534221686,
        -1.6959418534221686,
        -1.6959418534221686,
        -1.6959418534221686,
        -1.8170805572380373,
        -1.8170805572380373
    ],
    "phiDotR": [
        3.4524530587522717,
        3.5735917625681406,
        3.5735917625681406,
        3.634161114476075,
        3.634161114476075,
        3.6947304663840095,
        3.6947304663840095,
        3.755299818291944,
        3.755299818291944,
        3.815869170199879,
        3.815869170199879,
        3.8764385221078137,
        3.8764385221078137,
        3.937007874015748,
        3.997577225923683,
        3.997577225923683,
        4.058146577831618,
        4.058146577831618,
        4.118715929739552,
        4.118715929739552,
        4.179285281647486,
        4.179285281647486,
        4.239854633555421,
        4.239854633555421
    ]
}