{
    "segment_index": 558,
    "A": 0.7977603523680705,
    "B1": -0.03611470873191443,
    "B2": -0.0788205982736547,
    "omega": [
        -1.05231714248657,
        -1.08346915245056,
        -1.10665726661682,
        -1.11001253128052,
        -1.07537281513214,
        -1.13004958629608,
        -1.11657762527466,
        -1.11440300941467,
        -1.20427596569061,
        -1.16512620449066,
        -1.16729438304901,
        -1.21982848644257,
        -1.33661448955536,
        -1.39007389545441,
        -1.53988921642303,
        -1.48878121376038,
        -1.33075320720673,
        -1.27055978775024,
        -1.2444189786911,
        -1.1884685754776,
        -1.24789977073669,
        -1.23651623725891,
        -1.2127012014389,
        -1.23656809329987
    ],
    "omega_next": [
        -1.08346915245056,
        -1.10665726661682,
        -1.11001253128052,
        -1.07537281513214,
        -1.13004958629608,
        -1.11657762527466,
        -1.11440300941467,
        -1.20427596569061,
        -1.16512620449066,
        -1.16729438304901,
        -1.21982848644257,
        -1.33661448955536,
        -1.39007389545441,
        -1.53988921642303,
        -1.48878121376038,
        -1.33075320720673,
        -1.27055978775024,
        -1.2444189786911,
        -1.1884685754776,
        -1.24789977073669,
        -1.23651623725891,
        -1.2127012014389,
        -1.23656809329987,
        -1.28257548809052
    ],
    "phiDotL": [
        -3.3918837068443373,
        -3.3918837068443373,
        -3.3918837068443373,
        -3.3918837068443373,
        -3.4524530587522717,
        -3.5735917625681406,
        -3.5735917625681406,
        -3.634161114476075,
        -3.634161114476075,
        -3.6947304663840095,
        -3.6947304663840095,
        -3.755299818291944,
        -3.755299818291944,
        -3.815869170199879,
        -3.815869170199879,
        -3.8764385221078137,
        -3.8764385221078137,
        -3.937007874015748,
        -3.937007874015748,
        -3.997577225923683,
        -4.058146577831618,
        -4.058146577831618,
        -4.118715929739552,
        -4.118715929739552
    ],
    "phiDotR": [
        4.603270745003028,
        4.603270745003028,
        4.663840096910963,
        4.663840096910963,
        4.724409448818898,
        4.784978800726832,
        4.784978800726832,
        4.845548152634767,
        4.845548152634767,
        4.906117504542702,
        4.906117504542702,
        4.966686856450636,
        4.966686856450636,
        5.027256208358571,
        5.027256208358571,
        5.087825560266505,
        5.087825560266505,
        5.14839491217444,
        5.14839491217444,
        5.208964264082375,
        5.269533615990309,
        5.269533615990309,
        5.3301029678982434,
        5.3301029678982434
    ]
}