{
    "segment_index": 2546,
    "A": 0.27646296854566915,
    "B1": 0.0,
    "B2": 0.0,
    "omega": [
        0.0002503315918147,
        -0.002088779117912,
        -0.0008940019761212,
        0.0026062098331749,
        0.0026159335393458,
        -0.0014085853472352,
        -0.0026376196183264,
        0.0011463201371952,
        0.0013960453215986,
        0.0041682426817715,
        0.0030905115418136,
        -0.000793813553173,
        0.0016457902966067,
        0.0010719512356445,
        0.0042667230591177,
        0.0017923433333635,
        0.0016596985515207,
        0.0021624565124511,
        0.003098631510511,
        -0.0008042484987527,
        -0.0006370157934725,
        -0.0017405283870175,
        0.0007583074038848,
        -0.0044931364245712
    ],
    "omega_next": [
        -0.002088779117912,
        -0.0008940019761212,
        0.0026062098331749,
        0.0026159335393458,
        -0.0014085853472352,
        -0.0026376196183264,
        0.0011463201371952,
        0.0013960453215986,
        0.0041682426817715,
        0.0030905115418136,
        -0.000793813553173,
        0.0016457902966067,
        0.0010719512356445,
        0.0042667230591177,
        0.0017923433333635,
        0.0016596985515207,
        0.0021624565124511,
        0.003098631510511,
        -0.0008042484987527,
        -0.0006370157934725,
        -0.0017405283870175,
        0.0007583074038848,
        -0.0044931364245712,
        0.0013934611342847
    ],
    "phiDotL": [
        0.0,
        0.0,
        0.0,
        0.0,
        0.0,
        0.0,
        0.0,
        0.0,
        0.0,
        0.0,
        0.0,
        0.0,
        0.0,
        0.0,
        0.0,
        0.0,
        0.0,
        0.0,
        0.0,
        0.0,
        0.0,
        0.0,
        0.0,
        0.0
    ],
    "phiDotR": [
        0.0,
        0.0,
        0.0,
        0.0,
        0.0,
        0.0,
        0.0,
        0.0,
        0.0,
        0.0,
        0.0,
        0.0,
        0.0,
        0.0,
        0.0,
        0.0,
        0.0,
        0.0,
        0.0,
        0.0,
        0.0,
        0.0,
        0.0,
        0.0
    ]
}