{
    "segment_index": 913,
    "A": 0.47535852940900464,
    "B1": 0.023934238185115114,
    "B2": -0.09723546881323905,
    "omega": [
        -1.26457011699677,
        -1.31532323360443,
        -1.29530823230743,
        -1.26221919059753,
        -1.23384714126587,
        -1.27253079414368,
        -1.28821611404419,
        -1.2895120382309,
        -1.2836948633194,
        -1.24847996234894,
        -1.3006204366684,
        -1.332026720047,
        -1.35193347930908,
        -1.33399379253387,
        -1.31205034255981,
        -1.2957763671875,
        -1.25279176235199,
        -1.2871310710907,
        -1.32186055183411,
        -1.32236194610596,
        -1.28897333145142,
        -1.28932654857635,
        -1.26677906513214,
        -1.27280128002167
    ],
    "omega_next": [
        -1.31532323360443,
        -1.29530823230743,
        -1.26221919059753,
        -1.23384714126587,
        -1.27253079414368,
        -1.28821611404419,
        -1.2895120382309,
        -1.2836948633194,
        -1.24847996234894,
        -1.3006204366684,
        -1.332026720047,
        -1.35193347930908,
        -1.33399379253387,
        -1.31205034255981,
        -1.2957763671875,
        -1.25279176235199,
        -1.2871310710907,
        -1.32186055183411,
        -1.32236194610596,
        -1.28897333145142,
        -1.28932654857635,
        -1.26677906513214,
        -1.27280128002167,
        -1.29761183261871
    ],
    "phiDotL": [
        -3.634161114476075,
        -3.634161114476075,
        -3.634161114476075,
        -3.634161114476075,
        -3.634161114476075,
        -3.6947304663840095,
        -3.6947304663840095,
        -3.6947304663840095,
        -3.6947304663840095,
        -3.6947304663840095,
        -3.755299818291944,
        -3.755299818291944,
        -3.755299818291944,
        -3.755299818291944,
        -3.755299818291944,
        -3.815869170199879,
        -3.815869170199879,
        -3.815869170199879,
        -3.815869170199879,
        -3.815869170199879,
        -3.815869170199879,
        -3.8764385221078137,
        -3.8764385221078137,
        -3.8764385221078137
    ],
    "phiDotR": [
        6.0569351907934585,
        6.0569351907934585,
        6.0569351907934585,
        6.0569351907934585,
        6.0569351907934585,
        6.0569351907934585,
        6.0569351907934585,
        6.0569351907934585,
        6.0569351907934585,
        6.0569351907934585,
        6.0569351907934585,
        6.0569351907934585,
        6.0569351907934585,
        6.0569351907934585,
        6.0569351907934585,
        6.0569351907934585,
        6.0569351907934585,
        6.0569351907934585,
        6.0569351907934585,
        6.0569351907934585,
        6.0569351907934585,
        6.0569351907934585,
        6.0569351907934585,
        6.0569351907934585
    ]
}