{
    "segment_index": 1776,
    "A": 0.1990366660953514,
    "B1": 0.0,
    "B2": 0.0,
    "omega": [
        -0.0025843624025583,
        0.0004403450293466,
        -0.0013552310410887,
        0.0009823396103456,
        -0.0023817883338779,
        -0.0008694471907801,
        -0.0004214941873215,
        0.0017771392595022,
        0.0052455514669418,
        0.0052455514669418,
        6.23577943770215e-06,
        0.0039823250845074,
        -0.0013924672966823,
        -0.0019485588418319,
        0.0011518580140546,
        -0.0011014954652637,
        -0.0011014954652637,
        0.0018543773330748,
        0.0018891660729423,
        0.0018891660729423,
        -0.0016097332118079,
        0.0022687357850372,
        -0.000681480509229,
        -0.0010696435347199
    ],
    "omega_next": [
        0.0004403450293466,
        -0.0013552310410887,
        0.0009823396103456,
        -0.0023817883338779,
        -0.0008694471907801,
        -0.0004214941873215,
        0.0017771392595022,
        0.0052455514669418,
        0.0052455514669418,
        6.23577943770215e-06,
        0.0039823250845074,
        -0.0013924672966823,
        -0.0019485588418319,
        0.0011518580140546,
        -0.0011014954652637,
        -0.0011014954652637,
        0.0018543773330748,
        0.0018891660729423,
        0.0018891660729423,
        -0.0016097332118079,
        0.0022687357850372,
        -0.000681480509229,
        -0.0010696435347199,
        0.0016193662304431
    ],
    "phiDotL": [
        0.0,
        0.0,
        0.0,
        0.0,
        0.0,
        0.0,
        0.0,
        0.0,
        0.0,
        0.0,
        0.0,
        0.0,
        0.0,
        0.0,
        0.0,
        0.0,
        0.0,
        0.0,
        0.0,
        0.0,
        0.0,
        0.0,
        0.0,
        0.0
    ],
    "phiDotR": [
        0.0,
        0.0,
        0.0,
        0.0,
        0.0,
        0.0,
        0.0,
        0.0,
        0.0,
        0.0,
        0.0,
        0.0,
        0.0,
        0.0,
        0.0,
        0.0,
        0.0,
        0.0,
        0.0,
        0.0,
        0.0,
        0.0,
        0.0,
        0.0
    ]
}