{
    "segment_index": 2859,
    "A": 0.07541553332140843,
    "B1": 0.0,
    "B2": 0.0,
    "omega": [
        -0.0003810957714449,
        -0.001653411774896,
        -0.0001264153106603,
        -0.0040486054494977,
        0.0017743463395163,
        0.0002355505566811,
        0.0023234302643686,
        0.0004790830716956,
        0.0007582945981994,
        0.0017473604530096,
        -0.0003631422878243,
        -0.0005336758331395,
        -0.0011713091516867,
        0.0002394842886133,
        -0.000792829087004,
        0.0009221584768965,
        0.0009221584768965,
        0.0009221584768965,
        0.0009221584768965,
        0.0009221584768965,
        0.0009221584768965,
        0.0009221584768965,
        0.0009221584768965,
        0.0022166694980114
    ],
    "omega_next": [
        -0.001653411774896,
        -0.0001264153106603,
        -0.0040486054494977,
        0.0017743463395163,
        0.0002355505566811,
        0.0023234302643686,
        0.0004790830716956,
        0.0007582945981994,
        0.0017473604530096,
        -0.0003631422878243,
        -0.0005336758331395,
        -0.0011713091516867,
        0.0002394842886133,
        -0.000792829087004,
        0.0009221584768965,
        0.0009221584768965,
        0.0009221584768965,
        0.0009221584768965,
        0.0009221584768965,
        0.0009221584768965,
        0.0009221584768965,
        0.0009221584768965,
        0.0022166694980114,
        -0.0006537662702612
    ],
    "phiDotL": [
        0.0,
        0.0,
        0.0,
        0.0,
        0.0,
        0.0,
        0.0,
        0.0,
        0.0,
        0.0,
        0.0,
        0.0,
        0.0,
        0.0,
        0.0,
        0.0,
        0.0,
        0.0,
        0.0,
        0.0,
        0.0,
        0.0,
        0.0,
        0.0
    ],
    "phiDotR": [
        0.0,
        0.0,
        0.0,
        0.0,
        0.0,
        0.0,
        0.0,
        0.0,
        0.0,
        0.0,
        0.0,
        0.0,
        0.0,
        0.0,
        0.0,
        0.0,
        0.0,
        0.0,
        0.0,
        0.0,
        0.0,
        0.0,
        0.0,
        0.0
    ]
}