{
    "segment_index": 1688,
    "A": 0.29180642856743033,
    "B1": 0.0,
    "B2": 0.0,
    "omega": [
        -0.0011971162166446,
        0.000565935508348,
        0.0026592931244522,
        0.0030758923385292,
        0.0011312891729176,
        0.0008637083228677,
        0.003340097842738,
        -8.86315101524815e-05,
        -0.001597647788003,
        -0.002546361181885,
        -0.0002184548357035,
        0.0008110014605335,
        0.001355001470074,
        0.0020026005804538,
        0.0010707575129345,
        0.0035539942327886,
        -0.0036913626827299,
        -0.0012233660090714,
        0.0003997084277216,
        0.0001143492409028,
        0.0023363481741398,
        -0.000542479683645,
        -0.0007867182139307,
        0.0021702861413359
    ],
    "omega_next": [
        0.000565935508348,
        0.0026592931244522,
        0.0030758923385292,
        0.0011312891729176,
        0.0008637083228677,
        0.003340097842738,
        -8.86315101524815e-05,
        -0.001597647788003,
        -0.002546361181885,
        -0.0002184548357035,
        0.0008110014605335,
        0.001355001470074,
        0.0020026005804538,
        0.0010707575129345,
        0.0035539942327886,
        -0.0036913626827299,
        -0.0012233660090714,
        0.0003997084277216,
        0.0001143492409028,
        0.0023363481741398,
        -0.000542479683645,
        -0.0007867182139307,
        0.0021702861413359,
        0.0029372237622737
    ],
    "phiDotL": [
        0.0,
        0.0,
        0.0,
        0.0,
        0.0,
        0.0,
        0.0,
        0.0,
        0.0,
        0.0,
        0.0,
        0.0,
        0.0,
        0.0,
        0.0,
        0.0,
        0.0,
        0.0,
        0.0,
        0.0,
        0.0,
        0.0,
        0.0,
        0.0
    ],
    "phiDotR": [
        0.0,
        0.0,
        0.0,
        0.0,
        0.0,
        0.0,
        0.0,
        0.0,
        0.0,
        0.0,
        0.0,
        0.0,
        0.0,
        0.0,
        0.0,
        0.0,
        0.0,
        0.0,
        0.0,
        0.0,
        0.0,
        0.0,
        0.0,
        0.0
    ]
}