{
    "segment_index": 697,
    "A": 0.6444478546085897,
    "B1": 0.0,
    "B2": 0.0,
    "omega": [
        0.0003294123162049,
        0.0018790233880281,
        0.0037854479160159,
        4.08615451306105e-05,
        0.000758703215979,
        0.002796662505716,
        0.0016265951562672,
        -0.0020821129437536,
        0.0001017307658912,
        0.0018055415712297,
        0.0003252778260502,
        0.0001384551869705,
        -0.0012120730243623,
        0.0003058528527617,
        -0.0020842526573687,
        0.0040068668313324,
        0.0040068668313324,
        0.0040068668313324,
        0.0040068668313324,
        0.0040068668313324,
        0.0040068668313324,
        0.0040068668313324,
        0.0040068668313324,
        0.0040068668313324
    ],
    "omega_next": [
        0.0018790233880281,
        0.0037854479160159,
        4.08615451306105e-05,
        0.000758703215979,
        0.002796662505716,
        0.0016265951562672,
        -0.0020821129437536,
        0.0001017307658912,
        0.0018055415712297,
        0.0003252778260502,
        0.0001384551869705,
        -0.0012120730243623,
        0.0003058528527617,
        -0.0020842526573687,
        0.0040068668313324,
        0.0040068668313324,
        0.0040068668313324,
        0.0040068668313324,
        0.0040068668313324,
        0.0040068668313324,
        0.0040068668313324,
        0.0040068668313324,
        0.0040068668313324,
        -0.0025239153765142
    ],
    "phiDotL": [
        0.0,
        0.0,
        0.0,
        0.0,
        0.0,
        0.0,
        0.0,
        0.0,
        0.0,
        0.0,
        0.0,
        0.0,
        0.0,
        0.0,
        0.0,
        0.0,
        0.0,
        0.0,
        0.0,
        0.0,
        0.0,
        0.0,
        0.0,
        0.0
    ],
    "phiDotR": [
        0.0,
        0.0,
        0.0,
        0.0,
        0.0,
        0.0,
        0.0,
        0.0,
        0.0,
        0.0,
        0.0,
        0.0,
        0.0,
        0.0,
        0.0,
        0.0,
        0.0,
        0.0,
        0.0,
        0.0,
        0.0,
        0.0,
        0.0,
        0.0
    ]
}