{
    "segment_index": 2618,
    "A": 0.4477673303456437,
    "B1": 0.034187557908782105,
    "B2": -0.039563630706413444,
    "omega": [
        -0.0011992839863523,
        -0.0018196878954768,
        0.0008719931938685,
        0.0013376635033637,
        0.0022142487578094,
        -0.00161301670596,
        -0.003926713950932,
        0.0024986234493553,
        0.0047599459066987,
        0.0015040870057418,
        9.62999256444164e-05,
        0.0003818439727183,
        0.0001047952682711,
        0.0017559975385665,
        -0.0002330929855816,
        -0.0023967425804585,
        -0.0021836361847817,
        -0.0006484320620074,
        0.0442530512809753,
        0.0092420913279056,
        -0.0279831793159246,
        -0.0270296558737755,
        -0.0269323531538248,
        -0.0421574674546719
    ],
    "omega_next": [
        -0.0018196878954768,
        0.0008719931938685,
        0.0013376635033637,
        0.0022142487578094,
        -0.00161301670596,
        -0.003926713950932,
        0.0024986234493553,
        0.0047599459066987,
        0.0015040870057418,
        9.62999256444164e-05,
        0.0003818439727183,
        0.0001047952682711,
        0.0017559975385665,
        -0.0002330929855816,
        -0.0023967425804585,
        -0.0021836361847817,
        -0.0006484320620074,
        0.0442530512809753,
        0.0092420913279056,
        -0.0279831793159246,
        -0.0270296558737755,
        -0.0269323531538248,
        -0.0421574674546719,
        -0.0562264956533909
    ],
    "phiDotL": [
        0.0,
        0.0,
        0.0,
        0.0,
        0.0,
        0.0,
        0.0,
        0.0,
        0.0,
        0.0,
        0.0,
        0.0,
        0.0,
        0.0,
        0.0,
        0.0,
        0.0,
        0.0,
        1.6959418534221686,
        2.301635372501514,
        2.24106602059358,
        2.24106602059358,
        2.180496668685645,
        2.180496668685645
    ],
    "phiDotR": [
        0.0,
        0.0,
        0.0,
        0.0,
        0.0,
        0.0,
        0.0,
        0.0,
        0.0,
        0.0,
        0.0,
        0.0,
        0.0,
        0.0,
        0.0,
        0.0,
        0.0,
        0.0,
        1.877649909145972,
        2.483343428225318,
        2.5439127801332524,
        2.5439127801332524,
        2.6044821320411877,
        2.6044821320411877
    ]
}