{
    "segment_index": 133,
    "A": 0.22897057989327263,
    "B1": 0.07242714250942214,
    "B2": -0.14970183466875214,
    "omega": [
        0.096074715256691,
        0.126653984189034,
        0.123841688036919,
        0.125745475292206,
        0.109478853642941,
        0.138752177357674,
        0.18235270678997,
        0.196762472391129,
        0.175351113080978,
        0.187385722994804,
        0.19764356315136,
        0.187809020280838,
        0.19291315972805,
        0.228741407394409,
        0.255745410919189,
        0.228273451328278,
        0.29252877831459,
        0.286684840917587,
        0.250891238451004,
        0.247000828385353,
        0.291743129491806,
        0.263782262802124,
        0.320890098810196,
        0.338076055049896
    ],
    "omega_next": [
        0.126653984189034,
        0.123841688036919,
        0.125745475292206,
        0.109478853642941,
        0.138752177357674,
        0.18235270678997,
        0.196762472391129,
        0.175351113080978,
        0.187385722994804,
        0.19764356315136,
        0.187809020280838,
        0.19291315972805,
        0.228741407394409,
        0.255745410919189,
        0.228273451328278,
        0.29252877831459,
        0.286684840917587,
        0.250891238451004,
        0.247000828385353,
        0.291743129491806,
        0.263782262802124,
        0.320890098810196,
        0.338076055049896,
        0.347902089357376
    ],
    "phiDotL": [
        1.2113870381586918,
        1.2719563900666262,
        1.2719563900666262,
        1.3325257419745609,
        1.3325257419745609,
        1.3930950938824955,
        1.3930950938824955,
        1.45366444579043,
        1.45366444579043,
        1.5142337976983646,
        1.5748031496062993,
        1.5748031496062993,
        1.635372501514234,
        1.635372501514234,
        1.6959418534221686,
        1.6959418534221686,
        1.6959418534221686,
        1.6959418534221686,
        1.8170805572380373,
        1.8170805572380373,
        1.877649909145972,
        1.877649909145972,
        1.9382192610539069,
        1.9987886129618413
    ],
    "phiDotR": [
        0.0,
        -0.0605693519079345,
        -0.0605693519079345,
        -0.1211387038158691,
        -0.1211387038158691,
        -0.1817080557238037,
        -0.1817080557238037,
        -0.2422774076317383,
        -0.2422774076317383,
        -0.3028467595396729,
        -0.3634161114476075,
        -0.3634161114476075,
        -0.4239854633555421,
        -0.4239854633555421,
        -0.4845548152634767,
        -0.4845548152634767,
        -0.5451241671714112,
        -0.5451241671714112,
        -0.6056935190793459,
        -0.6056935190793459,
        -0.6662628709872804,
        -0.6662628709872804,
        -0.726832222895215,
        -0.7874015748031497
    ]
}