{
    "segment_index": 2116,
    "A": 0.39083865077881913,
    "B1": 0.24640042460972006,
    "B2": -0.14816027113751426,
    "omega": [
        -0.254242956638336,
        -0.250064969062805,
        -0.28321772813797,
        -0.288595169782639,
        -0.377783089876175,
        -0.368506908416748,
        -0.352191954851151,
        -0.439232587814331,
        -0.476905703544617,
        -0.520127534866333,
        -0.530061841011047,
        -0.472383916378021,
        -0.527870655059814,
        -0.541556477546692,
        -0.571529567241669,
        -0.540938675403595,
        -0.571350634098053,
        -0.605632066726685,
        -0.661236822605133,
        -0.629595994949341,
        -0.691565692424774,
        -0.718678772449493,
        -0.734465301036835,
        -0.724399983882904
    ],
    "omega_next": [
        -0.250064969062805,
        -0.28321772813797,
        -0.288595169782639,
        -0.377783089876175,
        -0.368506908416748,
        -0.352191954851151,
        -0.439232587814331,
        -0.476905703544617,
        -0.520127534866333,
        -0.530061841011047,
        -0.472383916378021,
        -0.527870655059814,
        -0.541556477546692,
        -0.571529567241669,
        -0.540938675403595,
        -0.571350634098053,
        -0.605632066726685,
        -0.661236822605133,
        -0.629595994949341,
        -0.691565692424774,
        -0.718678772449493,
        -0.734465301036835,
        -0.724399983882904,
        -0.782784998416901
    ],
    "phiDotL": [
        0.9085402786190188,
        0.8479709267110843,
        0.7874015748031497,
        0.7874015748031497,
        0.726832222895215,
        0.726832222895215,
        0.6662628709872804,
        0.6662628709872804,
        0.6056935190793459,
        0.6056935190793459,
        0.5451241671714112,
        0.5451241671714112,
        0.4845548152634767,
        0.4845548152634767,
        0.4239854633555421,
        0.3634161114476075,
        0.3634161114476075,
        0.3028467595396729,
        0.3028467595396729,
        0.2422774076317383,
        0.2422774076317383,
        0.1817080557238037,
        0.1817080557238037,
        0.1211387038158691
    ],
    "phiDotR": [
        2.6650514839491217,
        2.7256208358570566,
        2.786190187764991,
        2.786190187764991,
        2.846759539672925,
        2.846759539672925,
        2.90732889158086,
        2.90732889158086,
        2.967898243488795,
        2.967898243488795,
        3.0284675953967293,
        3.0284675953967293,
        3.089036947304664,
        3.089036947304664,
        3.1496062992125986,
        3.210175651120533,
        3.210175651120533,
        3.270745003028468,
        3.270745003028468,
        3.3313143549364024,
        3.3313143549364024,
        3.3918837068443373,
        3.3918837068443373,
        3.3918837068443373
    ]
}