{
    "segment_index": 2793,
    "A": 0.48005078848040716,
    "B1": 0.19840842185545948,
    "B2": -0.018880166931800137,
    "omega": [
        -1.03219795227051,
        -0.994625866413116,
        -1.0430828332901,
        -1.02030599117279,
        -0.966190934181213,
        -1.02012860774994,
        -1.11578953266144,
        -1.11677849292755,
        -1.08014178276062,
        -1.08014178276062,
        -1.03494358062744,
        -1.15372014045715,
        -1.16596531867981,
        -1.17685103416443,
        -1.15829908847809,
        -1.14347219467163,
        -1.09309768676758,
        -1.09309768676758,
        -1.13946807384491,
        -1.23408949375153,
        -1.24393570423126,
        -1.11273074150085,
        -1.12681198120117,
        -1.11780428886414
    ],
    "omega_next": [
        -0.994625866413116,
        -1.0430828332901,
        -1.02030599117279,
        -0.966190934181213,
        -1.02012860774994,
        -1.11578953266144,
        -1.11677849292755,
        -1.08014178276062,
        -1.08014178276062,
        -1.03494358062744,
        -1.15372014045715,
        -1.16596531867981,
        -1.17685103416443,
        -1.15829908847809,
        -1.14347219467163,
        -1.09309768676758,
        -1.09309768676758,
        -1.13946807384491,
        -1.23408949375153,
        -1.24393570423126,
        -1.11273074150085,
        -1.12681198120117,
        -1.11780428886414,
        -1.11780428886414
    ],
    "phiDotL": [
        -2.180496668685645,
        -2.180496668685645,
        -2.180496668685645,
        -2.180496668685645,
        -2.24106602059358,
        -2.24106602059358,
        -2.24106602059358,
        -2.24106602059358,
        -2.301635372501514,
        -2.301635372501514,
        -2.301635372501514,
        -2.301635372501514,
        -2.362204724409449,
        -2.362204724409449,
        -2.362204724409449,
        -2.362204724409449,
        -2.4227740763173835,
        -2.4227740763173835,
        -2.4227740763173835,
        -2.4227740763173835,
        -2.483343428225318,
        -2.483343428225318,
        -2.483343428225318,
        -2.483343428225318
    ],
    "phiDotR": [
        6.0569351907934585,
        6.0569351907934585,
        6.0569351907934585,
        6.0569351907934585,
        6.0569351907934585,
        6.0569351907934585,
        6.0569351907934585,
        6.0569351907934585,
        6.0569351907934585,
        6.0569351907934585,
        6.0569351907934585,
        6.0569351907934585,
        5.996365838885524,
        6.0569351907934585,
        5.996365838885524,
        6.0569351907934585,
        6.0569351907934585,
        6.0569351907934585,
        6.0569351907934585,
        6.0569351907934585,
        6.0569351907934585,
        6.0569351907934585,
        5.996365838885524,
        6.0569351907934585
    ]
}