{
    "segment_index": 307,
    "A": -1.1452984328923927,
    "B1": 0.32416080696878335,
    "B2": -0.23004189764402358,
    "omega": [
        1.51185619831085,
        1.47952389717102,
        1.45392417907715,
        1.4352753162384,
        1.44466543197632,
        1.44992434978485,
        1.32230150699615,
        1.01398873329163,
        0.209244802594185,
        -0.0676253512501717,
        -0.019501056522131,
        -0.0089545836672186,
        -0.004663273692131,
        -0.0015982231125235,
        0.0003427011542953,
        0.0011420766822993,
        1.39841285999864e-05,
        1.17032323032618e-06,
        0.0010098135098815,
        0.0012465259060263,
        -0.0004519328358583,
        -0.000787655415479,
        -0.0002951978822238,
        -0.0011747682001441
    ],
    "omega_next": [
        1.47952389717102,
        1.45392417907715,
        1.4352753162384,
        1.44466543197632,
        1.44992434978485,
        1.32230150699615,
        1.01398873329163,
        0.209244802594185,
        -0.0676253512501717,
        -0.019501056522131,
        -0.0089545836672186,
        -0.004663273692131,
        -0.0015982231125235,
        0.0003427011542953,
        0.0011420766822993,
        1.39841285999864e-05,
        1.17032323032618e-06,
        0.0010098135098815,
        0.0012465259060263,
        -0.0004519328358583,
        -0.000787655415479,
        -0.0002951978822238,
        -0.0011747682001441,
        0.0002743243821896
    ],
    "phiDotL": [
        6.0569351907934585,
        6.0569351907934585,
        6.0569351907934585,
        6.0569351907934585,
        6.0569351907934585,
        6.0569351907934585,
        4.48213204118716,
        2.5439127801332524,
        0.6056935190793459,
        0.0,
        0.0,
        0.0,
        0.0,
        0.0,
        0.0,
        0.0,
        0.0,
        0.0,
        0.0,
        0.0,
        0.0,
        0.0,
        0.0,
        0.0
    ],
    "phiDotR": [
        -4.966686856450636,
        -4.966686856450636,
        -4.966686856450636,
        -4.966686856450636,
        -4.966686856450636,
        -4.966686856450636,
        -4.48213204118716,
        -2.5439127801332524,
        -0.6056935190793459,
        0.0,
        0.0,
        0.0,
        0.0,
        0.0,
        0.0,
        0.0,
        0.0,
        0.0,
        0.0,
        0.0,
        0.0,
        0.0,
        0.0,
        0.0
    ]
}