{
    "segment_index": 2611,
    "A": 0.25273705656635576,
    "B1": 0.0,
    "B2": 0.0,
    "omega": [
        -0.0013396427966654,
        0.0009737962391227,
        0.000946429092437,
        0.0026409856509417,
        9.87237581284717e-06,
        -0.0028192319441586,
        0.0005645686760544,
        -0.0011992839863523,
        -0.0018196878954768,
        0.0008719931938685,
        0.0013376635033637,
        0.0022142487578094,
        -0.00161301670596,
        -0.003926713950932,
        0.0024986234493553,
        0.0047599459066987,
        0.0015040870057418,
        9.62999256444164e-05,
        0.0003818439727183,
        0.0001047952682711,
        0.0017559975385665,
        -0.0002330929855816,
        -0.0023967425804585,
        -0.0021836361847817
    ],
    "omega_next": [
        0.0009737962391227,
        0.000946429092437,
        0.0026409856509417,
        9.87237581284717e-06,
        -0.0028192319441586,
        0.0005645686760544,
        -0.0011992839863523,
        -0.0018196878954768,
        0.0008719931938685,
        0.0013376635033637,
        0.0022142487578094,
        -0.00161301670596,
        -0.003926713950932,
        0.0024986234493553,
        0.0047599459066987,
        0.0015040870057418,
        9.62999256444164e-05,
        0.0003818439727183,
        0.0001047952682711,
        0.0017559975385665,
        -0.0002330929855816,
        -0.0023967425804585,
        -0.0021836361847817,
        -0.0006484320620074
    ],
    "phiDotL": [
        0.0,
        0.0,
        0.0,
        0.0,
        0.0,
        0.0,
        0.0,
        0.0,
        0.0,
        0.0,
        0.0,
        0.0,
        0.0,
        0.0,
        0.0,
        0.0,
        0.0,
        0.0,
        0.0,
        0.0,
        0.0,
        0.0,
        0.0,
        0.0
    ],
    "phiDotR": [
        0.0,
        0.0,
        0.0,
        0.0,
        0.0,
        0.0,
        0.0,
        0.0,
        0.0,
        0.0,
        0.0,
        0.0,
        0.0,
        0.0,
        0.0,
        0.0,
        0.0,
        0.0,
        0.0,
        0.0,
        0.0,
        0.0,
        0.0,
        0.0
    ]
}