{
    "segment_index": 184,
    "A": 0.5662205302848191,
    "B1": 0.06414973775582777,
    "B2": -0.06500578436824145,
    "omega": [
        0.569295346736908,
        0.616176247596741,
        0.60952091217041,
        0.633922040462494,
        0.716900289058685,
        0.710693418979645,
        0.69653594493866,
        0.710009157657623,
        0.740953385829926,
        0.603115558624268,
        0.681784331798553,
        0.693695902824402,
        0.756212770938873,
        0.757970213890076,
        0.815989375114441,
        0.895366251468658,
        0.997934997081757,
        0.906586289405823,
        0.788501501083374,
        0.786477446556091,
        0.809386968612671,
        0.788424551486969,
        0.83171135187149,
        0.850002348423004
    ],
    "omega_next": [
        0.616176247596741,
        0.60952091217041,
        0.633922040462494,
        0.716900289058685,
        0.710693418979645,
        0.69653594493866,
        0.710009157657623,
        0.740953385829926,
        0.603115558624268,
        0.681784331798553,
        0.693695902824402,
        0.756212770938873,
        0.757970213890076,
        0.815989375114441,
        0.895366251468658,
        0.997934997081757,
        0.906586289405823,
        0.788501501083374,
        0.786477446556091,
        0.809386968612671,
        0.788424551486969,
        0.83171135187149,
        0.850002348423004,
        0.927768886089325
    ],
    "phiDotL": [
        2.846759539672925,
        2.90732889158086,
        2.967898243488795,
        2.967898243488795,
        3.0284675953967293,
        3.0284675953967293,
        3.089036947304664,
        3.089036947304664,
        3.1496062992125986,
        3.1496062992125986,
        3.210175651120533,
        3.210175651120533,
        3.270745003028468,
        3.270745003028468,
        3.3313143549364024,
        3.3918837068443373,
        3.3918837068443373,
        3.3918837068443373,
        3.3918837068443373,
        3.4524530587522717,
        3.4524530587522717,
        3.5735917625681406,
        3.5735917625681406,
        3.634161114476075
    ],
    "phiDotR": [
        -1.635372501514234,
        -1.6959418534221686,
        -1.6959418534221686,
        -1.6959418534221686,
        -1.8170805572380373,
        -1.8170805572380373,
        -1.877649909145972,
        -1.877649909145972,
        -1.9382192610539069,
        -1.9382192610539069,
        -1.9987886129618413,
        -1.9987886129618413,
        -2.059357964869776,
        -2.059357964869776,
        -2.1199273167777104,
        -2.180496668685645,
        -2.180496668685645,
        -2.24106602059358,
        -2.24106602059358,
        -2.301635372501514,
        -2.301635372501514,
        -2.362204724409449,
        -2.362204724409449,
        -2.4227740763173835
    ]
}