{
    "segment_index": 3079,
    "A": 0.5015769453531652,
    "B1": 0.06639101611090326,
    "B2": -0.06023272046541133,
    "omega": [
        1.1943895816803,
        1.16085684299469,
        1.1315370798111,
        1.14619815349579,
        1.04788422584534,
        0.992019474506378,
        1.05178260803223,
        1.1226806640625,
        1.13279318809509,
        1.13592743873596,
        1.12216544151306,
        1.07641494274139,
        1.08409667015076,
        1.11507797241211,
        1.15490901470184,
        1.12647199630737,
        1.17645621299744,
        1.14381408691406,
        1.09404861927032,
        1.11116552352905,
        1.13850879669189,
        1.11446845531464,
        1.12592542171478,
        1.10189151763916
    ],
    "omega_next": [
        1.16085684299469,
        1.1315370798111,
        1.14619815349579,
        1.04788422584534,
        0.992019474506378,
        1.05178260803223,
        1.1226806640625,
        1.13279318809509,
        1.13592743873596,
        1.12216544151306,
        1.07641494274139,
        1.08409667015076,
        1.11507797241211,
        1.15490901470184,
        1.12647199630737,
        1.17645621299744,
        1.14381408691406,
        1.09404861927032,
        1.11116552352905,
        1.13850879669189,
        1.11446845531464,
        1.12592542171478,
        1.10189151763916,
        1.11680161952972
    ],
    "phiDotL": [
        6.0569351907934585,
        6.0569351907934585,
        6.0569351907934585,
        6.0569351907934585,
        6.0569351907934585,
        6.0569351907934585,
        5.996365838885524,
        6.0569351907934585,
        6.0569351907934585,
        6.0569351907934585,
        6.0569351907934585,
        6.0569351907934585,
        6.0569351907934585,
        6.0569351907934585,
        6.0569351907934585,
        6.0569351907934585,
        6.0569351907934585,
        6.0569351907934585,
        6.0569351907934585,
        6.0569351907934585,
        6.0569351907934585,
        5.996365838885524,
        6.0569351907934585,
        6.0569351907934585
    ],
    "phiDotR": [
        -2.362204724409449,
        -2.362204724409449,
        -2.362204724409449,
        -2.4227740763173835,
        -2.4227740763173835,
        -2.4227740763173835,
        -2.4227740763173835,
        -2.483343428225318,
        -2.483343428225318,
        -2.483343428225318,
        -2.483343428225318,
        -2.483343428225318,
        -2.5439127801332524,
        -2.5439127801332524,
        -2.5439127801332524,
        -2.5439127801332524,
        -2.6044821320411877,
        -2.6044821320411877,
        -2.6044821320411877,
        -2.6044821320411877,
        -2.6044821320411877,
        -2.6650514839491217,
        -2.6650514839491217,
        -2.6650514839491217
    ]
}