{
    "segment_index": 1391,
    "A": -0.06865845040638767,
    "B1": 0.15493227490648526,
    "B2": -0.15532168950420291,
    "omega": [
        0.0004773639666382,
        -0.0012914704857394,
        -0.0017072833143174,
        0.0025664244312793,
        0.0004330188967287,
        0.0011764240916818,
        0.0732096955180168,
        -0.0268263425678015,
        -0.0431974343955517,
        -0.0148867769166827,
        -0.0522724613547325,
        -0.0493243969976902,
        -0.0772490873932838,
        -0.0833581760525703,
        -0.0959024131298065,
        -0.0905418917536736,
        -0.124559208750725,
        -0.080410897731781,
        -0.134289607405663,
        -0.125247314572334,
        -0.125247314572334,
        -0.158675864338875,
        -0.182601183652878,
        -0.171091794967651
    ],
    "omega_next": [
        -0.0012914704857394,
        -0.0017072833143174,
        0.0025664244312793,
        0.0004330188967287,
        0.0011764240916818,
        0.0732096955180168,
        -0.0268263425678015,
        -0.0431974343955517,
        -0.0148867769166827,
        -0.0522724613547325,
        -0.0493243969976902,
        -0.0772490873932838,
        -0.0833581760525703,
        -0.0959024131298065,
        -0.0905418917536736,
        -0.124559208750725,
        -0.080410897731781,
        -0.134289607405663,
        -0.125247314572334,
        -0.125247314572334,
        -0.158675864338875,
        -0.182601183652878,
        -0.171091794967651,
        -0.186337292194366
    ],
    "phiDotL": [
        0.0,
        0.0,
        0.0,
        0.0,
        0.0,
        0.0,
        1.6959418534221686,
        1.6959418534221686,
        1.635372501514234,
        1.635372501514234,
        1.5748031496062993,
        1.5748031496062993,
        1.5142337976983646,
        1.5142337976983646,
        1.45366444579043,
        1.45366444579043,
        1.3930950938824955,
        1.3930950938824955,
        1.3325257419745609,
        1.2719563900666262,
        1.2719563900666262,
        1.2113870381586918,
        1.2113870381586918,
        1.150817686250757
    ],
    "phiDotR": [
        0.0,
        0.0,
        0.0,
        0.0,
        0.0,
        0.0,
        1.877649909145972,
        1.877649909145972,
        1.9382192610539069,
        1.9382192610539069,
        1.9987886129618413,
        1.9987886129618413,
        2.059357964869776,
        2.059357964869776,
        2.1199273167777104,
        2.1199273167777104,
        2.180496668685645,
        2.180496668685645,
        2.24106602059358,
        2.301635372501514,
        2.301635372501514,
        2.362204724409449,
        2.362204724409449,
        2.4227740763173835
    ]
}