{
    "segment_index": 1012,
    "A": 0.3058865399943179,
    "B1": 0.0,
    "B2": 0.0,
    "omega": [
        -0.0016157542122528,
        -0.0015298132784664,
        -0.0015298132784664,
        -0.0015298132784664,
        -0.0015298132784664,
        -0.0015298132784664,
        -0.0015298132784664,
        -0.0015298132784664,
        -0.0015298132784664,
        0.0037975867744535,
        0.002802865114063,
        0.0023303315974772,
        0.0003924269112758,
        0.0022480350453406,
        0.0020283309277147,
        0.0009880810976028,
        0.0011051922338083,
        -0.0020250307861715,
        0.0010542415548116,
        -0.0016117906197905,
        0.0020590859930962,
        -0.0013592611066997,
        0.0023531464394182,
        -0.001124030095525
    ],
    "omega_next": [
        -0.0015298132784664,
        -0.0015298132784664,
        -0.0015298132784664,
        -0.0015298132784664,
        -0.0015298132784664,
        -0.0015298132784664,
        -0.0015298132784664,
        -0.0015298132784664,
        0.0037975867744535,
        0.002802865114063,
        0.0023303315974772,
        0.0003924269112758,
        0.0022480350453406,
        0.0020283309277147,
        0.0009880810976028,
        0.0011051922338083,
        -0.0020250307861715,
        0.0010542415548116,
        -0.0016117906197905,
        0.0020590859930962,
        -0.0013592611066997,
        0.0023531464394182,
        -0.001124030095525,
        -0.0028616599738597
    ],
    "phiDotL": [
        0.0,
        0.0,
        0.0,
        0.0,
        0.0,
        0.0,
        0.0,
        0.0,
        0.0,
        0.0,
        0.0,
        0.0,
        0.0,
        0.0,
        0.0,
        0.0,
        0.0,
        0.0,
        0.0,
        0.0,
        0.0,
        0.0,
        0.0,
        0.0
    ],
    "phiDotR": [
        0.0,
        0.0,
        0.0,
        0.0,
        0.0,
        0.0,
        0.0,
        0.0,
        0.0,
        0.0,
        0.0,
        0.0,
        0.0,
        0.0,
        0.0,
        0.0,
        0.0,
        0.0,
        0.0,
        0.0,
        0.0,
        0.0,
        0.0,
        0.0
    ]
}