{
    "segment_index": 2834,
    "A": 0.0027576737792165415,
    "B1": -0.9969846469971902,
    "B2": -0.9953615723961234,
    "omega": [
        -1.1625804901123,
        -1.2026823759079,
        0.0008456359500996,
        0.0008456359500996,
        -0.0105406930670142,
        -0.0015687531558796,
        -0.0015687531558796,
        0.0091270385310053,
        0.0073614381253719,
        -0.002173539949581,
        -0.00056390510872,
        0.001407288829796,
        0.0007555733900517,
        0.0006248196586966,
        0.0043705338612198,
        -0.0017881446983665,
        0.0007065383833833,
        0.0019560949876904,
        0.0005050700274296,
        0.0025972069706767,
        -0.0014387858100235,
        0.0032496920321136,
        0.0011015470372512,
        -0.001116428640671
    ],
    "omega_next": [
        -1.2026823759079,
        0.0008456359500996,
        0.0008456359500996,
        -0.0105406930670142,
        -0.0015687531558796,
        -0.0015687531558796,
        0.0091270385310053,
        0.0073614381253719,
        -0.002173539949581,
        -0.00056390510872,
        0.001407288829796,
        0.0007555733900517,
        0.0006248196586966,
        0.0043705338612198,
        -0.0017881446983665,
        0.0007065383833833,
        0.0019560949876904,
        0.0005050700274296,
        0.0025972069706767,
        -0.0014387858100235,
        0.0032496920321136,
        0.0011015470372512,
        -0.001116428640671,
        -0.000726219790522
    ],
    "phiDotL": [
        -3.8764385221078137,
        -2.5439127801332524,
        -0.6056935190793459,
        0.0,
        0.0,
        0.0,
        0.0,
        0.0,
        0.0,
        0.0,
        0.0,
        0.0,
        0.0,
        0.0,
        0.0,
        0.0,
        0.0,
        0.0,
        0.0,
        0.0,
        0.0,
        0.0,
        0.0,
        0.0
    ],
    "phiDotR": [
        5.087825560266505,
        2.5439127801332524,
        0.6056935190793459,
        0.0,
        0.0,
        0.0,
        0.0,
        0.0,
        0.0,
        0.0,
        0.0,
        0.0,
        0.0,
        0.0,
        0.0,
        0.0,
        0.0,
        0.0,
        0.0,
        0.0,
        0.0,
        0.0,
        0.0,
        0.0
    ]
}