{
    "segment_index": 110,
    "A": 0.37049600417033624,
    "B1": 0.07707560437003359,
    "B2": -0.04721069197783246,
    "omega": [
        -0.0028273146599531,
        0.0013326732441783,
        0.0028694469947367,
        0.0021478608250618,
        0.0002881761174649,
        0.0085459528490901,
        0.0018541406607255,
        0.0511721931397915,
        0.0194953866302967,
        0.0391800850629807,
        0.049014400690794,
        0.0898672491312027,
        0.0817743912339211,
        0.116746462881565,
        0.0681038275361061,
        0.073310375213623,
        0.132738992571831,
        0.139711886644363,
        0.145593836903572,
        0.132947251200676,
        0.137539565563202,
        0.147118330001831,
        0.140841141343117,
        0.096074715256691
    ],
    "omega_next": [
        0.0013326732441783,
        0.0028694469947367,
        0.0021478608250618,
        0.0002881761174649,
        0.0085459528490901,
        0.0018541406607255,
        0.0511721931397915,
        0.0194953866302967,
        0.0391800850629807,
        0.049014400690794,
        0.0898672491312027,
        0.0817743912339211,
        0.116746462881565,
        0.0681038275361061,
        0.073310375213623,
        0.132738992571831,
        0.139711886644363,
        0.145593836903572,
        0.132947251200676,
        0.137539565563202,
        0.147118330001831,
        0.140841141343117,
        0.096074715256691,
        0.126653984189034
    ],
    "phiDotL": [
        0.0,
        0.0,
        0.0,
        0.0,
        0.0,
        0.6662628709872804,
        0.6662628709872804,
        0.726832222895215,
        0.726832222895215,
        0.7874015748031497,
        0.7874015748031497,
        0.8479709267110843,
        0.8479709267110843,
        0.9085402786190188,
        0.9085402786190188,
        0.9691096305269534,
        0.9691096305269534,
        1.029678982434888,
        1.0902483343428224,
        1.0902483343428224,
        1.150817686250757,
        1.150817686250757,
        1.2113870381586918,
        1.2113870381586918
    ],
    "phiDotR": [
        0.0,
        0.0,
        0.0,
        0.0,
        0.0,
        0.4845548152634767,
        0.4845548152634767,
        0.4239854633555421,
        0.4239854633555421,
        0.3634161114476075,
        0.3634161114476075,
        0.3028467595396729,
        0.3028467595396729,
        0.2422774076317383,
        0.2422774076317383,
        0.1817080557238037,
        0.1817080557238037,
        0.1211387038158691,
        0.0605693519079345,
        0.0605693519079345,
        0.0,
        0.0,
        0.0,
        0.0
    ]
}