{
    "segment_index": 487,
    "A": 0.688610434312848,
    "B1": -0.17014061158715987,
    "B2": -0.16636557163845572,
    "omega": [
        -0.629106402397156,
        -0.631256878376007,
        -0.634103655815125,
        -0.574220478534698,
        -0.618105709552765,
        -0.56416267156601,
        -0.578934192657471,
        -0.596404135227203,
        -0.620078980922699,
        -0.594412326812744,
        -0.64644455909729,
        -0.72603964805603,
        -0.651346564292908,
        -0.69251823425293,
        -0.747061252593994,
        -0.804154872894287,
        -0.853603959083557,
        -0.751103758811951,
        -0.493741422891617,
        -0.492212444543839,
        -0.576176047325134,
        -0.540542900562286,
        -0.57586008310318,
        -0.576550424098969
    ],
    "omega_next": [
        -0.631256878376007,
        -0.634103655815125,
        -0.574220478534698,
        -0.618105709552765,
        -0.56416267156601,
        -0.578934192657471,
        -0.596404135227203,
        -0.620078980922699,
        -0.594412326812744,
        -0.64644455909729,
        -0.72603964805603,
        -0.651346564292908,
        -0.69251823425293,
        -0.747061252593994,
        -0.804154872894287,
        -0.853603959083557,
        -0.751103758811951,
        -0.493741422891617,
        -0.492212444543839,
        -0.576176047325134,
        -0.540542900562286,
        -0.57586008310318,
        -0.576550424098969,
        -0.634756743907928
    ],
    "phiDotL": [
        -1.0902483343428224,
        -1.0902483343428224,
        -1.150817686250757,
        -1.150817686250757,
        -1.2113870381586918,
        -1.2719563900666262,
        -1.2719563900666262,
        -1.3325257419745609,
        -1.3325257419745609,
        -1.3930950938824955,
        -1.3930950938824955,
        -1.45366444579043,
        -1.45366444579043,
        -1.5142337976983646,
        -1.5142337976983646,
        -1.5748031496062993,
        -1.5748031496062993,
        -1.635372501514234,
        -1.635372501514234,
        -1.6959418534221686,
        -1.6959418534221686,
        -1.6959418534221686,
        -1.8170805572380373,
        -1.8170805572380373
    ],
    "phiDotR": [
        2.301635372501514,
        2.301635372501514,
        2.362204724409449,
        2.362204724409449,
        2.4227740763173835,
        2.483343428225318,
        2.483343428225318,
        2.5439127801332524,
        2.5439127801332524,
        2.6044821320411877,
        2.6044821320411877,
        2.6650514839491217,
        2.6650514839491217,
        2.7256208358570566,
        2.7256208358570566,
        2.786190187764991,
        2.786190187764991,
        2.846759539672925,
        2.846759539672925,
        2.90732889158086,
        2.967898243488795,
        2.967898243488795,
        3.0284675953967293,
        3.0284675953967293
    ]
}