{
    "segment_index": 2785,
    "A": 0.5679649077091741,
    "B1": 0.0987828378416836,
    "B2": -0.04139917751502232,
    "omega": [
        -1.04029583930969,
        -1.04900622367859,
        -1.15192699432373,
        -1.16218554973602,
        -1.05088770389557,
        -1.05088770389557,
        -1.05375301837921,
        -1.03893935680389,
        -1.03219795227051,
        -0.994625866413116,
        -1.0430828332901,
        -1.02030599117279,
        -0.966190934181213,
        -1.02012860774994,
        -1.11578953266144,
        -1.11677849292755,
        -1.08014178276062,
        -1.08014178276062,
        -1.03494358062744,
        -1.15372014045715,
        -1.16596531867981,
        -1.17685103416443,
        -1.15829908847809,
        -1.14347219467163
    ],
    "omega_next": [
        -1.04900622367859,
        -1.15192699432373,
        -1.16218554973602,
        -1.05088770389557,
        -1.05088770389557,
        -1.05375301837921,
        -1.03893935680389,
        -1.03219795227051,
        -0.994625866413116,
        -1.0430828332901,
        -1.02030599117279,
        -0.966190934181213,
        -1.02012860774994,
        -1.11578953266144,
        -1.11677849292755,
        -1.08014178276062,
        -1.08014178276062,
        -1.03494358062744,
        -1.15372014045715,
        -1.16596531867981,
        -1.17685103416443,
        -1.15829908847809,
        -1.14347219467163,
        -1.09309768676758
    ],
    "phiDotL": [
        -1.9987886129618413,
        -2.059357964869776,
        -2.059357964869776,
        -2.059357964869776,
        -2.059357964869776,
        -2.1199273167777104,
        -2.1199273167777104,
        -2.1199273167777104,
        -2.180496668685645,
        -2.180496668685645,
        -2.180496668685645,
        -2.180496668685645,
        -2.24106602059358,
        -2.24106602059358,
        -2.24106602059358,
        -2.24106602059358,
        -2.301635372501514,
        -2.301635372501514,
        -2.301635372501514,
        -2.301635372501514,
        -2.362204724409449,
        -2.362204724409449,
        -2.362204724409449,
        -2.362204724409449
    ],
    "phiDotR": [
        6.0569351907934585,
        6.0569351907934585,
        6.0569351907934585,
        6.0569351907934585,
        6.0569351907934585,
        6.0569351907934585,
        6.0569351907934585,
        6.0569351907934585,
        6.0569351907934585,
        6.0569351907934585,
        6.0569351907934585,
        6.0569351907934585,
        6.0569351907934585,
        6.0569351907934585,
        6.0569351907934585,
        6.0569351907934585,
        6.0569351907934585,
        6.0569351907934585,
        6.0569351907934585,
        6.0569351907934585,
        5.996365838885524,
        6.0569351907934585,
        5.996365838885524,
        6.0569351907934585
    ]
}