{
    "segment_index": 2675,
    "A": 0.28580106980186926,
    "B1": 0.0877964951505452,
    "B2": -0.10346610189188789,
    "omega": [
        -0.356350928544998,
        -0.381094336509705,
        -0.417771399021149,
        -0.394021600484848,
        -0.478237092494965,
        -0.457990050315857,
        -0.436048984527588,
        -0.471069753170013,
        -0.454877078533173,
        -0.470017939805984,
        -0.531710684299469,
        -0.508125960826874,
        -0.499038010835648,
        -0.466513842344284,
        -0.463547646999359,
        -0.47840628027916,
        -0.538799941539764,
        -0.5451979637146,
        -0.568983912467957,
        -0.588188230991364,
        -0.54172819852829,
        -0.572241961956024,
        -0.598651587963104,
        -0.616349697113037
    ],
    "omega_next": [
        -0.381094336509705,
        -0.417771399021149,
        -0.394021600484848,
        -0.478237092494965,
        -0.457990050315857,
        -0.436048984527588,
        -0.471069753170013,
        -0.454877078533173,
        -0.470017939805984,
        -0.531710684299469,
        -0.508125960826874,
        -0.499038010835648,
        -0.466513842344284,
        -0.463547646999359,
        -0.47840628027916,
        -0.538799941539764,
        -0.5451979637146,
        -0.568983912467957,
        -0.588188230991364,
        -0.54172819852829,
        -0.572241961956024,
        -0.598651587963104,
        -0.616349697113037,
        -0.623217582702637
    ],
    "phiDotL": [
        1.0902483343428224,
        1.029678982434888,
        0.9691096305269534,
        0.9691096305269534,
        0.9085402786190188,
        0.9085402786190188,
        0.8479709267110843,
        0.8479709267110843,
        0.7874015748031497,
        0.7874015748031497,
        0.726832222895215,
        0.726832222895215,
        0.6662628709872804,
        0.6662628709872804,
        0.6056935190793459,
        0.6056935190793459,
        0.5451241671714112,
        0.4845548152634767,
        0.4845548152634767,
        0.4239854633555421,
        0.4239854633555421,
        0.3634161114476075,
        0.3634161114476075,
        0.3028467595396729
    ],
    "phiDotR": [
        3.6947304663840095,
        3.755299818291944,
        3.815869170199879,
        3.815869170199879,
        3.8764385221078137,
        3.8764385221078137,
        3.937007874015748,
        3.937007874015748,
        3.997577225923683,
        3.997577225923683,
        4.058146577831618,
        4.058146577831618,
        4.118715929739552,
        4.118715929739552,
        4.179285281647486,
        4.179285281647486,
        4.239854633555421,
        4.300423985463356,
        4.300423985463356,
        4.36099333737129,
        4.36099333737129,
        4.421562689279225,
        4.421562689279225,
        4.48213204118716
    ]
}