{
    "segment_index": 2755,
    "A": 0.007853563000168644,
    "B1": 0.5353571060532646,
    "B2": -0.007098512405599937,
    "omega": [
        -0.730320990085602,
        -0.797920525074005,
        -0.86077207326889,
        -0.753126263618469,
        -0.875276982784271,
        -0.845863282680511,
        -0.861372828483582,
        -0.87806898355484,
        -0.934699952602386,
        -0.902663946151733,
        -0.902797400951385,
        -0.963048756122589,
        -0.929117858409882,
        -0.904579639434814,
        -0.936232209205627,
        -0.931465923786163,
        -0.85578066110611,
        -0.938983500003815,
        -1.00351417064667,
        -1.00664699077606,
        -1.00769102573395,
        -1.04703557491302,
        -1.08630394935608,
        -1.08482897281647
    ],
    "omega_next": [
        -0.797920525074005,
        -0.86077207326889,
        -0.753126263618469,
        -0.875276982784271,
        -0.845863282680511,
        -0.861372828483582,
        -0.87806898355484,
        -0.934699952602386,
        -0.902663946151733,
        -0.902797400951385,
        -0.963048756122589,
        -0.929117858409882,
        -0.904579639434814,
        -0.936232209205627,
        -0.931465923786163,
        -0.85578066110611,
        -0.938983500003815,
        -1.00351417064667,
        -1.00664699077606,
        -1.00769102573395,
        -1.04703557491302,
        -1.08630394935608,
        -1.08482897281647,
        -1.07123017311096
    ],
    "phiDotL": [
        -1.3930950938824955,
        -1.45366444579043,
        -1.45366444579043,
        -1.45366444579043,
        -1.5142337976983646,
        -1.5142337976983646,
        -1.5142337976983646,
        -1.5748031496062993,
        -1.5748031496062993,
        -1.5748031496062993,
        -1.635372501514234,
        -1.635372501514234,
        -1.6959418534221686,
        -1.6959418534221686,
        -1.6959418534221686,
        -1.6959418534221686,
        -1.6959418534221686,
        -1.6959418534221686,
        -1.8170805572380373,
        -1.8170805572380373,
        -1.8170805572380373,
        -1.877649909145972,
        -1.877649909145972,
        -1.877649909145972
    ],
    "phiDotR": [
        6.0569351907934585,
        6.0569351907934585,
        6.0569351907934585,
        6.0569351907934585,
        6.0569351907934585,
        6.0569351907934585,
        6.0569351907934585,
        6.0569351907934585,
        6.0569351907934585,
        6.0569351907934585,
        6.0569351907934585,
        6.0569351907934585,
        6.0569351907934585,
        6.0569351907934585,
        6.0569351907934585,
        6.0569351907934585,
        6.0569351907934585,
        6.0569351907934585,
        6.0569351907934585,
        6.0569351907934585,
        6.0569351907934585,
        5.996365838885524,
        5.996365838885524,
        6.0569351907934585
    ]
}