{
    "segment_index": 2409,
    "A": -0.4297373776041014,
    "B1": 0.368758285799314,
    "B2": -0.37951748077917735,
    "omega": [
        -0.0375657640397549,
        -0.0281272381544113,
        -0.0281272381544113,
        0.017630772665143,
        -0.034145787358284,
        0.0034808628261089,
        -0.0101681845262647,
        -0.00648233294487,
        0.0042303432710468,
        0.0028165783733129,
        0.0009467873023822,
        -0.0022358726710081,
        -0.0022358726710081,
        0.0031308848410844,
        0.0011008002329617,
        -0.0025566809345036,
        0.004563171416521,
        0.0734045207500458,
        -0.0124461026862264,
        -0.0027244763914495,
        0.0245783068239689,
        -0.0360124707221985,
        0.0031097915489226,
        9.05801425687969e-06
    ],
    "omega_next": [
        -0.0281272381544113,
        -0.0281272381544113,
        0.017630772665143,
        -0.034145787358284,
        0.0034808628261089,
        -0.0101681845262647,
        -0.00648233294487,
        0.0042303432710468,
        0.0028165783733129,
        0.0009467873023822,
        -0.0022358726710081,
        -0.0022358726710081,
        0.0031308848410844,
        0.0011008002329617,
        -0.0025566809345036,
        0.004563171416521,
        0.0734045207500458,
        -0.0124461026862264,
        -0.0027244763914495,
        0.0245783068239689,
        -0.0360124707221985,
        0.0031097915489226,
        9.05801425687969e-06,
        -0.0021658714395016
    ],
    "phiDotL": [
        -2.483343428225318,
        -2.483343428225318,
        -0.5451241671714112,
        0.0,
        0.0,
        0.0,
        0.0,
        0.0,
        0.0,
        0.0,
        0.0,
        0.0,
        0.0,
        0.0,
        0.0,
        -1.8170805572380373,
        -2.4227740763173835,
        -2.4227740763173835,
        -2.4227740763173835,
        -0.5451241671714112,
        0.0,
        0.0,
        0.0,
        0.0
    ],
    "phiDotR": [
        -2.301635372501514,
        -2.301635372501514,
        -0.5451241671714112,
        0.0,
        0.0,
        0.0,
        0.0,
        0.0,
        0.0,
        0.0,
        0.0,
        0.0,
        0.0,
        0.0,
        0.0,
        -1.8170805572380373,
        -2.4227740763173835,
        -2.4227740763173835,
        -2.4227740763173835,
        -0.5451241671714112,
        0.0,
        0.0,
        0.0,
        0.0
    ]
}