{
    "segment_index": 2963,
    "A": 0.6851045900113103,
    "B1": 0.04333180931171929,
    "B2": -0.02301086800121406,
    "omega": [
        0.478786617517471,
        0.466539025306702,
        0.449580103158951,
        0.406373172998428,
        0.483989685773849,
        0.548963010311127,
        0.621683061122894,
        0.597322642803192,
        0.618853867053986,
        0.647844254970551,
        0.615675449371338,
        0.640752792358398,
        0.645397901535034,
        0.61770623922348,
        0.57641863822937,
        0.580111801624298,
        0.698664486408234,
        0.670442819595337,
        0.603151798248291,
        0.576067388057709,
        0.572041630744934,
        0.628963589668274,
        0.652557015419006,
        0.670946896076202
    ],
    "omega_next": [
        0.466539025306702,
        0.449580103158951,
        0.406373172998428,
        0.483989685773849,
        0.548963010311127,
        0.621683061122894,
        0.597322642803192,
        0.618853867053986,
        0.647844254970551,
        0.615675449371338,
        0.640752792358398,
        0.645397901535034,
        0.61770623922348,
        0.57641863822937,
        0.580111801624298,
        0.698664486408234,
        0.670442819595337,
        0.603151798248291,
        0.576067388057709,
        0.572041630744934,
        0.628963589668274,
        0.652557015419006,
        0.670946896076202,
        0.691990733146667
    ],
    "phiDotL": [
        4.179285281647486,
        4.239854633555421,
        4.300423985463356,
        4.300423985463356,
        4.36099333737129,
        4.36099333737129,
        4.421562689279225,
        4.421562689279225,
        4.48213204118716,
        4.48213204118716,
        4.542701393095094,
        4.542701393095094,
        4.603270745003028,
        4.603270745003028,
        4.663840096910963,
        4.663840096910963,
        4.724409448818898,
        4.784978800726832,
        4.784978800726832,
        4.845548152634767,
        4.845548152634767,
        4.906117504542702,
        4.906117504542702,
        4.966686856450636
    ],
    "phiDotR": [
        0.6056935190793459,
        0.5451241671714112,
        0.4845548152634767,
        0.4845548152634767,
        0.4239854633555421,
        0.4239854633555421,
        0.3634161114476075,
        0.3634161114476075,
        0.3028467595396729,
        0.3028467595396729,
        0.2422774076317383,
        0.2422774076317383,
        0.1817080557238037,
        0.1817080557238037,
        0.1211387038158691,
        0.1211387038158691,
        0.0605693519079345,
        0.0,
        0.0,
        0.0,
        0.0,
        -0.0605693519079345,
        -0.0605693519079345,
        -0.1211387038158691
    ]
}