{
    "segment_index": 78,
    "A": -0.12226170200013867,
    "B1": 0.0,
    "B2": 0.0,
    "omega": [
        0.0039661689661443,
        0.001103607006371,
        0.0011888658627867,
        -0.0008096225792542,
        -0.0019835066050291,
        -0.0012442645383998,
        0.0017631988739594,
        0.0033920763526111,
        -0.0021518315188586,
        0.0030094480607658,
        -0.0006780268158763,
        0.0013196666259318,
        0.0014097198145464,
        -0.0001111280289478,
        0.0004102352831978,
        -0.0037667318247258,
        0.0031213317997753,
        -0.0010335175320506,
        0.0043136021122336,
        0.002548681339249,
        -0.0022559165954589,
        0.0002251830737804,
        0.0013433038257062,
        0.0019892985001206
    ],
    "omega_next": [
        0.001103607006371,
        0.0011888658627867,
        -0.0008096225792542,
        -0.0019835066050291,
        -0.0012442645383998,
        0.0017631988739594,
        0.0033920763526111,
        -0.0021518315188586,
        0.0030094480607658,
        -0.0006780268158763,
        0.0013196666259318,
        0.0014097198145464,
        -0.0001111280289478,
        0.0004102352831978,
        -0.0037667318247258,
        0.0031213317997753,
        -0.0010335175320506,
        0.0043136021122336,
        0.002548681339249,
        -0.0022559165954589,
        0.0002251830737804,
        0.0013433038257062,
        0.0019892985001206,
        0.000649397727102
    ],
    "phiDotL": [
        0.0,
        0.0,
        0.0,
        0.0,
        0.0,
        0.0,
        0.0,
        0.0,
        0.0,
        0.0,
        0.0,
        0.0,
        0.0,
        0.0,
        0.0,
        0.0,
        0.0,
        0.0,
        0.0,
        0.0,
        0.0,
        0.0,
        0.0,
        0.0
    ],
    "phiDotR": [
        0.0,
        0.0,
        0.0,
        0.0,
        0.0,
        0.0,
        0.0,
        0.0,
        0.0,
        0.0,
        0.0,
        0.0,
        0.0,
        0.0,
        0.0,
        0.0,
        0.0,
        0.0,
        0.0,
        0.0,
        0.0,
        0.0,
        0.0,
        0.0
    ]
}