{
    "segment_index": 2109,
    "A": 0.6228701903339366,
    "B1": 0.1316613238600834,
    "B2": -0.08973960159000259,
    "omega": [
        -0.196500614285469,
        -0.254218399524689,
        -0.273827850818634,
        -0.27420711517334,
        -0.198025554418564,
        -0.18281714618206,
        -0.229933172464371,
        -0.254242956638336,
        -0.250064969062805,
        -0.28321772813797,
        -0.288595169782639,
        -0.377783089876175,
        -0.368506908416748,
        -0.352191954851151,
        -0.439232587814331,
        -0.476905703544617,
        -0.520127534866333,
        -0.530061841011047,
        -0.472383916378021,
        -0.527870655059814,
        -0.541556477546692,
        -0.571529567241669,
        -0.540938675403595,
        -0.571350634098053
    ],
    "omega_next": [
        -0.254218399524689,
        -0.273827850818634,
        -0.27420711517334,
        -0.198025554418564,
        -0.18281714618206,
        -0.229933172464371,
        -0.254242956638336,
        -0.250064969062805,
        -0.28321772813797,
        -0.288595169782639,
        -0.377783089876175,
        -0.368506908416748,
        -0.352191954851151,
        -0.439232587814331,
        -0.476905703544617,
        -0.520127534866333,
        -0.530061841011047,
        -0.472383916378021,
        -0.527870655059814,
        -0.541556477546692,
        -0.571529567241669,
        -0.540938675403595,
        -0.571350634098053,
        -0.605632066726685
    ],
    "phiDotL": [
        1.0902483343428224,
        1.0902483343428224,
        1.029678982434888,
        1.029678982434888,
        0.9691096305269534,
        0.9691096305269534,
        0.9085402786190188,
        0.9085402786190188,
        0.8479709267110843,
        0.7874015748031497,
        0.7874015748031497,
        0.726832222895215,
        0.726832222895215,
        0.6662628709872804,
        0.6662628709872804,
        0.6056935190793459,
        0.6056935190793459,
        0.5451241671714112,
        0.5451241671714112,
        0.4845548152634767,
        0.4845548152634767,
        0.4239854633555421,
        0.3634161114476075,
        0.3634161114476075
    ],
    "phiDotR": [
        2.483343428225318,
        2.483343428225318,
        2.5439127801332524,
        2.5439127801332524,
        2.6044821320411877,
        2.6044821320411877,
        2.6650514839491217,
        2.6650514839491217,
        2.7256208358570566,
        2.786190187764991,
        2.786190187764991,
        2.846759539672925,
        2.846759539672925,
        2.90732889158086,
        2.90732889158086,
        2.967898243488795,
        2.967898243488795,
        3.0284675953967293,
        3.0284675953967293,
        3.089036947304664,
        3.089036947304664,
        3.1496062992125986,
        3.210175651120533,
        3.210175651120533
    ]
}