{
    "segment_index": 652,
    "A": 0.1424551688862252,
    "B1": 0.0,
    "B2": 0.0,
    "omega": [
        0.0016466493252664,
        -0.0009113176492974,
        0.0005172136588953,
        0.0011182164307683,
        0.0016147475689649,
        0.0022691830527037,
        -0.0010316824773326,
        0.0004762318567372,
        0.0022142464295029,
        0.0039830347523093,
        2.59529624599963e-05,
        0.0039875451475381,
        0.0032827458344399,
        0.0001966240961337,
        -0.0015994150890037,
        0.0016367571661248,
        0.0032958795782178,
        -0.0012580049224197,
        0.003868039464578,
        -0.0017250715754926,
        0.0008818312780931,
        0.0011225568596273,
        0.0006497291033156,
        0.0017051799222827
    ],
    "omega_next": [
        -0.0009113176492974,
        0.0005172136588953,
        0.0011182164307683,
        0.0016147475689649,
        0.0022691830527037,
        -0.0010316824773326,
        0.0004762318567372,
        0.0022142464295029,
        0.0039830347523093,
        2.59529624599963e-05,
        0.0039875451475381,
        0.0032827458344399,
        0.0001966240961337,
        -0.0015994150890037,
        0.0016367571661248,
        0.0032958795782178,
        -0.0012580049224197,
        0.003868039464578,
        -0.0017250715754926,
        0.0008818312780931,
        0.0011225568596273,
        0.0006497291033156,
        0.0017051799222827,
        0.0008617911953479
    ],
    "phiDotL": [
        0.0,
        0.0,
        0.0,
        0.0,
        0.0,
        0.0,
        0.0,
        0.0,
        0.0,
        0.0,
        0.0,
        0.0,
        0.0,
        0.0,
        0.0,
        0.0,
        0.0,
        0.0,
        0.0,
        0.0,
        0.0,
        0.0,
        0.0,
        0.0
    ],
    "phiDotR": [
        0.0,
        0.0,
        0.0,
        0.0,
        0.0,
        0.0,
        0.0,
        0.0,
        0.0,
        0.0,
        0.0,
        0.0,
        0.0,
        0.0,
        0.0,
        0.0,
        0.0,
        0.0,
        0.0,
        0.0,
        0.0,
        0.0,
        0.0,
        0.0
    ]
}