{
    "segment_index": 1437,
    "A": 0.677269706002714,
    "B1": 0.07466207243855434,
    "B2": -0.04707135805990904,
    "omega": [
        -0.369903117418289,
        -0.373985379934311,
        -0.373985379934311,
        -0.376004606485367,
        -0.379643142223358,
        -0.405318230390549,
        -0.442511051893234,
        -0.422721654176712,
        -0.422721654176712,
        -0.419858306646347,
        -0.431029230356216,
        -0.489780277013779,
        -0.47634282708168,
        -0.457987993955612,
        -0.453415662050247,
        -0.453415662050247,
        -0.504236459732056,
        -0.487562000751495,
        -0.487562000751495,
        -0.512278735637665,
        -0.56116771697998,
        -0.586978197097778,
        -0.61162930727005,
        -0.602310359477997
    ],
    "omega_next": [
        -0.373985379934311,
        -0.373985379934311,
        -0.376004606485367,
        -0.379643142223358,
        -0.405318230390549,
        -0.442511051893234,
        -0.422721654176712,
        -0.422721654176712,
        -0.419858306646347,
        -0.431029230356216,
        -0.489780277013779,
        -0.47634282708168,
        -0.457987993955612,
        -0.453415662050247,
        -0.453415662050247,
        -0.504236459732056,
        -0.487562000751495,
        -0.487562000751495,
        -0.512278735637665,
        -0.56116771697998,
        -0.586978197097778,
        -0.61162930727005,
        -0.602310359477997,
        -0.623932659626007
    ],
    "phiDotL": [
        0.4239854633555421,
        0.3634161114476075,
        0.3634161114476075,
        0.3028467595396729,
        0.3028467595396729,
        0.2422774076317383,
        0.2422774076317383,
        0.1817080557238037,
        0.1817080557238037,
        0.1211387038158691,
        0.1211387038158691,
        0.0605693519079345,
        0.0605693519079345,
        0.0,
        0.0,
        0.0,
        -0.0605693519079345,
        -0.0605693519079345,
        -0.1211387038158691,
        -0.1211387038158691,
        -0.1817080557238037,
        -0.1817080557238037,
        -0.2422774076317383,
        -0.2422774076317383
    ],
    "phiDotR": [
        3.1496062992125986,
        3.210175651120533,
        3.210175651120533,
        3.270745003028468,
        3.270745003028468,
        3.3313143549364024,
        3.3313143549364024,
        3.3918837068443373,
        3.3918837068443373,
        3.3918837068443373,
        3.3918837068443373,
        3.4524530587522717,
        3.4524530587522717,
        3.5735917625681406,
        3.5735917625681406,
        3.634161114476075,
        3.6947304663840095,
        3.6947304663840095,
        3.755299818291944,
        3.755299818291944,
        3.815869170199879,
        3.815869170199879,
        3.8764385221078137,
        3.8764385221078137
    ]
}