{
    "segment_index": 2365,
    "A": -0.4680282608448771,
    "B1": 0.00942060043194834,
    "B2": 0.008731288205213975,
    "omega": [
        -0.0145265683531761,
        -0.0142553299665451,
        -0.037678174674511,
        -0.036310862749815,
        -0.0354339480400085,
        -0.0351406000554562,
        -0.0249530524015427,
        -0.0461398847401142,
        -0.029935160651803,
        -0.074697770178318,
        0.0089274421334266,
        -0.0498627685010433,
        -0.0067307921126484,
        -0.0419518053531647,
        -0.0191570222377777,
        -0.0210446901619434,
        -0.0151578895747662,
        -0.0188182666897774,
        -0.0188182666897774,
        -0.0174209326505661,
        -0.0560744255781174,
        -0.0102582117542624,
        -0.0433589108288288,
        -0.0370139516890049
    ],
    "omega_next": [
        -0.0142553299665451,
        -0.037678174674511,
        -0.036310862749815,
        -0.0354339480400085,
        -0.0351406000554562,
        -0.0249530524015427,
        -0.0461398847401142,
        -0.029935160651803,
        -0.074697770178318,
        0.0089274421334266,
        -0.0498627685010433,
        -0.0067307921126484,
        -0.0419518053531647,
        -0.0191570222377777,
        -0.0210446901619434,
        -0.0151578895747662,
        -0.0188182666897774,
        -0.0188182666897774,
        -0.0174209326505661,
        -0.0560744255781174,
        -0.0102582117542624,
        -0.0433589108288288,
        -0.0370139516890049,
        -0.0368349887430668
    ],
    "phiDotL": [
        -2.483343428225318,
        -2.483343428225318,
        -2.483343428225318,
        -2.483343428225318,
        -2.483343428225318,
        -2.483343428225318,
        -2.483343428225318,
        -2.483343428225318,
        -2.483343428225318,
        -2.483343428225318,
        -2.483343428225318,
        -2.483343428225318,
        -2.483343428225318,
        -2.483343428225318,
        -2.483343428225318,
        -2.483343428225318,
        -2.483343428225318,
        -2.483343428225318,
        -2.483343428225318,
        -2.483343428225318,
        -2.483343428225318,
        -2.483343428225318,
        -2.483343428225318,
        -2.483343428225318
    ],
    "phiDotR": [
        -2.301635372501514,
        -2.301635372501514,
        -2.301635372501514,
        -2.301635372501514,
        -2.301635372501514,
        -2.301635372501514,
        -2.301635372501514,
        -2.301635372501514,
        -2.301635372501514,
        -2.301635372501514,
        -2.301635372501514,
        -2.301635372501514,
        -2.301635372501514,
        -2.301635372501514,
        -2.301635372501514,
        -2.301635372501514,
        -2.301635372501514,
        -2.301635372501514,
        -2.301635372501514,
        -2.301635372501514,
        -2.301635372501514,
        -2.301635372501514,
        -2.301635372501514,
        -2.301635372501514
    ]
}