{
    "segment_index": 1716,
    "A": 0.18281152992371502,
    "B1": 0.0,
    "B2": 0.0,
    "omega": [
        -0.0007201695116236,
        0.0012472525704652,
        -0.0001051105427904,
        0.0025349806528538,
        0.0017780638299882,
        -0.0004450193664524,
        0.0017407474806532,
        -0.0005724777001887,
        0.0017600647406652,
        0.0001894483866635,
        -0.003377788234502,
        -0.0027846121229231,
        0.0016998235369101,
        -0.0005381577066145,
        -0.0002890801115427,
        -0.0013517875922843,
        -0.0007782275206409,
        -0.0019466407829895,
        -0.0031917160376906,
        0.0024255830794572,
        0.0015076417475938,
        0.0022990871220827,
        0.0011905977735295,
        -0.001526212785393
    ],
    "omega_next": [
        0.0012472525704652,
        -0.0001051105427904,
        0.0025349806528538,
        0.0017780638299882,
        -0.0004450193664524,
        0.0017407474806532,
        -0.0005724777001887,
        0.0017600647406652,
        0.0001894483866635,
        -0.003377788234502,
        -0.0027846121229231,
        0.0016998235369101,
        -0.0005381577066145,
        -0.0002890801115427,
        -0.0013517875922843,
        -0.0007782275206409,
        -0.0019466407829895,
        -0.0031917160376906,
        0.0024255830794572,
        0.0015076417475938,
        0.0022990871220827,
        0.0011905977735295,
        -0.001526212785393,
        -0.0005754152080044
    ],
    "phiDotL": [
        0.0,
        0.0,
        0.0,
        0.0,
        0.0,
        0.0,
        0.0,
        0.0,
        0.0,
        0.0,
        0.0,
        0.0,
        0.0,
        0.0,
        0.0,
        0.0,
        0.0,
        0.0,
        0.0,
        0.0,
        0.0,
        0.0,
        0.0,
        0.0
    ],
    "phiDotR": [
        0.0,
        0.0,
        0.0,
        0.0,
        0.0,
        0.0,
        0.0,
        0.0,
        0.0,
        0.0,
        0.0,
        0.0,
        0.0,
        0.0,
        0.0,
        0.0,
        0.0,
        0.0,
        0.0,
        0.0,
        0.0,
        0.0,
        0.0,
        0.0
    ]
}