{
    "segment_index": 2299,
    "A": -0.14544515280061515,
    "B1": 0.0,
    "B2": 0.0,
    "omega": [
        0.0022548355627805,
        -0.0041123363189399,
        0.0011004384141415,
        0.0009029718348756,
        -0.0005810422007925,
        -0.001248929882422,
        -0.0017338700126856,
        -0.0017899139784276,
        0.0024936250410974,
        0.0044452748261392,
        0.0006544520147144,
        3.92748916056007e-05,
        0.00102533493191,
        -0.0012623877264559,
        -0.0016441772459074,
        -0.0033194520510733,
        0.0013132190797478,
        -0.0039151511155068,
        -0.001156426151283,
        0.0031147454865276,
        -0.0034310065675526,
        0.0007532236631959,
        8.5367399151437e-05,
        -0.0018962944159284
    ],
    "omega_next": [
        -0.0041123363189399,
        0.0011004384141415,
        0.0009029718348756,
        -0.0005810422007925,
        -0.001248929882422,
        -0.0017338700126856,
        -0.0017899139784276,
        0.0024936250410974,
        0.0044452748261392,
        0.0006544520147144,
        3.92748916056007e-05,
        0.00102533493191,
        -0.0012623877264559,
        -0.0016441772459074,
        -0.0033194520510733,
        0.0013132190797478,
        -0.0039151511155068,
        -0.001156426151283,
        0.0031147454865276,
        -0.0034310065675526,
        0.0007532236631959,
        8.5367399151437e-05,
        -0.0018962944159284,
        0.0020338599570095
    ],
    "phiDotL": [
        0.0,
        0.0,
        0.0,
        0.0,
        0.0,
        0.0,
        0.0,
        0.0,
        0.0,
        0.0,
        0.0,
        0.0,
        0.0,
        0.0,
        0.0,
        0.0,
        0.0,
        0.0,
        0.0,
        0.0,
        0.0,
        0.0,
        0.0,
        0.0
    ],
    "phiDotR": [
        0.0,
        0.0,
        0.0,
        0.0,
        0.0,
        0.0,
        0.0,
        0.0,
        0.0,
        0.0,
        0.0,
        0.0,
        0.0,
        0.0,
        0.0,
        0.0,
        0.0,
        0.0,
        0.0,
        0.0,
        0.0,
        0.0,
        0.0,
        0.0
    ]
}