{
    "segment_index": 2639,
    "A": -0.12698489722052445,
    "B1": 0.19949560937269875,
    "B2": -0.19080585121098068,
    "omega": [
        -0.0270296558737755,
        -0.0269323531538248,
        -0.0421574674546719,
        -0.0562264956533909,
        -0.0624399930238724,
        -0.12047616392374,
        -0.0896315351128578,
        -0.115780659019947,
        -0.0707459226250648,
        -0.144282191991806,
        -0.1541748046875,
        -0.138341024518013,
        -0.129312813282013,
        -0.18236830830574,
        -0.205853000283241,
        -0.249216347932816,
        -0.232532873749733,
        -0.204206958413124,
        -0.268139749765396,
        -0.215564772486687,
        -0.251215636730194,
        -0.258374482393265,
        -0.263592779636383,
        -0.267122447490692
    ],
    "omega_next": [
        -0.0269323531538248,
        -0.0421574674546719,
        -0.0562264956533909,
        -0.0624399930238724,
        -0.12047616392374,
        -0.0896315351128578,
        -0.115780659019947,
        -0.0707459226250648,
        -0.144282191991806,
        -0.1541748046875,
        -0.138341024518013,
        -0.129312813282013,
        -0.18236830830574,
        -0.205853000283241,
        -0.249216347932816,
        -0.232532873749733,
        -0.204206958413124,
        -0.268139749765396,
        -0.215564772486687,
        -0.251215636730194,
        -0.258374482393265,
        -0.263592779636383,
        -0.267122447490692,
        -0.285925477743149
    ],
    "phiDotL": [
        2.24106602059358,
        2.180496668685645,
        2.180496668685645,
        2.1199273167777104,
        2.1199273167777104,
        2.059357964869776,
        2.059357964869776,
        1.9987886129618413,
        1.9987886129618413,
        1.9382192610539069,
        1.877649909145972,
        1.877649909145972,
        1.8170805572380373,
        1.8170805572380373,
        1.6959418534221686,
        1.6959418534221686,
        1.6959418534221686,
        1.6959418534221686,
        1.635372501514234,
        1.635372501514234,
        1.5748031496062993,
        1.5748031496062993,
        1.5142337976983646,
        1.5142337976983646
    ],
    "phiDotR": [
        2.5439127801332524,
        2.6044821320411877,
        2.6044821320411877,
        2.6650514839491217,
        2.6650514839491217,
        2.7256208358570566,
        2.7256208358570566,
        2.786190187764991,
        2.786190187764991,
        2.846759539672925,
        2.90732889158086,
        2.90732889158086,
        2.967898243488795,
        2.967898243488795,
        3.0284675953967293,
        3.0284675953967293,
        3.089036947304664,
        3.089036947304664,
        3.1496062992125986,
        3.1496062992125986,
        3.210175651120533,
        3.210175651120533,
        3.270745003028468,
        3.270745003028468
    ]
}