{
    "segment_index": 1666,
    "A": -0.1662565008945818,
    "B1": 0.0,
    "B2": 0.0,
    "omega": [
        -0.001140093198046,
        0.000185729979421,
        0.0006789579056203,
        0.0015196781605482,
        -0.0038445512764155,
        0.0021293631289154,
        0.0006632774602621,
        0.0009952388936653,
        0.0012247740523889,
        -0.0001316295965807,
        -0.0005999104469083,
        -0.0006420791032724,
        -0.002732623135671,
        0.0046679587103426,
        0.0003237575292587,
        0.0006621805368922,
        0.0029383527580648,
        0.0004324704059399,
        0.0014395820908248,
        0.0018424375448375,
        0.0002526884200051,
        0.0018098688451573,
        -0.0011971162166446,
        0.000565935508348
    ],
    "omega_next": [
        0.000185729979421,
        0.0006789579056203,
        0.0015196781605482,
        -0.0038445512764155,
        0.0021293631289154,
        0.0006632774602621,
        0.0009952388936653,
        0.0012247740523889,
        -0.0001316295965807,
        -0.0005999104469083,
        -0.0006420791032724,
        -0.002732623135671,
        0.0046679587103426,
        0.0003237575292587,
        0.0006621805368922,
        0.0029383527580648,
        0.0004324704059399,
        0.0014395820908248,
        0.0018424375448375,
        0.0002526884200051,
        0.0018098688451573,
        -0.0011971162166446,
        0.000565935508348,
        0.0026592931244522
    ],
    "phiDotL": [
        0.0,
        0.0,
        0.0,
        0.0,
        0.0,
        0.0,
        0.0,
        0.0,
        0.0,
        0.0,
        0.0,
        0.0,
        0.0,
        0.0,
        0.0,
        0.0,
        0.0,
        0.0,
        0.0,
        0.0,
        0.0,
        0.0,
        0.0,
        0.0
    ],
    "phiDotR": [
        0.0,
        0.0,
        0.0,
        0.0,
        0.0,
        0.0,
        0.0,
        0.0,
        0.0,
        0.0,
        0.0,
        0.0,
        0.0,
        0.0,
        0.0,
        0.0,
        0.0,
        0.0,
        0.0,
        0.0,
        0.0,
        0.0,
        0.0,
        0.0
    ]
}