{
    "segment_index": 506,
    "A": 0.35073747302986247,
    "B1": 0.06332740053431142,
    "B2": -0.09459983824824902,
    "omega": [
        -0.492212444543839,
        -0.576176047325134,
        -0.540542900562286,
        -0.57586008310318,
        -0.576550424098969,
        -0.634756743907928,
        -0.581071138381958,
        -0.593635261058807,
        -0.655893623828888,
        -0.695058047771454,
        -0.605158388614655,
        -0.74390059709549,
        -0.748726367950439,
        -0.746949434280396,
        -0.761344194412231,
        -0.6595179438591,
        -0.647244989871979,
        -0.631265997886658,
        -0.698590576648712,
        -0.734423339366913,
        -0.708496034145355,
        -0.732684314250946,
        -0.722509801387787,
        -0.735761642456055
    ],
    "omega_next": [
        -0.576176047325134,
        -0.540542900562286,
        -0.57586008310318,
        -0.576550424098969,
        -0.634756743907928,
        -0.581071138381958,
        -0.593635261058807,
        -0.655893623828888,
        -0.695058047771454,
        -0.605158388614655,
        -0.74390059709549,
        -0.748726367950439,
        -0.746949434280396,
        -0.761344194412231,
        -0.6595179438591,
        -0.647244989871979,
        -0.631265997886658,
        -0.698590576648712,
        -0.734423339366913,
        -0.708496034145355,
        -0.732684314250946,
        -0.722509801387787,
        -0.735761642456055,
        -0.808155059814453
    ],
    "phiDotL": [
        -1.6959418534221686,
        -1.6959418534221686,
        -1.6959418534221686,
        -1.8170805572380373,
        -1.8170805572380373,
        -1.877649909145972,
        -1.877649909145972,
        -1.9382192610539069,
        -1.9382192610539069,
        -1.9987886129618413,
        -1.9987886129618413,
        -2.059357964869776,
        -2.059357964869776,
        -2.1199273167777104,
        -2.180496668685645,
        -2.180496668685645,
        -2.24106602059358,
        -2.24106602059358,
        -2.301635372501514,
        -2.301635372501514,
        -2.362204724409449,
        -2.362204724409449,
        -2.4227740763173835,
        -2.4227740763173835
    ],
    "phiDotR": [
        2.90732889158086,
        2.967898243488795,
        2.967898243488795,
        3.0284675953967293,
        3.0284675953967293,
        3.089036947304664,
        3.089036947304664,
        3.1496062992125986,
        3.1496062992125986,
        3.210175651120533,
        3.210175651120533,
        3.270745003028468,
        3.270745003028468,
        3.3313143549364024,
        3.3918837068443373,
        3.3918837068443373,
        3.3918837068443373,
        3.3918837068443373,
        3.4524530587522717,
        3.4524530587522717,
        3.5735917625681406,
        3.5735917625681406,
        3.634161114476075,
        3.634161114476075
    ]
}