{
    "segment_index": 807,
    "A": 0.6207843441159153,
    "B1": -0.13813934070839662,
    "B2": -0.09144379956965627,
    "omega": [
        -0.472866266965866,
        -0.427403301000595,
        -0.440162509679794,
        -0.53064101934433,
        -0.589105069637299,
        -0.586060225963593,
        -0.602658569812775,
        -0.63773900270462,
        -0.623078286647797,
        -0.598642110824585,
        -0.514564871788025,
        -0.470888167619705,
        -0.500315070152283,
        -0.5412677526474,
        -0.501998603343964,
        -0.368528634309769,
        -0.507875680923462,
        -0.458456426858902,
        -0.410356909036636,
        -0.412604779005051,
        -0.455260217189789,
        -0.520521342754364,
        -0.599075734615326,
        -0.544930636882782
    ],
    "omega_next": [
        -0.427403301000595,
        -0.440162509679794,
        -0.53064101934433,
        -0.589105069637299,
        -0.586060225963593,
        -0.602658569812775,
        -0.63773900270462,
        -0.623078286647797,
        -0.598642110824585,
        -0.514564871788025,
        -0.470888167619705,
        -0.500315070152283,
        -0.5412677526474,
        -0.501998603343964,
        -0.368528634309769,
        -0.507875680923462,
        -0.458456426858902,
        -0.410356909036636,
        -0.412604779005051,
        -0.455260217189789,
        -0.520521342754364,
        -0.599075734615326,
        -0.544930636882782,
        -0.494910597801208
    ],
    "phiDotL": [
        -0.1817080557238037,
        -0.2422774076317383,
        -0.2422774076317383,
        -0.3028467595396729,
        -0.3028467595396729,
        -0.3634161114476075,
        -0.3634161114476075,
        -0.4239854633555421,
        -0.4239854633555421,
        -0.4845548152634767,
        -0.4845548152634767,
        -0.5451241671714112,
        -0.5451241671714112,
        -0.6056935190793459,
        -0.6662628709872804,
        -0.6662628709872804,
        -0.726832222895215,
        -0.726832222895215,
        -0.7874015748031497,
        -0.7874015748031497,
        -0.8479709267110843,
        -0.8479709267110843,
        -0.9085402786190188,
        -0.9085402786190188
    ],
    "phiDotR": [
        2.6044821320411877,
        2.6650514839491217,
        2.6650514839491217,
        2.7256208358570566,
        2.7256208358570566,
        2.786190187764991,
        2.786190187764991,
        2.846759539672925,
        2.846759539672925,
        2.90732889158086,
        2.90732889158086,
        2.967898243488795,
        2.967898243488795,
        3.0284675953967293,
        3.089036947304664,
        3.089036947304664,
        3.1496062992125986,
        3.1496062992125986,
        3.210175651120533,
        3.210175651120533,
        3.270745003028468,
        3.270745003028468,
        3.3313143549364024,
        3.3313143549364024
    ]
}