{
    "segment_index": 61,
    "A": 0.23829438083338175,
    "B1": 0.0,
    "B2": 0.0,
    "omega": [
        -0.0013646576553583,
        0.0009242906235158,
        -0.0007653140928596,
        0.0020880345255136,
        -0.0001490050344727,
        0.0016856457805261,
        0.0008908563759177,
        -0.0014734565047547,
        0.0009936150163412,
        0.0014627586351707,
        0.0014100117841735,
        0.0006843909504823,
        0.0015869083581492,
        -0.0042461538687348,
        -0.0006501286989077,
        0.0021591791883111,
        0.0017261689063161,
        0.0039661689661443,
        0.001103607006371,
        0.0011888658627867,
        -0.0008096225792542,
        -0.0019835066050291,
        -0.0012442645383998,
        0.0017631988739594
    ],
    "omega_next": [
        0.0009242906235158,
        -0.0007653140928596,
        0.0020880345255136,
        -0.0001490050344727,
        0.0016856457805261,
        0.0008908563759177,
        -0.0014734565047547,
        0.0009936150163412,
        0.0014627586351707,
        0.0014100117841735,
        0.0006843909504823,
        0.0015869083581492,
        -0.0042461538687348,
        -0.0006501286989077,
        0.0021591791883111,
        0.0017261689063161,
        0.0039661689661443,
        0.001103607006371,
        0.0011888658627867,
        -0.0008096225792542,
        -0.0019835066050291,
        -0.0012442645383998,
        0.0017631988739594,
        0.0033920763526111
    ],
    "phiDotL": [
        0.0,
        0.0,
        0.0,
        0.0,
        0.0,
        0.0,
        0.0,
        0.0,
        0.0,
        0.0,
        0.0,
        0.0,
        0.0,
        0.0,
        0.0,
        0.0,
        0.0,
        0.0,
        0.0,
        0.0,
        0.0,
        0.0,
        0.0,
        0.0
    ],
    "phiDotR": [
        0.0,
        0.0,
        0.0,
        0.0,
        0.0,
        0.0,
        0.0,
        0.0,
        0.0,
        0.0,
        0.0,
        0.0,
        0.0,
        0.0,
        0.0,
        0.0,
        0.0,
        0.0,
        0.0,
        0.0,
        0.0,
        0.0,
        0.0,
        0.0
    ]
}