{
    "segment_index": 282,
    "A": 0.3768138191403723,
    "B1": -0.11035778639022276,
    "B2": -0.3290745935240948,
    "omega": [
        1.52364385128021,
        1.51142704486847,
        1.50486981868744,
        1.48071026802063,
        1.43748712539673,
        1.43457508087158,
        1.48189675807953,
        1.44832837581635,
        1.38435971736908,
        1.46528840065002,
        1.60938382148743,
        1.62985682487488,
        1.52657556533813,
        1.48983907699585,
        1.55034804344177,
        1.52490746974945,
        1.51420950889587,
        1.55952620506287,
        1.5103086233139,
        1.47164809703827,
        1.53073668479919,
        1.52616477012634,
        1.53929340839386,
        1.56310307979584
    ],
    "omega_next": [
        1.51142704486847,
        1.50486981868744,
        1.48071026802063,
        1.43748712539673,
        1.43457508087158,
        1.48189675807953,
        1.44832837581635,
        1.38435971736908,
        1.46528840065002,
        1.60938382148743,
        1.62985682487488,
        1.52657556533813,
        1.48983907699585,
        1.55034804344177,
        1.52490746974945,
        1.51420950889587,
        1.55952620506287,
        1.5103086233139,
        1.47164809703827,
        1.53073668479919,
        1.52616477012634,
        1.53929340839386,
        1.56310307979584,
        1.5448762178421
    ],
    "phiDotL": [
        6.0569351907934585,
        6.0569351907934585,
        6.0569351907934585,
        6.0569351907934585,
        6.0569351907934585,
        6.0569351907934585,
        6.0569351907934585,
        6.0569351907934585,
        6.0569351907934585,
        6.0569351907934585,
        6.0569351907934585,
        6.0569351907934585,
        6.0569351907934585,
        6.0569351907934585,
        6.0569351907934585,
        6.0569351907934585,
        6.0569351907934585,
        6.0569351907934585,
        6.0569351907934585,
        6.0569351907934585,
        6.0569351907934585,
        6.0569351907934585,
        6.0569351907934585,
        5.996365838885524
    ],
    "phiDotR": [
        -4.845548152634767,
        -4.845548152634767,
        -4.845548152634767,
        -4.845548152634767,
        -4.845548152634767,
        -4.845548152634767,
        -4.845548152634767,
        -4.845548152634767,
        -4.845548152634767,
        -4.845548152634767,
        -4.906117504542702,
        -4.906117504542702,
        -4.906117504542702,
        -4.906117504542702,
        -4.906117504542702,
        -4.906117504542702,
        -4.906117504542702,
        -4.906117504542702,
        -4.906117504542702,
        -4.906117504542702,
        -4.966686856450636,
        -4.966686856450636,
        -4.966686856450636,
        -4.966686856450636
    ]
}