{
    "segment_index": 3023,
    "A": 0.6977577229398825,
    "B1": 0.06316400617588883,
    "B2": 0.05675971255778719,
    "omega": [
        0.863031148910522,
        0.976277053356171,
        1.02315306663513,
        0.933725535869598,
        1.02977657318115,
        1.10626125335693,
        1.07704305648804,
        1.01289403438568,
        0.957188844680786,
        0.926542162895203,
        0.910264909267426,
        0.923901319503784,
        0.933266222476959,
        0.939058899879456,
        0.918879926204681,
        0.884111166000366,
        0.863445520401001,
        0.874664664268494,
        0.862007915973663,
        0.882544934749603,
        0.899343609809875,
        0.972293794155121,
        1.03376960754395,
        1.01686263084412
    ],
    "omega_next": [
        0.976277053356171,
        1.02315306663513,
        0.933725535869598,
        1.02977657318115,
        1.10626125335693,
        1.07704305648804,
        1.01289403438568,
        0.957188844680786,
        0.926542162895203,
        0.910264909267426,
        0.923901319503784,
        0.933266222476959,
        0.939058899879456,
        0.918879926204681,
        0.884111166000366,
        0.863445520401001,
        0.874664664268494,
        0.862007915973663,
        0.882544934749603,
        0.899343609809875,
        0.972293794155121,
        1.03376960754395,
        1.01686263084412,
        1.04628801345825
    ],
    "phiDotL": [
        6.0569351907934585,
        6.0569351907934585,
        6.0569351907934585,
        6.0569351907934585,
        6.0569351907934585,
        6.0569351907934585,
        6.0569351907934585,
        6.0569351907934585,
        6.0569351907934585,
        6.0569351907934585,
        6.0569351907934585,
        6.0569351907934585,
        6.0569351907934585,
        6.0569351907934585,
        5.996365838885524,
        6.0569351907934585,
        6.0569351907934585,
        6.0569351907934585,
        6.0569351907934585,
        6.0569351907934585,
        6.0569351907934585,
        6.0569351907934585,
        6.0569351907934585,
        6.0569351907934585
    ],
    "phiDotR": [
        -1.2719563900666262,
        -1.3325257419745609,
        -1.3325257419745609,
        -1.3325257419745609,
        -1.3930950938824955,
        -1.3930950938824955,
        -1.45366444579043,
        -1.45366444579043,
        -1.45366444579043,
        -1.5142337976983646,
        -1.5142337976983646,
        -1.5142337976983646,
        -1.5748031496062993,
        -1.5748031496062993,
        -1.5748031496062993,
        -1.635372501514234,
        -1.635372501514234,
        -1.6959418534221686,
        -1.6959418534221686,
        -1.6959418534221686,
        -1.6959418534221686,
        -1.6959418534221686,
        -1.6959418534221686,
        -1.8170805572380373
    ]
}