{
    "segment_index": 2645,
    "A": 0.2403458119934766,
    "B1": 0.09380369903559574,
    "B2": -0.10492183917169386,
    "omega": [
        -0.0896315351128578,
        -0.115780659019947,
        -0.0707459226250648,
        -0.144282191991806,
        -0.1541748046875,
        -0.138341024518013,
        -0.129312813282013,
        -0.18236830830574,
        -0.205853000283241,
        -0.249216347932816,
        -0.232532873749733,
        -0.204206958413124,
        -0.268139749765396,
        -0.215564772486687,
        -0.251215636730194,
        -0.258374482393265,
        -0.263592779636383,
        -0.267122447490692,
        -0.285925477743149,
        -0.284276723861694,
        -0.282435476779938,
        -0.274229556322098,
        -0.253107339143753,
        -0.308225214481354
    ],
    "omega_next": [
        -0.115780659019947,
        -0.0707459226250648,
        -0.144282191991806,
        -0.1541748046875,
        -0.138341024518013,
        -0.129312813282013,
        -0.18236830830574,
        -0.205853000283241,
        -0.249216347932816,
        -0.232532873749733,
        -0.204206958413124,
        -0.268139749765396,
        -0.215564772486687,
        -0.251215636730194,
        -0.258374482393265,
        -0.263592779636383,
        -0.267122447490692,
        -0.285925477743149,
        -0.284276723861694,
        -0.282435476779938,
        -0.274229556322098,
        -0.253107339143753,
        -0.308225214481354,
        -0.303101658821106
    ],
    "phiDotL": [
        2.059357964869776,
        1.9987886129618413,
        1.9987886129618413,
        1.9382192610539069,
        1.877649909145972,
        1.877649909145972,
        1.8170805572380373,
        1.8170805572380373,
        1.6959418534221686,
        1.6959418534221686,
        1.6959418534221686,
        1.6959418534221686,
        1.635372501514234,
        1.635372501514234,
        1.5748031496062993,
        1.5748031496062993,
        1.5142337976983646,
        1.5142337976983646,
        1.45366444579043,
        1.3930950938824955,
        1.3930950938824955,
        1.3325257419745609,
        1.3325257419745609,
        1.2719563900666262
    ],
    "phiDotR": [
        2.7256208358570566,
        2.786190187764991,
        2.786190187764991,
        2.846759539672925,
        2.90732889158086,
        2.90732889158086,
        2.967898243488795,
        2.967898243488795,
        3.0284675953967293,
        3.0284675953967293,
        3.089036947304664,
        3.089036947304664,
        3.1496062992125986,
        3.1496062992125986,
        3.210175651120533,
        3.210175651120533,
        3.270745003028468,
        3.270745003028468,
        3.3313143549364024,
        3.3918837068443373,
        3.3918837068443373,
        3.3918837068443373,
        3.3918837068443373,
        3.4524530587522717
    ]
}