{
    "segment_index": 1217,
    "A": 0.5254117444629413,
    "B1": -0.03982361158223797,
    "B2": -0.23666264213445343,
    "omega": [
        1.32586264610291,
        1.33675599098206,
        1.25590038299561,
        1.27328431606293,
        1.30121183395386,
        1.30163145065308,
        1.23452889919281,
        1.24504327774048,
        1.30255627632141,
        1.32990324497223,
        1.37754237651825,
        1.34180152416229,
        1.27716028690338,
        1.32874441146851,
        1.31490230560303,
        1.33265662193298,
        1.35609722137451,
        1.35438072681427,
        1.40280508995056,
        1.40389466285706,
        1.39713037014008,
        1.42083728313446,
        1.4116188287735,
        1.41320312023163
    ],
    "omega_next": [
        1.33675599098206,
        1.25590038299561,
        1.27328431606293,
        1.30121183395386,
        1.30163145065308,
        1.23452889919281,
        1.24504327774048,
        1.30255627632141,
        1.32990324497223,
        1.37754237651825,
        1.34180152416229,
        1.27716028690338,
        1.32874441146851,
        1.31490230560303,
        1.33265662193298,
        1.35609722137451,
        1.35438072681427,
        1.40280508995056,
        1.40389466285706,
        1.39713037014008,
        1.42083728313446,
        1.4116188287735,
        1.41320312023163,
        1.38471615314484
    ],
    "phiDotL": [
        5.93579648697759,
        5.996365838885524,
        5.996365838885524,
        6.0569351907934585,
        6.0569351907934585,
        6.0569351907934585,
        6.0569351907934585,
        6.0569351907934585,
        6.0569351907934585,
        6.0569351907934585,
        6.0569351907934585,
        6.0569351907934585,
        6.0569351907934585,
        6.0569351907934585,
        6.0569351907934585,
        6.0569351907934585,
        6.0569351907934585,
        6.0569351907934585,
        6.0569351907934585,
        6.0569351907934585,
        6.0569351907934585,
        6.0569351907934585,
        6.0569351907934585,
        6.0569351907934585
    ],
    "phiDotR": [
        -3.4524530587522717,
        -3.5735917625681406,
        -3.5735917625681406,
        -3.634161114476075,
        -3.634161114476075,
        -3.634161114476075,
        -3.634161114476075,
        -3.634161114476075,
        -3.6947304663840095,
        -3.6947304663840095,
        -3.6947304663840095,
        -3.6947304663840095,
        -3.6947304663840095,
        -3.755299818291944,
        -3.755299818291944,
        -3.755299818291944,
        -3.755299818291944,
        -3.755299818291944,
        -3.815869170199879,
        -3.815869170199879,
        -3.815869170199879,
        -3.815869170199879,
        -3.815869170199879,
        -3.815869170199879
    ]
}