{
    "segment_index": 471,
    "A": 0.6316457116047269,
    "B1": -0.12832337098695168,
    "B2": -0.15795029030126675,
    "omega": [
        -0.307515531778336,
        -0.369305372238159,
        -0.477433651685715,
        -0.501430094242096,
        -0.397338151931763,
        -0.470194220542908,
        -0.522992610931396,
        -0.52977043390274,
        -0.648348987102509,
        -0.716390192508698,
        -0.701163768768311,
        -0.643263220787048,
        -0.529055953025818,
        -0.562795221805573,
        -0.606019020080566,
        -0.58707058429718,
        -0.629106402397156,
        -0.631256878376007,
        -0.634103655815125,
        -0.574220478534698,
        -0.618105709552765,
        -0.56416267156601,
        -0.578934192657471,
        -0.596404135227203
    ],
    "omega_next": [
        -0.369305372238159,
        -0.477433651685715,
        -0.501430094242096,
        -0.397338151931763,
        -0.470194220542908,
        -0.522992610931396,
        -0.52977043390274,
        -0.648348987102509,
        -0.716390192508698,
        -0.701163768768311,
        -0.643263220787048,
        -0.529055953025818,
        -0.562795221805573,
        -0.606019020080566,
        -0.58707058429718,
        -0.629106402397156,
        -0.631256878376007,
        -0.634103655815125,
        -0.574220478534698,
        -0.618105709552765,
        -0.56416267156601,
        -0.578934192657471,
        -0.596404135227203,
        -0.620078980922699
    ],
    "phiDotL": [
        -0.5451241671714112,
        -0.6056935190793459,
        -0.6056935190793459,
        -0.6662628709872804,
        -0.6662628709872804,
        -0.726832222895215,
        -0.7874015748031497,
        -0.7874015748031497,
        -0.8479709267110843,
        -0.8479709267110843,
        -0.9085402786190188,
        -0.9085402786190188,
        -0.9691096305269534,
        -0.9691096305269534,
        -1.029678982434888,
        -1.029678982434888,
        -1.0902483343428224,
        -1.0902483343428224,
        -1.150817686250757,
        -1.150817686250757,
        -1.2113870381586918,
        -1.2719563900666262,
        -1.2719563900666262,
        -1.3325257419745609
    ],
    "phiDotR": [
        1.6959418534221686,
        1.8170805572380373,
        1.8170805572380373,
        1.877649909145972,
        1.877649909145972,
        1.9382192610539069,
        1.9987886129618413,
        1.9987886129618413,
        2.059357964869776,
        2.059357964869776,
        2.1199273167777104,
        2.1199273167777104,
        2.180496668685645,
        2.180496668685645,
        2.24106602059358,
        2.24106602059358,
        2.301635372501514,
        2.301635372501514,
        2.362204724409449,
        2.362204724409449,
        2.4227740763173835,
        2.483343428225318,
        2.483343428225318,
        2.5439127801332524
    ]
}