{
    "segment_index": 3047,
    "A": 0.5407157147440371,
    "B1": 0.05353340433777414,
    "B2": -0.09710449667412765,
    "omega": [
        1.04628801345825,
        1.03548455238342,
        1.06639409065247,
        1.10432493686676,
        1.07818305492401,
        1.05740940570831,
        1.03941380977631,
        1.13971674442291,
        1.09451389312744,
        1.18176639080048,
        1.18543100357056,
        1.18173599243164,
        1.18601393699646,
        1.1602725982666,
        1.11455202102661,
        1.08293604850769,
        1.10998868942261,
        1.08722460269928,
        1.12149977684021,
        1.13793325424194,
        1.18758976459503,
        1.18037164211273,
        1.19327580928802,
        1.16715800762177
    ],
    "omega_next": [
        1.03548455238342,
        1.06639409065247,
        1.10432493686676,
        1.07818305492401,
        1.05740940570831,
        1.03941380977631,
        1.13971674442291,
        1.09451389312744,
        1.18176639080048,
        1.18543100357056,
        1.18173599243164,
        1.18601393699646,
        1.1602725982666,
        1.11455202102661,
        1.08293604850769,
        1.10998868942261,
        1.08722460269928,
        1.12149977684021,
        1.13793325424194,
        1.18758976459503,
        1.18037164211273,
        1.19327580928802,
        1.16715800762177,
        1.15943193435669
    ],
    "phiDotL": [
        6.0569351907934585,
        6.0569351907934585,
        6.0569351907934585,
        5.996365838885524,
        6.0569351907934585,
        5.996365838885524,
        6.0569351907934585,
        6.0569351907934585,
        6.0569351907934585,
        6.0569351907934585,
        6.0569351907934585,
        6.0569351907934585,
        6.0569351907934585,
        6.0569351907934585,
        6.0569351907934585,
        6.0569351907934585,
        6.0569351907934585,
        6.0569351907934585,
        6.0569351907934585,
        6.0569351907934585,
        6.0569351907934585,
        6.0569351907934585,
        6.0569351907934585,
        6.0569351907934585
    ],
    "phiDotR": [
        -1.8170805572380373,
        -1.8170805572380373,
        -1.877649909145972,
        -1.877649909145972,
        -1.877649909145972,
        -1.877649909145972,
        -1.9382192610539069,
        -1.9382192610539069,
        -1.9382192610539069,
        -1.9987886129618413,
        -1.9987886129618413,
        -1.9987886129618413,
        -2.059357964869776,
        -2.059357964869776,
        -2.059357964869776,
        -2.059357964869776,
        -2.1199273167777104,
        -2.1199273167777104,
        -2.1199273167777104,
        -2.180496668685645,
        -2.180496668685645,
        -2.180496668685645,
        -2.180496668685645,
        -2.24106602059358
    ]
}