{
    "segment_index": 476,
    "A": 0.5059143611142771,
    "B1": -0.2096031203093229,
    "B2": -0.2336304121296585,
    "omega": [
        -0.470194220542908,
        -0.522992610931396,
        -0.52977043390274,
        -0.648348987102509,
        -0.716390192508698,
        -0.701163768768311,
        -0.643263220787048,
        -0.529055953025818,
        -0.562795221805573,
        -0.606019020080566,
        -0.58707058429718,
        -0.629106402397156,
        -0.631256878376007,
        -0.634103655815125,
        -0.574220478534698,
        -0.618105709552765,
        -0.56416267156601,
        -0.578934192657471,
        -0.596404135227203,
        -0.620078980922699,
        -0.594412326812744,
        -0.64644455909729,
        -0.72603964805603,
        -0.651346564292908
    ],
    "omega_next": [
        -0.522992610931396,
        -0.52977043390274,
        -0.648348987102509,
        -0.716390192508698,
        -0.701163768768311,
        -0.643263220787048,
        -0.529055953025818,
        -0.562795221805573,
        -0.606019020080566,
        -0.58707058429718,
        -0.629106402397156,
        -0.631256878376007,
        -0.634103655815125,
        -0.574220478534698,
        -0.618105709552765,
        -0.56416267156601,
        -0.578934192657471,
        -0.596404135227203,
        -0.620078980922699,
        -0.594412326812744,
        -0.64644455909729,
        -0.72603964805603,
        -0.651346564292908,
        -0.69251823425293
    ],
    "phiDotL": [
        -0.726832222895215,
        -0.7874015748031497,
        -0.7874015748031497,
        -0.8479709267110843,
        -0.8479709267110843,
        -0.9085402786190188,
        -0.9085402786190188,
        -0.9691096305269534,
        -0.9691096305269534,
        -1.029678982434888,
        -1.029678982434888,
        -1.0902483343428224,
        -1.0902483343428224,
        -1.150817686250757,
        -1.150817686250757,
        -1.2113870381586918,
        -1.2719563900666262,
        -1.2719563900666262,
        -1.3325257419745609,
        -1.3325257419745609,
        -1.3930950938824955,
        -1.3930950938824955,
        -1.45366444579043,
        -1.45366444579043
    ],
    "phiDotR": [
        1.9382192610539069,
        1.9987886129618413,
        1.9987886129618413,
        2.059357964869776,
        2.059357964869776,
        2.1199273167777104,
        2.1199273167777104,
        2.180496668685645,
        2.180496668685645,
        2.24106602059358,
        2.24106602059358,
        2.301635372501514,
        2.301635372501514,
        2.362204724409449,
        2.362204724409449,
        2.4227740763173835,
        2.483343428225318,
        2.483343428225318,
        2.5439127801332524,
        2.5439127801332524,
        2.6044821320411877,
        2.6044821320411877,
        2.6650514839491217,
        2.6650514839491217
    ]
}