{
    "segment_index": 2076,
    "A": -0.15608383738419343,
    "B1": 0.2961227749738796,
    "B2": -0.25882273005275436,
    "omega": [
        -0.0012124695349484,
        -0.0052952943369746,
        0.0043452121317386,
        0.0024092600215226,
        -0.000909364898689,
        -1.8816066585714e-05,
        0.0014135342789813,
        0.0015651118010282,
        0.0005365770775824,
        -0.0005135876708664,
        0.0015751814935356,
        0.0005001825629733,
        0.0036942942533642,
        -0.0023740450851619,
        0.0215227231383324,
        0.0266945753246546,
        0.04022067040205,
        -0.046398289501667,
        -0.0543232783675194,
        -0.0201588831841946,
        -0.0634020641446114,
        -0.0485684312880039,
        -0.0839724764227867,
        -0.106311932206154
    ],
    "omega_next": [
        -0.0052952943369746,
        0.0043452121317386,
        0.0024092600215226,
        -0.000909364898689,
        -1.8816066585714e-05,
        0.0014135342789813,
        0.0015651118010282,
        0.0005365770775824,
        -0.0005135876708664,
        0.0015751814935356,
        0.0005001825629733,
        0.0036942942533642,
        -0.0023740450851619,
        0.0215227231383324,
        0.0266945753246546,
        0.04022067040205,
        -0.046398289501667,
        -0.0543232783675194,
        -0.0201588831841946,
        -0.0634020641446114,
        -0.0485684312880039,
        -0.0839724764227867,
        -0.106311932206154,
        -0.101507507264614
    ],
    "phiDotL": [
        0.0,
        0.0,
        0.0,
        0.0,
        0.0,
        0.0,
        0.0,
        0.0,
        0.0,
        0.0,
        0.0,
        0.0,
        0.0,
        0.0,
        1.6959418534221686,
        1.6959418534221686,
        1.635372501514234,
        1.635372501514234,
        1.5748031496062993,
        1.5748031496062993,
        1.5142337976983646,
        1.5142337976983646,
        1.45366444579043,
        1.45366444579043
    ],
    "phiDotR": [
        0.0,
        0.0,
        0.0,
        0.0,
        0.0,
        0.0,
        0.0,
        0.0,
        0.0,
        0.0,
        0.0,
        0.0,
        0.0,
        0.0,
        1.877649909145972,
        1.877649909145972,
        1.9382192610539069,
        1.9382192610539069,
        1.9987886129618413,
        1.9987886129618413,
        2.059357964869776,
        2.059357964869776,
        2.1199273167777104,
        2.1199273167777104
    ]
}