{
    "segment_index": 1513,
    "A": 0.8812962805241955,
    "B1": -0.14917173241476286,
    "B2": -0.0812420435844815,
    "omega": [
        -1.05691075325012,
        -1.07151675224304,
        -1.07151675224304,
        -1.09975278377533,
        -1.13566720485687,
        -1.16602849960327,
        -1.16059172153473,
        -1.19441616535187,
        -1.20510566234589,
        -1.22389090061188,
        -1.17724072933197,
        -1.1784975528717,
        -1.19395792484283,
        -1.22180223464966,
        -1.21425223350525,
        -1.20761203765869,
        -1.19785404205322,
        -1.17415976524353,
        -1.15749061107635,
        -1.18938362598419,
        -1.1883145570755,
        -1.07016444206238,
        -1.02947676181793,
        -1.02947676181793
    ],
    "omega_next": [
        -1.07151675224304,
        -1.07151675224304,
        -1.09975278377533,
        -1.13566720485687,
        -1.16602849960327,
        -1.16059172153473,
        -1.19441616535187,
        -1.20510566234589,
        -1.22389090061188,
        -1.17724072933197,
        -1.1784975528717,
        -1.19395792484283,
        -1.22180223464966,
        -1.21425223350525,
        -1.20761203765869,
        -1.19785404205322,
        -1.17415976524353,
        -1.15749061107635,
        -1.18938362598419,
        -1.1883145570755,
        -1.07016444206238,
        -1.02947676181793,
        -1.02947676181793,
        -1.01751935482025
    ],
    "phiDotL": [
        -1.9987886129618413,
        -1.9987886129618413,
        -2.059357964869776,
        -2.059357964869776,
        -2.1199273167777104,
        -2.1199273167777104,
        -2.180496668685645,
        -2.180496668685645,
        -2.24106602059358,
        -2.24106602059358,
        -2.301635372501514,
        -2.362204724409449,
        -2.362204724409449,
        -2.4227740763173835,
        -2.4227740763173835,
        -2.4227740763173835,
        -2.483343428225318,
        -2.483343428225318,
        -2.483343428225318,
        -2.483343428225318,
        -2.5439127801332524,
        -2.5439127801332524,
        -2.5439127801332524,
        -2.6044821320411877
    ],
    "phiDotR": [
        5.632949727437917,
        5.632949727437917,
        5.693519079345851,
        5.693519079345851,
        5.754088431253785,
        5.754088431253785,
        5.81465778316172,
        5.81465778316172,
        5.875227135069655,
        5.875227135069655,
        5.93579648697759,
        5.996365838885524,
        5.996365838885524,
        6.0569351907934585,
        6.0569351907934585,
        6.0569351907934585,
        6.0569351907934585,
        6.0569351907934585,
        6.0569351907934585,
        6.0569351907934585,
        6.0569351907934585,
        6.0569351907934585,
        6.0569351907934585,
        6.0569351907934585
    ]
}