{
    "segment_index": 3041,
    "A": 0.7200632755929108,
    "B1": 0.03309395041818486,
    "B2": -0.057398302060247056,
    "omega": [
        0.862007915973663,
        0.882544934749603,
        0.899343609809875,
        0.972293794155121,
        1.03376960754395,
        1.01686263084412,
        1.04628801345825,
        1.03548455238342,
        1.06639409065247,
        1.10432493686676,
        1.07818305492401,
        1.05740940570831,
        1.03941380977631,
        1.13971674442291,
        1.09451389312744,
        1.18176639080048,
        1.18543100357056,
        1.18173599243164,
        1.18601393699646,
        1.1602725982666,
        1.11455202102661,
        1.08293604850769,
        1.10998868942261,
        1.08722460269928
    ],
    "omega_next": [
        0.882544934749603,
        0.899343609809875,
        0.972293794155121,
        1.03376960754395,
        1.01686263084412,
        1.04628801345825,
        1.03548455238342,
        1.06639409065247,
        1.10432493686676,
        1.07818305492401,
        1.05740940570831,
        1.03941380977631,
        1.13971674442291,
        1.09451389312744,
        1.18176639080048,
        1.18543100357056,
        1.18173599243164,
        1.18601393699646,
        1.1602725982666,
        1.11455202102661,
        1.08293604850769,
        1.10998868942261,
        1.08722460269928,
        1.12149977684021
    ],
    "phiDotL": [
        6.0569351907934585,
        6.0569351907934585,
        6.0569351907934585,
        6.0569351907934585,
        6.0569351907934585,
        6.0569351907934585,
        6.0569351907934585,
        6.0569351907934585,
        6.0569351907934585,
        5.996365838885524,
        6.0569351907934585,
        5.996365838885524,
        6.0569351907934585,
        6.0569351907934585,
        6.0569351907934585,
        6.0569351907934585,
        6.0569351907934585,
        6.0569351907934585,
        6.0569351907934585,
        6.0569351907934585,
        6.0569351907934585,
        6.0569351907934585,
        6.0569351907934585,
        6.0569351907934585
    ],
    "phiDotR": [
        -1.6959418534221686,
        -1.6959418534221686,
        -1.6959418534221686,
        -1.6959418534221686,
        -1.6959418534221686,
        -1.8170805572380373,
        -1.8170805572380373,
        -1.8170805572380373,
        -1.877649909145972,
        -1.877649909145972,
        -1.877649909145972,
        -1.877649909145972,
        -1.9382192610539069,
        -1.9382192610539069,
        -1.9382192610539069,
        -1.9987886129618413,
        -1.9987886129618413,
        -1.9987886129618413,
        -2.059357964869776,
        -2.059357964869776,
        -2.059357964869776,
        -2.059357964869776,
        -2.1199273167777104,
        -2.1199273167777104
    ]
}