{
    "segment_index": 2447,
    "A": -0.07450691590119034,
    "B1": 0.0,
    "B2": 0.0,
    "omega": [
        -0.0001141817774623,
        -0.0005632456741295,
        0.0033269855193793,
        0.000857085629832,
        -0.0036280753556639,
        0.003594507696107,
        -9.61025507422164e-05,
        0.0004636990779545,
        -0.0005998816341161,
        0.0015381305711343,
        0.0020213581155985,
        0.0009605925879441,
        -2.14805877476465e-05,
        0.000992291374132,
        -0.0022499489132314,
        -0.0023220279254019,
        0.0024071130901575,
        0.0023092930205166,
        -0.0001820940087782,
        -0.0011720712063834,
        -0.0035928012803196,
        0.0009277460630983,
        -0.0013003644999116,
        -0.001719897496514
    ],
    "omega_next": [
        -0.0005632456741295,
        0.0033269855193793,
        0.000857085629832,
        -0.0036280753556639,
        0.003594507696107,
        -9.61025507422164e-05,
        0.0004636990779545,
        -0.0005998816341161,
        0.0015381305711343,
        0.0020213581155985,
        0.0009605925879441,
        -2.14805877476465e-05,
        0.000992291374132,
        -0.0022499489132314,
        -0.0023220279254019,
        0.0024071130901575,
        0.0023092930205166,
        -0.0001820940087782,
        -0.0011720712063834,
        -0.0035928012803196,
        0.0009277460630983,
        -0.0013003644999116,
        -0.001719897496514,
        -0.0002499943075235
    ],
    "phiDotL": [
        0.0,
        0.0,
        0.0,
        0.0,
        0.0,
        0.0,
        0.0,
        0.0,
        0.0,
        0.0,
        0.0,
        0.0,
        0.0,
        0.0,
        0.0,
        0.0,
        0.0,
        0.0,
        0.0,
        0.0,
        0.0,
        0.0,
        0.0,
        0.0
    ],
    "phiDotR": [
        0.0,
        0.0,
        0.0,
        0.0,
        0.0,
        0.0,
        0.0,
        0.0,
        0.0,
        0.0,
        0.0,
        0.0,
        0.0,
        0.0,
        0.0,
        0.0,
        0.0,
        0.0,
        0.0,
        0.0,
        0.0,
        0.0,
        0.0,
        0.0
    ]
}