{
    "segment_index": 1652,
    "A": -0.22208673686595218,
    "B1": 0.0,
    "B2": 0.0,
    "omega": [
        -0.000520484696608,
        0.0042176432907581,
        -0.0018441041465848,
        0.0006737146759405,
        -0.0014403789537027,
        -0.0024034138768911,
        -0.0016283225268125,
        -4.52279346063733e-05,
        -0.0013625201536342,
        0.0005639803130179,
        -0.0022556411568075,
        0.0007056604954414,
        0.0017140024574473,
        0.0016411662800237,
        -0.001140093198046,
        0.000185729979421,
        0.0006789579056203,
        0.0015196781605482,
        -0.0038445512764155,
        0.0021293631289154,
        0.0006632774602621,
        0.0009952388936653,
        0.0012247740523889,
        -0.0001316295965807
    ],
    "omega_next": [
        0.0042176432907581,
        -0.0018441041465848,
        0.0006737146759405,
        -0.0014403789537027,
        -0.0024034138768911,
        -0.0016283225268125,
        -4.52279346063733e-05,
        -0.0013625201536342,
        0.0005639803130179,
        -0.0022556411568075,
        0.0007056604954414,
        0.0017140024574473,
        0.0016411662800237,
        -0.001140093198046,
        0.000185729979421,
        0.0006789579056203,
        0.0015196781605482,
        -0.0038445512764155,
        0.0021293631289154,
        0.0006632774602621,
        0.0009952388936653,
        0.0012247740523889,
        -0.0001316295965807,
        -0.0005999104469083
    ],
    "phiDotL": [
        0.0,
        0.0,
        0.0,
        0.0,
        0.0,
        0.0,
        0.0,
        0.0,
        0.0,
        0.0,
        0.0,
        0.0,
        0.0,
        0.0,
        0.0,
        0.0,
        0.0,
        0.0,
        0.0,
        0.0,
        0.0,
        0.0,
        0.0,
        0.0
    ],
    "phiDotR": [
        0.0,
        0.0,
        0.0,
        0.0,
        0.0,
        0.0,
        0.0,
        0.0,
        0.0,
        0.0,
        0.0,
        0.0,
        0.0,
        0.0,
        0.0,
        0.0,
        0.0,
        0.0,
        0.0,
        0.0,
        0.0,
        0.0,
        0.0,
        0.0
    ]
}