{
    "segment_index": 210,
    "A": 0.6745714604686815,
    "B1": 0.33668366593808796,
    "B2": 0.351742371968878,
    "omega": [
        0.977406620979309,
        1.02735269069672,
        1.14435613155365,
        1.15880751609802,
        1.20966970920563,
        1.19108974933624,
        1.16642105579376,
        1.08028149604797,
        1.00252449512482,
        1.0480043888092,
        1.07135272026062,
        1.08769643306732,
        1.31654262542725,
        1.23295629024506,
        1.09905588626862,
        1.01180982589722,
        0.930481612682343,
        0.893457472324371,
        0.971103250980377,
        1.04847586154938,
        1.02125144004822,
        1.11603367328644,
        1.16939651966095,
        1.15665435791016
    ],
    "omega_next": [
        1.02735269069672,
        1.14435613155365,
        1.15880751609802,
        1.20966970920563,
        1.19108974933624,
        1.16642105579376,
        1.08028149604797,
        1.00252449512482,
        1.0480043888092,
        1.07135272026062,
        1.08769643306732,
        1.31654262542725,
        1.23295629024506,
        1.09905588626862,
        1.01180982589722,
        0.930481612682343,
        0.893457472324371,
        0.971103250980377,
        1.04847586154938,
        1.02125144004822,
        1.11603367328644,
        1.16939651966095,
        1.15665435791016,
        1.22013664245605
    ],
    "phiDotL": [
        3.6947304663840095,
        3.755299818291944,
        3.755299818291944,
        3.815869170199879,
        3.8764385221078137,
        3.8764385221078137,
        3.937007874015748,
        3.937007874015748,
        3.997577225923683,
        3.997577225923683,
        4.058146577831618,
        4.058146577831618,
        4.118715929739552,
        4.118715929739552,
        4.179285281647486,
        4.179285281647486,
        4.239854633555421,
        4.300423985463356,
        4.300423985463356,
        4.36099333737129,
        4.36099333737129,
        4.421562689279225,
        4.421562689279225,
        4.48213204118716
    ],
    "phiDotR": [
        -2.483343428225318,
        -2.5439127801332524,
        -2.5439127801332524,
        -2.6044821320411877,
        -2.6650514839491217,
        -2.6650514839491217,
        -2.7256208358570566,
        -2.7256208358570566,
        -2.786190187764991,
        -2.786190187764991,
        -2.846759539672925,
        -2.846759539672925,
        -2.90732889158086,
        -2.90732889158086,
        -2.967898243488795,
        -2.967898243488795,
        -3.0284675953967293,
        -3.089036947304664,
        -3.089036947304664,
        -3.1496062992125986,
        -3.1496062992125986,
        -3.210175651120533,
        -3.210175651120533,
        -3.270745003028468
    ]
}