{
    "segment_index": 1976,
    "A": 0.8856809130944981,
    "B1": 0.08389870130213083,
    "B2": 0.11086713840510279,
    "omega": [
        1.22937154769897,
        1.1564314365387,
        1.20619904994965,
        1.22457337379456,
        1.25481927394867,
        1.32813131809235,
        1.3710789680481,
        1.44871294498444,
        1.46892118453979,
        1.40488660335541,
        1.33513784408569,
        1.31553709506989,
        1.33059799671173,
        1.36025321483612,
        1.36145269870758,
        1.3675172328949,
        1.42344892024994,
        1.44745016098022,
        1.41631698608398,
        1.36963832378387,
        1.40646386146545,
        1.43897843360901,
        1.38821005821228,
        1.26914966106415
    ],
    "omega_next": [
        1.1564314365387,
        1.20619904994965,
        1.22457337379456,
        1.25481927394867,
        1.32813131809235,
        1.3710789680481,
        1.44871294498444,
        1.46892118453979,
        1.40488660335541,
        1.33513784408569,
        1.31553709506989,
        1.33059799671173,
        1.36025321483612,
        1.36145269870758,
        1.3675172328949,
        1.42344892024994,
        1.44745016098022,
        1.41631698608398,
        1.36963832378387,
        1.40646386146545,
        1.43897843360901,
        1.38821005821228,
        1.26914966106415,
        1.22730219364166
    ],
    "phiDotL": [
        6.0569351907934585,
        6.0569351907934585,
        6.0569351907934585,
        6.0569351907934585,
        6.0569351907934585,
        6.0569351907934585,
        6.0569351907934585,
        6.0569351907934585,
        6.0569351907934585,
        6.0569351907934585,
        6.0569351907934585,
        6.0569351907934585,
        6.0569351907934585,
        6.0569351907934585,
        6.0569351907934585,
        5.996365838885524,
        6.0569351907934585,
        6.0569351907934585,
        6.0569351907934585,
        6.0569351907934585,
        5.996365838885524,
        6.0569351907934585,
        5.996365838885524,
        6.0569351907934585
    ],
    "phiDotR": [
        -3.0284675953967293,
        -3.089036947304664,
        -3.089036947304664,
        -3.089036947304664,
        -3.089036947304664,
        -3.089036947304664,
        -3.1496062992125986,
        -3.1496062992125986,
        -3.1496062992125986,
        -3.1496062992125986,
        -3.1496062992125986,
        -3.210175651120533,
        -3.210175651120533,
        -3.210175651120533,
        -3.210175651120533,
        -3.210175651120533,
        -3.270745003028468,
        -3.270745003028468,
        -3.270745003028468,
        -3.270745003028468,
        -3.270745003028468,
        -3.270745003028468,
        -3.3313143549364024,
        -3.3313143549364024
    ]
}