{
    "segment_index": 3083,
    "A": 0.5835540763999117,
    "B1": 0.009712917646222386,
    "B2": -0.16123280049825242,
    "omega": [
        1.04788422584534,
        0.992019474506378,
        1.05178260803223,
        1.1226806640625,
        1.13279318809509,
        1.13592743873596,
        1.12216544151306,
        1.07641494274139,
        1.08409667015076,
        1.11507797241211,
        1.15490901470184,
        1.12647199630737,
        1.17645621299744,
        1.14381408691406,
        1.09404861927032,
        1.11116552352905,
        1.13850879669189,
        1.11446845531464,
        1.12592542171478,
        1.10189151763916,
        1.11680161952972,
        1.12198865413666,
        1.15547752380371,
        1.18153023719788
    ],
    "omega_next": [
        0.992019474506378,
        1.05178260803223,
        1.1226806640625,
        1.13279318809509,
        1.13592743873596,
        1.12216544151306,
        1.07641494274139,
        1.08409667015076,
        1.11507797241211,
        1.15490901470184,
        1.12647199630737,
        1.17645621299744,
        1.14381408691406,
        1.09404861927032,
        1.11116552352905,
        1.13850879669189,
        1.11446845531464,
        1.12592542171478,
        1.10189151763916,
        1.11680161952972,
        1.12198865413666,
        1.15547752380371,
        1.18153023719788,
        1.26311182975769
    ],
    "phiDotL": [
        6.0569351907934585,
        6.0569351907934585,
        5.996365838885524,
        6.0569351907934585,
        6.0569351907934585,
        6.0569351907934585,
        6.0569351907934585,
        6.0569351907934585,
        6.0569351907934585,
        6.0569351907934585,
        6.0569351907934585,
        6.0569351907934585,
        6.0569351907934585,
        6.0569351907934585,
        6.0569351907934585,
        6.0569351907934585,
        6.0569351907934585,
        5.996365838885524,
        6.0569351907934585,
        6.0569351907934585,
        6.0569351907934585,
        6.0569351907934585,
        6.0569351907934585,
        6.0569351907934585
    ],
    "phiDotR": [
        -2.4227740763173835,
        -2.4227740763173835,
        -2.4227740763173835,
        -2.483343428225318,
        -2.483343428225318,
        -2.483343428225318,
        -2.483343428225318,
        -2.483343428225318,
        -2.5439127801332524,
        -2.5439127801332524,
        -2.5439127801332524,
        -2.5439127801332524,
        -2.6044821320411877,
        -2.6044821320411877,
        -2.6044821320411877,
        -2.6044821320411877,
        -2.6044821320411877,
        -2.6650514839491217,
        -2.6650514839491217,
        -2.6650514839491217,
        -2.6650514839491217,
        -2.6650514839491217,
        -2.7256208358570566,
        -2.7256208358570566
    ]
}