{
    "segment_index": 2201,
    "A": 0.8680238028487424,
    "B1": -0.11319440602558567,
    "B2": -0.06998669376653469,
    "omega": [
        -0.88164085149765,
        -1.09449422359467,
        -1.30018198490143,
        -1.44046318531036,
        -1.5221174955368,
        -1.64050841331482,
        -1.7011137008667,
        -1.39946341514587,
        -1.11076283454895,
        -0.806733071804047,
        -0.784418046474457,
        -0.792888462543488,
        -0.70508861541748,
        -0.836772978305817,
        -0.837591886520386,
        -0.802053332328796,
        -0.766952455043793,
        -0.890739262104034,
        -0.948576748371124,
        -1.06948530673981,
        -1.1354843378067,
        -1.05167949199677,
        -1.15558481216431,
        -1.27816820144653
    ],
    "omega_next": [
        -1.09449422359467,
        -1.30018198490143,
        -1.44046318531036,
        -1.5221174955368,
        -1.64050841331482,
        -1.7011137008667,
        -1.39946341514587,
        -1.11076283454895,
        -0.806733071804047,
        -0.784418046474457,
        -0.792888462543488,
        -0.70508861541748,
        -0.836772978305817,
        -0.837591886520386,
        -0.802053332328796,
        -0.766952455043793,
        -0.890739262104034,
        -0.948576748371124,
        -1.06948530673981,
        -1.1354843378067,
        -1.05167949199677,
        -1.15558481216431,
        -1.27816820144653,
        -1.2886974811554
    ],
    "phiDotL": [
        -1.8170805572380373,
        -1.877649909145972,
        -1.877649909145972,
        -1.9382192610539069,
        -1.9382192610539069,
        -1.9987886129618413,
        -1.9987886129618413,
        -2.059357964869776,
        -2.059357964869776,
        -2.1199273167777104,
        -2.1199273167777104,
        -2.180496668685645,
        -2.180496668685645,
        -2.24106602059358,
        -2.24106602059358,
        -2.301635372501514,
        -2.362204724409449,
        -2.362204724409449,
        -2.4227740763173835,
        -2.4227740763173835,
        -2.4227740763173835,
        -2.483343428225318,
        -2.483343428225318,
        -2.483343428225318
    ],
    "phiDotR": [
        5.451241671714113,
        5.511811023622047,
        5.511811023622047,
        5.572380375529982,
        5.572380375529982,
        5.632949727437917,
        5.632949727437917,
        5.693519079345851,
        5.693519079345851,
        5.754088431253785,
        5.754088431253785,
        5.81465778316172,
        5.81465778316172,
        5.875227135069655,
        5.875227135069655,
        5.93579648697759,
        5.996365838885524,
        5.996365838885524,
        6.0569351907934585,
        6.0569351907934585,
        6.0569351907934585,
        6.0569351907934585,
        6.0569351907934585,
        6.0569351907934585
    ]
}