{
    "segment_index": 2346,
    "A": 0.12775837570478002,
    "B1": -0.03622964951572798,
    "B2": 0.04773717850277482,
    "omega": [
        0.000852875993587,
        -0.0019499376649037,
        0.000643401464913,
        0.0020517467055469,
        0.0030429784674197,
        0.0002509089536033,
        -9.72427224041894e-05,
        -0.0038275425322353,
        0.0010983101092279,
        0.0018422710709273,
        0.0021006492897868,
        0.0453055314719677,
        -0.0049503133632242,
        -0.0381577052175999,
        -0.0007785322959534,
        -0.0307188257575035,
        -0.0169868692755699,
        -0.0065466142259538,
        -0.0028614334296435,
        -0.0145265683531761,
        -0.0142553299665451,
        -0.037678174674511,
        -0.036310862749815,
        -0.0354339480400085
    ],
    "omega_next": [
        -0.0019499376649037,
        0.000643401464913,
        0.0020517467055469,
        0.0030429784674197,
        0.0002509089536033,
        -9.72427224041894e-05,
        -0.0038275425322353,
        0.0010983101092279,
        0.0018422710709273,
        0.0021006492897868,
        0.0453055314719677,
        -0.0049503133632242,
        -0.0381577052175999,
        -0.0007785322959534,
        -0.0307188257575035,
        -0.0169868692755699,
        -0.0065466142259538,
        -0.0028614334296435,
        -0.0145265683531761,
        -0.0142553299665451,
        -0.037678174674511,
        -0.036310862749815,
        -0.0354339480400085,
        -0.0351406000554562
    ],
    "phiDotL": [
        0.0,
        0.0,
        0.0,
        0.0,
        0.0,
        0.0,
        0.0,
        0.0,
        0.0,
        0.0,
        0.0,
        -1.9382192610539069,
        -2.483343428225318,
        -2.483343428225318,
        -2.483343428225318,
        -2.483343428225318,
        -2.483343428225318,
        -2.483343428225318,
        -2.483343428225318,
        -2.483343428225318,
        -2.483343428225318,
        -2.483343428225318,
        -2.483343428225318,
        -2.483343428225318
    ],
    "phiDotR": [
        0.0,
        0.0,
        0.0,
        0.0,
        0.0,
        0.0,
        0.0,
        0.0,
        0.0,
        0.0,
        0.0,
        -1.6959418534221686,
        -2.301635372501514,
        -2.301635372501514,
        -2.301635372501514,
        -2.301635372501514,
        -2.301635372501514,
        -2.301635372501514,
        -2.301635372501514,
        -2.301635372501514,
        -2.301635372501514,
        -2.301635372501514,
        -2.301635372501514,
        -2.301635372501514
    ]
}