{
    "segment_index": 1190,
    "A": 0.5925735811516861,
    "B1": 0.08806539984284645,
    "B2": -0.0010631232532618195,
    "omega": [
        1.0450884103775,
        1.08203387260437,
        1.08493077754974,
        1.00360298156738,
        1.06476032733917,
        1.07483923435211,
        1.12061834335327,
        1.1199963092804,
        1.16493940353394,
        1.1785352230072,
        1.14102959632874,
        1.14584362506866,
        1.21832036972046,
        1.30175495147705,
        1.23035502433777,
        1.28639376163483,
        1.23208236694336,
        1.2043731212616,
        1.17572975158691,
        1.19013810157776,
        1.19295418262482,
        1.21467411518097,
        1.20289194583893,
        1.2564457654953
    ],
    "omega_next": [
        1.08203387260437,
        1.08493077754974,
        1.00360298156738,
        1.06476032733917,
        1.07483923435211,
        1.12061834335327,
        1.1199963092804,
        1.16493940353394,
        1.1785352230072,
        1.14102959632874,
        1.14584362506866,
        1.21832036972046,
        1.30175495147705,
        1.23035502433777,
        1.28639376163483,
        1.23208236694336,
        1.2043731212616,
        1.17572975158691,
        1.19013810157776,
        1.19295418262482,
        1.21467411518097,
        1.20289194583893,
        1.2564457654953,
        1.24737310409546
    ],
    "phiDotL": [
        5.087825560266505,
        5.087825560266505,
        5.14839491217444,
        5.14839491217444,
        5.208964264082375,
        5.208964264082375,
        5.269533615990309,
        5.269533615990309,
        5.3301029678982434,
        5.390672319806178,
        5.390672319806178,
        5.451241671714113,
        5.451241671714113,
        5.511811023622047,
        5.511811023622047,
        5.572380375529982,
        5.572380375529982,
        5.632949727437917,
        5.632949727437917,
        5.693519079345851,
        5.754088431253785,
        5.754088431253785,
        5.754088431253785,
        5.81465778316172
    ],
    "phiDotR": [
        -2.6650514839491217,
        -2.6650514839491217,
        -2.7256208358570566,
        -2.7256208358570566,
        -2.786190187764991,
        -2.786190187764991,
        -2.846759539672925,
        -2.846759539672925,
        -2.90732889158086,
        -2.967898243488795,
        -2.967898243488795,
        -3.0284675953967293,
        -3.0284675953967293,
        -3.089036947304664,
        -3.089036947304664,
        -3.1496062992125986,
        -3.1496062992125986,
        -3.210175651120533,
        -3.210175651120533,
        -3.270745003028468,
        -3.3313143549364024,
        -3.3313143549364024,
        -3.3313143549364024,
        -3.3918837068443373
    ]
}