{
    "segment_index": 770,
    "A": 0.4046889813236301,
    "B1": 0.08750497599309304,
    "B2": -0.10002645821509218,
    "omega": [
        -0.0510131828486919,
        -0.0070656924508512,
        -0.0906063765287399,
        -0.116613581776619,
        -0.112542353570461,
        -0.135964408516884,
        -0.127731367945671,
        -0.189754366874695,
        -0.157607197761536,
        -0.185186117887497,
        -0.194414749741554,
        -0.182417958974838,
        -0.269487768411636,
        -0.279420614242554,
        -0.213172346353531,
        -0.200948804616928,
        -0.212613001465797,
        -0.236300975084305,
        -0.266018182039261,
        -0.27166685461998,
        -0.250640422105789,
        -0.23721581697464,
        -0.276407092809677,
        -0.329536288976669
    ],
    "omega_next": [
        -0.0070656924508512,
        -0.0906063765287399,
        -0.116613581776619,
        -0.112542353570461,
        -0.135964408516884,
        -0.127731367945671,
        -0.189754366874695,
        -0.157607197761536,
        -0.185186117887497,
        -0.194414749741554,
        -0.182417958974838,
        -0.269487768411636,
        -0.279420614242554,
        -0.213172346353531,
        -0.200948804616928,
        -0.212613001465797,
        -0.236300975084305,
        -0.266018182039261,
        -0.27166685461998,
        -0.250640422105789,
        -0.23721581697464,
        -0.276407092809677,
        -0.329536288976669,
        -0.352468699216843
    ],
    "phiDotL": [
        0.9691096305269534,
        0.9085402786190188,
        0.9085402786190188,
        0.8479709267110843,
        0.8479709267110843,
        0.7874015748031497,
        0.7874015748031497,
        0.726832222895215,
        0.6662628709872804,
        0.6662628709872804,
        0.6056935190793459,
        0.6056935190793459,
        0.5451241671714112,
        0.5451241671714112,
        0.4845548152634767,
        0.4845548152634767,
        0.4239854633555421,
        0.4239854633555421,
        0.3634161114476075,
        0.3634161114476075,
        0.3028467595396729,
        0.3028467595396729,
        0.2422774076317383,
        0.1817080557238037
    ],
    "phiDotR": [
        1.3930950938824955,
        1.45366444579043,
        1.45366444579043,
        1.5142337976983646,
        1.5142337976983646,
        1.5748031496062993,
        1.5748031496062993,
        1.635372501514234,
        1.6959418534221686,
        1.6959418534221686,
        1.6959418534221686,
        1.6959418534221686,
        1.8170805572380373,
        1.8170805572380373,
        1.877649909145972,
        1.877649909145972,
        1.9382192610539069,
        1.9382192610539069,
        1.9987886129618413,
        1.9987886129618413,
        2.059357964869776,
        2.059357964869776,
        2.1199273167777104,
        2.180496668685645
    ]
}