{
    "segment_index": 716,
    "A": 0.395815427451976,
    "B1": 0.0,
    "B2": 0.0,
    "omega": [
        0.0040068668313324,
        0.0040068668313324,
        0.0040068668313324,
        0.0040068668313324,
        0.0040068668313324,
        -0.0025239153765142,
        -7.62282579671592e-05,
        -0.0034937798045575,
        -0.0014854163164272,
        0.0021495199762284,
        -0.0008594647515565,
        0.0023264489136636,
        0.0005043858545832,
        0.0022753996308893,
        -0.0011343448422849,
        0.001070249127224,
        0.0008088842732831,
        0.000586183683481,
        0.0031217609066516,
        0.0007420609472319,
        0.0007433132268488,
        0.0026612449437379,
        -0.0012250271392986,
        -0.0003045370103791
    ],
    "omega_next": [
        0.0040068668313324,
        0.0040068668313324,
        0.0040068668313324,
        0.0040068668313324,
        -0.0025239153765142,
        -7.62282579671592e-05,
        -0.0034937798045575,
        -0.0014854163164272,
        0.0021495199762284,
        -0.0008594647515565,
        0.0023264489136636,
        0.0005043858545832,
        0.0022753996308893,
        -0.0011343448422849,
        0.001070249127224,
        0.0008088842732831,
        0.000586183683481,
        0.0031217609066516,
        0.0007420609472319,
        0.0007433132268488,
        0.0026612449437379,
        -0.0012250271392986,
        -0.0003045370103791,
        0.0028524955268949
    ],
    "phiDotL": [
        0.0,
        0.0,
        0.0,
        0.0,
        0.0,
        0.0,
        0.0,
        0.0,
        0.0,
        0.0,
        0.0,
        0.0,
        0.0,
        0.0,
        0.0,
        0.0,
        0.0,
        0.0,
        0.0,
        0.0,
        0.0,
        0.0,
        0.0,
        0.0
    ],
    "phiDotR": [
        0.0,
        0.0,
        0.0,
        0.0,
        0.0,
        0.0,
        0.0,
        0.0,
        0.0,
        0.0,
        0.0,
        0.0,
        0.0,
        0.0,
        0.0,
        0.0,
        0.0,
        0.0,
        0.0,
        0.0,
        0.0,
        0.0,
        0.0,
        0.0
    ]
}