{
    "segment_index": 571,
    "A": 0.7388841678582228,
    "B1": -0.145072516642282,
    "B2": -0.17641018272708342,
    "omega": [
        -1.39007389545441,
        -1.53988921642303,
        -1.48878121376038,
        -1.33075320720673,
        -1.27055978775024,
        -1.2444189786911,
        -1.1884685754776,
        -1.24789977073669,
        -1.23651623725891,
        -1.2127012014389,
        -1.23656809329987,
        -1.28257548809052,
        -1.31803512573242,
        -1.32038819789886,
        -1.35434484481812,
        -1.31383204460144,
        -1.32114350795746,
        -1.39303719997406,
        -1.39215445518494,
        -1.34815764427185,
        -1.35893476009369,
        -1.33483147621155,
        -1.36436438560486,
        -1.35640335083008
    ],
    "omega_next": [
        -1.53988921642303,
        -1.48878121376038,
        -1.33075320720673,
        -1.27055978775024,
        -1.2444189786911,
        -1.1884685754776,
        -1.24789977073669,
        -1.23651623725891,
        -1.2127012014389,
        -1.23656809329987,
        -1.28257548809052,
        -1.31803512573242,
        -1.32038819789886,
        -1.35434484481812,
        -1.31383204460144,
        -1.32114350795746,
        -1.39303719997406,
        -1.39215445518494,
        -1.34815764427185,
        -1.35893476009369,
        -1.33483147621155,
        -1.36436438560486,
        -1.35640335083008,
        -1.34506714344025
    ],
    "phiDotL": [
        -3.815869170199879,
        -3.815869170199879,
        -3.8764385221078137,
        -3.8764385221078137,
        -3.937007874015748,
        -3.937007874015748,
        -3.997577225923683,
        -4.058146577831618,
        -4.058146577831618,
        -4.118715929739552,
        -4.118715929739552,
        -4.179285281647486,
        -4.179285281647486,
        -4.239854633555421,
        -4.239854633555421,
        -4.300423985463356,
        -4.300423985463356,
        -4.36099333737129,
        -4.36099333737129,
        -4.421562689279225,
        -4.48213204118716,
        -4.48213204118716,
        -4.542701393095094,
        -4.542701393095094
    ],
    "phiDotR": [
        5.027256208358571,
        5.027256208358571,
        5.087825560266505,
        5.087825560266505,
        5.14839491217444,
        5.14839491217444,
        5.208964264082375,
        5.269533615990309,
        5.269533615990309,
        5.3301029678982434,
        5.3301029678982434,
        5.390672319806178,
        5.390672319806178,
        5.451241671714113,
        5.451241671714113,
        5.511811023622047,
        5.511811023622047,
        5.572380375529982,
        5.572380375529982,
        5.632949727437917,
        5.693519079345851,
        5.693519079345851,
        5.754088431253785,
        5.754088431253785
    ]
}