{
    "segment_index": 2003,
    "A": 0.2473061159144913,
    "B1": 0.15783848195728167,
    "B2": -0.006996089373553146,
    "omega": [
        1.28898656368256,
        1.29852163791656,
        1.08813059329987,
        0.609589874744415,
        0.373116046190262,
        0.0245184246450663,
        0.014286638237536,
        -0.0155192632228136,
        0.0063700973987579,
        0.0016862996853888,
        0.0013908263063058,
        0.0025151108857244,
        0.0032135634683072,
        0.0012071431847289,
        0.0016159330261871,
        0.0003468804643489,
        -0.0010687559843063,
        0.0021270534489303,
        0.0002509829646442,
        0.0014806065009906,
        -0.0010245275916531,
        0.0004560883971862,
        0.0009213197045028,
        -0.0012747466098517
    ],
    "omega_next": [
        1.29852163791656,
        1.08813059329987,
        0.609589874744415,
        0.373116046190262,
        0.0245184246450663,
        0.014286638237536,
        -0.0155192632228136,
        0.0063700973987579,
        0.0016862996853888,
        0.0013908263063058,
        0.0025151108857244,
        0.0032135634683072,
        0.0012071431847289,
        0.0016159330261871,
        0.0003468804643489,
        -0.0010687559843063,
        0.0021270534489303,
        0.0002509829646442,
        0.0014806065009906,
        -0.0010245275916531,
        0.0004560883971862,
        0.0009213197045028,
        -0.0012747466098517,
        0.0031883497722446
    ],
    "phiDotL": [
        6.0569351907934585,
        4.48213204118716,
        2.5439127801332524,
        0.6056935190793459,
        0.0,
        0.0,
        0.0,
        0.0,
        0.0,
        0.0,
        0.0,
        0.0,
        0.0,
        0.0,
        0.0,
        0.0,
        0.0,
        0.0,
        0.0,
        0.0,
        0.0,
        0.0,
        0.0,
        0.0
    ],
    "phiDotR": [
        -3.3918837068443373,
        -4.48213204118716,
        -2.5439127801332524,
        -0.6056935190793459,
        0.0,
        0.0,
        0.0,
        0.0,
        0.0,
        0.0,
        0.0,
        0.0,
        0.0,
        0.0,
        0.0,
        0.0,
        0.0,
        0.0,
        0.0,
        0.0,
        0.0,
        0.0,
        0.0,
        0.0
    ]
}