{
    "segment_index": 776,
    "A": 0.22616901265911857,
    "B1": 0.06699706308358246,
    "B2": -0.11809219996192313,
    "omega": [
        -0.127731367945671,
        -0.189754366874695,
        -0.157607197761536,
        -0.185186117887497,
        -0.194414749741554,
        -0.182417958974838,
        -0.269487768411636,
        -0.279420614242554,
        -0.213172346353531,
        -0.200948804616928,
        -0.212613001465797,
        -0.236300975084305,
        -0.266018182039261,
        -0.27166685461998,
        -0.250640422105789,
        -0.23721581697464,
        -0.276407092809677,
        -0.329536288976669,
        -0.352468699216843,
        -0.348684161901474,
        -0.310034662485123,
        -0.369015783071518,
        -0.330097258090973,
        -0.363266110420227
    ],
    "omega_next": [
        -0.189754366874695,
        -0.157607197761536,
        -0.185186117887497,
        -0.194414749741554,
        -0.182417958974838,
        -0.269487768411636,
        -0.279420614242554,
        -0.213172346353531,
        -0.200948804616928,
        -0.212613001465797,
        -0.236300975084305,
        -0.266018182039261,
        -0.27166685461998,
        -0.250640422105789,
        -0.23721581697464,
        -0.276407092809677,
        -0.329536288976669,
        -0.352468699216843,
        -0.348684161901474,
        -0.310034662485123,
        -0.369015783071518,
        -0.330097258090973,
        -0.363266110420227,
        -0.33214795589447
    ],
    "phiDotL": [
        0.7874015748031497,
        0.726832222895215,
        0.6662628709872804,
        0.6662628709872804,
        0.6056935190793459,
        0.6056935190793459,
        0.5451241671714112,
        0.5451241671714112,
        0.4845548152634767,
        0.4845548152634767,
        0.4239854633555421,
        0.4239854633555421,
        0.3634161114476075,
        0.3634161114476075,
        0.3028467595396729,
        0.3028467595396729,
        0.2422774076317383,
        0.1817080557238037,
        0.1817080557238037,
        0.1211387038158691,
        0.1211387038158691,
        0.0605693519079345,
        0.0605693519079345,
        0.0
    ],
    "phiDotR": [
        1.5748031496062993,
        1.635372501514234,
        1.6959418534221686,
        1.6959418534221686,
        1.6959418534221686,
        1.6959418534221686,
        1.8170805572380373,
        1.8170805572380373,
        1.877649909145972,
        1.877649909145972,
        1.9382192610539069,
        1.9382192610539069,
        1.9987886129618413,
        1.9987886129618413,
        2.059357964869776,
        2.059357964869776,
        2.1199273167777104,
        2.180496668685645,
        2.180496668685645,
        2.24106602059358,
        2.24106602059358,
        2.301635372501514,
        2.301635372501514,
        2.362204724409449
    ]
}