{
    "segment_index": 1854,
    "A": 0.8589215027738041,
    "B1": 0.02170964700880439,
    "B2": 0.20327554947643448,
    "omega": [
        0.611436247825623,
        0.644509494304657,
        0.682492315769196,
        0.671923816204071,
        0.700538277626038,
        0.700538277626038,
        0.686713576316833,
        0.725035071372986,
        0.789378583431244,
        0.746227264404297,
        0.775168538093567,
        0.743298709392548,
        0.541785001754761,
        0.412976741790771,
        0.332886040210724,
        0.312614023685455,
        0.275871872901917,
        0.22098633646965,
        0.186075493693352,
        0.115849241614342,
        0.0068590557202696,
        0.0333592146635056,
        0.0699344947934151,
        0.125548481941223
    ],
    "omega_next": [
        0.644509494304657,
        0.682492315769196,
        0.671923816204071,
        0.700538277626038,
        0.700538277626038,
        0.686713576316833,
        0.725035071372986,
        0.789378583431244,
        0.746227264404297,
        0.775168538093567,
        0.743298709392548,
        0.541785001754761,
        0.412976741790771,
        0.332886040210724,
        0.312614023685455,
        0.275871872901917,
        0.22098633646965,
        0.186075493693352,
        0.115849241614342,
        0.0068590557202696,
        0.0333592146635056,
        0.0699344947934151,
        0.125548481941223,
        0.222414180636406
    ],
    "phiDotL": [
        3.3918837068443373,
        3.3918837068443373,
        3.3918837068443373,
        3.4524530587522717,
        3.4524530587522717,
        3.5735917625681406,
        3.5735917625681406,
        3.634161114476075,
        3.6947304663840095,
        3.6947304663840095,
        3.755299818291944,
        3.755299818291944,
        3.815869170199879,
        3.815869170199879,
        3.8764385221078137,
        3.8764385221078137,
        3.937007874015748,
        3.937007874015748,
        3.997577225923683,
        3.997577225923683,
        4.058146577831618,
        4.058146577831618,
        4.118715929739552,
        4.179285281647486
    ],
    "phiDotR": [
        0.1817080557238037,
        0.1211387038158691,
        0.1211387038158691,
        0.0605693519079345,
        0.0605693519079345,
        0.0,
        0.0,
        0.0,
        -0.0605693519079345,
        -0.0605693519079345,
        -0.1211387038158691,
        -0.1211387038158691,
        -0.1817080557238037,
        -0.1817080557238037,
        -0.2422774076317383,
        -0.2422774076317383,
        -0.3028467595396729,
        -0.3028467595396729,
        -0.3634161114476075,
        -0.3634161114476075,
        -0.4239854633555421,
        -0.4239854633555421,
        -0.4845548152634767,
        -0.5451241671714112
    ]
}