{
    "segment_index": 1202,
    "A": 0.41354181691747666,
    "B1": 0.2245845589716217,
    "B2": 0.16698269011421582,
    "omega": [
        1.21832036972046,
        1.30175495147705,
        1.23035502433777,
        1.28639376163483,
        1.23208236694336,
        1.2043731212616,
        1.17572975158691,
        1.19013810157776,
        1.19295418262482,
        1.21467411518097,
        1.20289194583893,
        1.2564457654953,
        1.24737310409546,
        1.30745434761047,
        1.2902592420578,
        1.32586264610291,
        1.33675599098206,
        1.25590038299561,
        1.27328431606293,
        1.30121183395386,
        1.30163145065308,
        1.23452889919281,
        1.24504327774048,
        1.30255627632141
    ],
    "omega_next": [
        1.30175495147705,
        1.23035502433777,
        1.28639376163483,
        1.23208236694336,
        1.2043731212616,
        1.17572975158691,
        1.19013810157776,
        1.19295418262482,
        1.21467411518097,
        1.20289194583893,
        1.2564457654953,
        1.24737310409546,
        1.30745434761047,
        1.2902592420578,
        1.32586264610291,
        1.33675599098206,
        1.25590038299561,
        1.27328431606293,
        1.30121183395386,
        1.30163145065308,
        1.23452889919281,
        1.24504327774048,
        1.30255627632141,
        1.32990324497223
    ],
    "phiDotL": [
        5.451241671714113,
        5.511811023622047,
        5.511811023622047,
        5.572380375529982,
        5.572380375529982,
        5.632949727437917,
        5.632949727437917,
        5.693519079345851,
        5.754088431253785,
        5.754088431253785,
        5.754088431253785,
        5.81465778316172,
        5.875227135069655,
        5.875227135069655,
        5.93579648697759,
        5.93579648697759,
        5.996365838885524,
        5.996365838885524,
        6.0569351907934585,
        6.0569351907934585,
        6.0569351907934585,
        6.0569351907934585,
        6.0569351907934585,
        6.0569351907934585
    ],
    "phiDotR": [
        -3.0284675953967293,
        -3.089036947304664,
        -3.089036947304664,
        -3.1496062992125986,
        -3.1496062992125986,
        -3.210175651120533,
        -3.210175651120533,
        -3.270745003028468,
        -3.3313143549364024,
        -3.3313143549364024,
        -3.3313143549364024,
        -3.3918837068443373,
        -3.3918837068443373,
        -3.3918837068443373,
        -3.4524530587522717,
        -3.4524530587522717,
        -3.5735917625681406,
        -3.5735917625681406,
        -3.634161114476075,
        -3.634161114476075,
        -3.634161114476075,
        -3.634161114476075,
        -3.634161114476075,
        -3.6947304663840095
    ]
}