{
    "segment_index": 310,
    "A": -1.294606114144366,
    "B1": 0.2603319115181166,
    "B2": -0.3417382463558344,
    "omega": [
        1.4352753162384,
        1.44466543197632,
        1.44992434978485,
        1.32230150699615,
        1.01398873329163,
        0.209244802594185,
        -0.0676253512501717,
        -0.019501056522131,
        -0.0089545836672186,
        -0.004663273692131,
        -0.0015982231125235,
        0.0003427011542953,
        0.0011420766822993,
        1.39841285999864e-05,
        1.17032323032618e-06,
        0.0010098135098815,
        0.0012465259060263,
        -0.0004519328358583,
        -0.000787655415479,
        -0.0002951978822238,
        -0.0011747682001441,
        0.0002743243821896,
        0.001465285429731,
        0.0045636710710823
    ],
    "omega_next": [
        1.44466543197632,
        1.44992434978485,
        1.32230150699615,
        1.01398873329163,
        0.209244802594185,
        -0.0676253512501717,
        -0.019501056522131,
        -0.0089545836672186,
        -0.004663273692131,
        -0.0015982231125235,
        0.0003427011542953,
        0.0011420766822993,
        1.39841285999864e-05,
        1.17032323032618e-06,
        0.0010098135098815,
        0.0012465259060263,
        -0.0004519328358583,
        -0.000787655415479,
        -0.0002951978822238,
        -0.0011747682001441,
        0.0002743243821896,
        0.001465285429731,
        0.0045636710710823,
        0.0001365128264296
    ],
    "phiDotL": [
        6.0569351907934585,
        6.0569351907934585,
        6.0569351907934585,
        4.48213204118716,
        2.5439127801332524,
        0.6056935190793459,
        0.0,
        0.0,
        0.0,
        0.0,
        0.0,
        0.0,
        0.0,
        0.0,
        0.0,
        0.0,
        0.0,
        0.0,
        0.0,
        0.0,
        0.0,
        0.0,
        0.0,
        0.0
    ],
    "phiDotR": [
        -4.966686856450636,
        -4.966686856450636,
        -4.966686856450636,
        -4.48213204118716,
        -2.5439127801332524,
        -0.6056935190793459,
        0.0,
        0.0,
        0.0,
        0.0,
        0.0,
        0.0,
        0.0,
        0.0,
        0.0,
        0.0,
        0.0,
        0.0,
        0.0,
        0.0,
        0.0,
        0.0,
        0.0,
        0.0
    ]
}