{
    "segment_index": 529,
    "A": 0.7023385923423824,
    "B1": -0.15118876677709267,
    "B2": -0.17390374439119383,
    "omega": [
        -0.735761642456055,
        -0.808155059814453,
        -0.79779464006424,
        -0.778842151165009,
        -0.785376787185669,
        -0.794855296611786,
        -0.898775935173035,
        -0.965787529945374,
        -0.973067700862885,
        -0.808245062828064,
        -0.810264766216278,
        -0.887211978435516,
        -0.959635496139526,
        -0.880847275257111,
        -0.866029024124146,
        -0.782781898975372,
        -0.930672705173492,
        -1.03791010379791,
        -1.06184089183807,
        -1.13687658309937,
        -1.08176600933075,
        -1.09920811653137,
        -1.05125987529755,
        -0.975699365139008
    ],
    "omega_next": [
        -0.808155059814453,
        -0.79779464006424,
        -0.778842151165009,
        -0.785376787185669,
        -0.794855296611786,
        -0.898775935173035,
        -0.965787529945374,
        -0.973067700862885,
        -0.808245062828064,
        -0.810264766216278,
        -0.887211978435516,
        -0.959635496139526,
        -0.880847275257111,
        -0.866029024124146,
        -0.782781898975372,
        -0.930672705173492,
        -1.03791010379791,
        -1.06184089183807,
        -1.13687658309937,
        -1.08176600933075,
        -1.09920811653137,
        -1.05125987529755,
        -0.975699365139008,
        -0.805779039859772
    ],
    "phiDotL": [
        -2.4227740763173835,
        -2.483343428225318,
        -2.483343428225318,
        -2.5439127801332524,
        -2.5439127801332524,
        -2.6044821320411877,
        -2.6650514839491217,
        -2.6650514839491217,
        -2.7256208358570566,
        -2.7256208358570566,
        -2.786190187764991,
        -2.786190187764991,
        -2.846759539672925,
        -2.846759539672925,
        -2.90732889158086,
        -2.90732889158086,
        -2.967898243488795,
        -2.967898243488795,
        -3.0284675953967293,
        -3.089036947304664,
        -3.089036947304664,
        -3.1496062992125986,
        -3.1496062992125986,
        -3.210175651120533
    ],
    "phiDotR": [
        3.634161114476075,
        3.6947304663840095,
        3.6947304663840095,
        3.755299818291944,
        3.755299818291944,
        3.815869170199879,
        3.8764385221078137,
        3.8764385221078137,
        3.937007874015748,
        3.937007874015748,
        3.997577225923683,
        3.997577225923683,
        4.058146577831618,
        4.058146577831618,
        4.118715929739552,
        4.118715929739552,
        4.179285281647486,
        4.179285281647486,
        4.239854633555421,
        4.300423985463356,
        4.300423985463356,
        4.36099333737129,
        4.36099333737129,
        4.421562689279225
    ]
}