{
    "segment_index": 1903,
    "A": 0.9097314781193593,
    "B1": -0.034136579071832526,
    "B2": -0.155053794859114,
    "omega": [
        0.845196425914764,
        0.881157159805298,
        0.834048748016357,
        0.892088949680328,
        0.856399834156036,
        0.843256652355194,
        0.799789726734161,
        0.742779195308685,
        0.65116149187088,
        0.636613368988037,
        0.509597480297089,
        0.526289880275726,
        0.492395341396332,
        0.577266812324524,
        0.654337823390961,
        0.820260584354401,
        0.938425004482269,
        0.961665570735931,
        0.976799190044403,
        1.03030550479889,
        1.06795239448547,
        1.05325651168823,
        1.08538711071014,
        1.11759495735168
    ],
    "omega_next": [
        0.881157159805298,
        0.834048748016357,
        0.892088949680328,
        0.856399834156036,
        0.843256652355194,
        0.799789726734161,
        0.742779195308685,
        0.65116149187088,
        0.636613368988037,
        0.509597480297089,
        0.526289880275726,
        0.492395341396332,
        0.577266812324524,
        0.654337823390961,
        0.820260584354401,
        0.938425004482269,
        0.961665570735931,
        0.976799190044403,
        1.03030550479889,
        1.06795239448547,
        1.05325651168823,
        1.08538711071014,
        1.11759495735168,
        1.09939885139465
    ],
    "phiDotL": [
        4.966686856450636,
        5.027256208358571,
        5.087825560266505,
        5.087825560266505,
        5.14839491217444,
        5.14839491217444,
        5.208964264082375,
        5.208964264082375,
        5.269533615990309,
        5.269533615990309,
        5.3301029678982434,
        5.3301029678982434,
        5.390672319806178,
        5.390672319806178,
        5.451241671714113,
        5.511811023622047,
        5.511811023622047,
        5.572380375529982,
        5.572380375529982,
        5.632949727437917,
        5.632949727437917,
        5.693519079345851,
        5.693519079345851,
        5.754088431253785
    ],
    "phiDotR": [
        -1.3325257419745609,
        -1.3930950938824955,
        -1.45366444579043,
        -1.45366444579043,
        -1.5142337976983646,
        -1.5142337976983646,
        -1.5748031496062993,
        -1.5748031496062993,
        -1.635372501514234,
        -1.635372501514234,
        -1.6959418534221686,
        -1.6959418534221686,
        -1.6959418534221686,
        -1.6959418534221686,
        -1.8170805572380373,
        -1.877649909145972,
        -1.877649909145972,
        -1.9382192610539069,
        -1.9382192610539069,
        -1.9987886129618413,
        -1.9987886129618413,
        -2.059357964869776,
        -2.059357964869776,
        -2.1199273167777104
    ]
}