{
    "segment_index": 2413,
    "A": -0.3735280200267272,
    "B1": -0.005181493688954688,
    "B2": -0.005181493688955509,
    "omega": [
        -0.034145787358284,
        0.0034808628261089,
        -0.0101681845262647,
        -0.00648233294487,
        0.0042303432710468,
        0.0028165783733129,
        0.0009467873023822,
        -0.0022358726710081,
        -0.0022358726710081,
        0.0031308848410844,
        0.0011008002329617,
        -0.0025566809345036,
        0.004563171416521,
        0.0734045207500458,
        -0.0124461026862264,
        -0.0027244763914495,
        0.0245783068239689,
        -0.0360124707221985,
        0.0031097915489226,
        9.05801425687969e-06,
        -0.0021658714395016,
        0.0035980860702693,
        -0.0018217909382656,
        -0.0022556171752512
    ],
    "omega_next": [
        0.0034808628261089,
        -0.0101681845262647,
        -0.00648233294487,
        0.0042303432710468,
        0.0028165783733129,
        0.0009467873023822,
        -0.0022358726710081,
        -0.0022358726710081,
        0.0031308848410844,
        0.0011008002329617,
        -0.0025566809345036,
        0.004563171416521,
        0.0734045207500458,
        -0.0124461026862264,
        -0.0027244763914495,
        0.0245783068239689,
        -0.0360124707221985,
        0.0031097915489226,
        9.05801425687969e-06,
        -0.0021658714395016,
        0.0035980860702693,
        -0.0018217909382656,
        -0.0022556171752512,
        0.0009753822232596
    ],
    "phiDotL": [
        0.0,
        0.0,
        0.0,
        0.0,
        0.0,
        0.0,
        0.0,
        0.0,
        0.0,
        0.0,
        0.0,
        -1.8170805572380373,
        -2.4227740763173835,
        -2.4227740763173835,
        -2.4227740763173835,
        -0.5451241671714112,
        0.0,
        0.0,
        0.0,
        0.0,
        0.0,
        0.0,
        0.0,
        0.0
    ],
    "phiDotR": [
        0.0,
        0.0,
        0.0,
        0.0,
        0.0,
        0.0,
        0.0,
        0.0,
        0.0,
        0.0,
        0.0,
        -1.8170805572380373,
        -2.4227740763173835,
        -2.4227740763173835,
        -2.4227740763173835,
        -0.5451241671714112,
        0.0,
        0.0,
        0.0,
        0.0,
        0.0,
        0.0,
        0.0,
        0.0
    ]
}