{
    "segment_index": 665,
    "A": -0.19643933510097758,
    "B1": 0.0,
    "B2": 0.0,
    "omega": [
        0.0001966240961337,
        -0.0015994150890037,
        0.0016367571661248,
        0.0032958795782178,
        -0.0012580049224197,
        0.003868039464578,
        -0.0017250715754926,
        0.0008818312780931,
        0.0011225568596273,
        0.0006497291033156,
        0.0017051799222827,
        0.0008617911953479,
        -0.0017934367060661,
        4.7188950702548e-06,
        0.0063187722116708,
        -0.0009545614011585,
        0.0012532117543742,
        0.0004707764019258,
        -0.0003832470683846,
        -0.0042572142556309,
        0.0014603756135329,
        0.0029092181939631,
        -0.0037883264012634,
        -0.0005152320954948
    ],
    "omega_next": [
        -0.0015994150890037,
        0.0016367571661248,
        0.0032958795782178,
        -0.0012580049224197,
        0.003868039464578,
        -0.0017250715754926,
        0.0008818312780931,
        0.0011225568596273,
        0.0006497291033156,
        0.0017051799222827,
        0.0008617911953479,
        -0.0017934367060661,
        4.7188950702548e-06,
        0.0063187722116708,
        -0.0009545614011585,
        0.0012532117543742,
        0.0004707764019258,
        -0.0003832470683846,
        -0.0042572142556309,
        0.0014603756135329,
        0.0029092181939631,
        -0.0037883264012634,
        -0.0005152320954948,
        -0.0047413655556738
    ],
    "phiDotL": [
        0.0,
        0.0,
        0.0,
        0.0,
        0.0,
        0.0,
        0.0,
        0.0,
        0.0,
        0.0,
        0.0,
        0.0,
        0.0,
        0.0,
        0.0,
        0.0,
        0.0,
        0.0,
        0.0,
        0.0,
        0.0,
        0.0,
        0.0,
        0.0
    ],
    "phiDotR": [
        0.0,
        0.0,
        0.0,
        0.0,
        0.0,
        0.0,
        0.0,
        0.0,
        0.0,
        0.0,
        0.0,
        0.0,
        0.0,
        0.0,
        0.0,
        0.0,
        0.0,
        0.0,
        0.0,
        0.0,
        0.0,
        0.0,
        0.0,
        0.0
    ]
}