{
    "segment_index": 542,
    "A": 0.6669457671948729,
    "B1": 0.06246179149049819,
    "B2": -0.03386230413944572,
    "omega": [
        -0.880847275257111,
        -0.866029024124146,
        -0.782781898975372,
        -0.930672705173492,
        -1.03791010379791,
        -1.06184089183807,
        -1.13687658309937,
        -1.08176600933075,
        -1.09920811653137,
        -1.05125987529755,
        -0.975699365139008,
        -0.805779039859772,
        -0.916083931922913,
        -0.926066875457764,
        -1.01158559322357,
        -1.07179772853851,
        -1.05231714248657,
        -1.08346915245056,
        -1.10665726661682,
        -1.11001253128052,
        -1.07537281513214,
        -1.13004958629608,
        -1.11657762527466,
        -1.11440300941467
    ],
    "omega_next": [
        -0.866029024124146,
        -0.782781898975372,
        -0.930672705173492,
        -1.03791010379791,
        -1.06184089183807,
        -1.13687658309937,
        -1.08176600933075,
        -1.09920811653137,
        -1.05125987529755,
        -0.975699365139008,
        -0.805779039859772,
        -0.916083931922913,
        -0.926066875457764,
        -1.01158559322357,
        -1.07179772853851,
        -1.05231714248657,
        -1.08346915245056,
        -1.10665726661682,
        -1.11001253128052,
        -1.07537281513214,
        -1.13004958629608,
        -1.11657762527466,
        -1.11440300941467,
        -1.20427596569061
    ],
    "phiDotL": [
        -2.846759539672925,
        -2.90732889158086,
        -2.90732889158086,
        -2.967898243488795,
        -2.967898243488795,
        -3.0284675953967293,
        -3.089036947304664,
        -3.089036947304664,
        -3.1496062992125986,
        -3.1496062992125986,
        -3.210175651120533,
        -3.210175651120533,
        -3.270745003028468,
        -3.270745003028468,
        -3.3313143549364024,
        -3.3313143549364024,
        -3.3918837068443373,
        -3.3918837068443373,
        -3.3918837068443373,
        -3.3918837068443373,
        -3.4524530587522717,
        -3.5735917625681406,
        -3.5735917625681406,
        -3.634161114476075
    ],
    "phiDotR": [
        4.058146577831618,
        4.118715929739552,
        4.118715929739552,
        4.179285281647486,
        4.179285281647486,
        4.239854633555421,
        4.300423985463356,
        4.300423985463356,
        4.36099333737129,
        4.36099333737129,
        4.421562689279225,
        4.421562689279225,
        4.48213204118716,
        4.48213204118716,
        4.542701393095094,
        4.542701393095094,
        4.603270745003028,
        4.603270745003028,
        4.663840096910963,
        4.663840096910963,
        4.724409448818898,
        4.784978800726832,
        4.784978800726832,
        4.845548152634767
    ]
}