{
    "segment_index": 160,
    "A": 0.3021198200010291,
    "B1": 0.061962635540755755,
    "B2": -0.1587347479056168,
    "omega": [
        0.398954451084137,
        0.434963166713715,
        0.388166844844818,
        0.368807584047318,
        0.379343092441559,
        0.42167603969574,
        0.436474502086639,
        0.440430521965027,
        0.436197310686111,
        0.432806581258774,
        0.484763324260712,
        0.481051713228226,
        0.507593035697937,
        0.594842612743378,
        0.56270045042038,
        0.512724161148071,
        0.53218013048172,
        0.587083280086517,
        0.569699466228485,
        0.529321551322937,
        0.551254034042358,
        0.576773405075073,
        0.62526923418045,
        0.642229020595551
    ],
    "omega_next": [
        0.434963166713715,
        0.388166844844818,
        0.368807584047318,
        0.379343092441559,
        0.42167603969574,
        0.436474502086639,
        0.440430521965027,
        0.436197310686111,
        0.432806581258774,
        0.484763324260712,
        0.481051713228226,
        0.507593035697937,
        0.594842612743378,
        0.56270045042038,
        0.512724161148071,
        0.53218013048172,
        0.587083280086517,
        0.569699466228485,
        0.529321551322937,
        0.551254034042358,
        0.576773405075073,
        0.62526923418045,
        0.642229020595551,
        0.569295346736908
    ],
    "phiDotL": [
        2.1199273167777104,
        2.1199273167777104,
        2.180496668685645,
        2.180496668685645,
        2.24106602059358,
        2.24106602059358,
        2.301635372501514,
        2.301635372501514,
        2.362204724409449,
        2.362204724409449,
        2.4227740763173835,
        2.483343428225318,
        2.483343428225318,
        2.5439127801332524,
        2.5439127801332524,
        2.6044821320411877,
        2.6044821320411877,
        2.6650514839491217,
        2.6650514839491217,
        2.7256208358570566,
        2.7256208358570566,
        2.786190187764991,
        2.786190187764991,
        2.846759539672925
    ],
    "phiDotR": [
        -0.9085402786190188,
        -0.9085402786190188,
        -0.9691096305269534,
        -0.9691096305269534,
        -1.029678982434888,
        -1.029678982434888,
        -1.0902483343428224,
        -1.0902483343428224,
        -1.150817686250757,
        -1.150817686250757,
        -1.2113870381586918,
        -1.2719563900666262,
        -1.2719563900666262,
        -1.3325257419745609,
        -1.3325257419745609,
        -1.3930950938824955,
        -1.3930950938824955,
        -1.45366444579043,
        -1.45366444579043,
        -1.5142337976983646,
        -1.5142337976983646,
        -1.5748031496062993,
        -1.5748031496062993,
        -1.635372501514234
    ]
}