{
    "segment_index": 2288,
    "A": 0.16639177568628533,
    "B1": 0.10885249811191162,
    "B2": -0.10885249811191151,
    "omega": [
        -1.28191161155701,
        -1.16953778266907,
        -0.79457288980484,
        -0.214875385165215,
        -0.101573124527931,
        0.0232263188809156,
        0.0081168347969651,
        0.0026900579687207,
        0.001116732135415,
        0.0005316671449691,
        0.0008339959895238,
        0.0022548355627805,
        -0.0041123363189399,
        0.0011004384141415,
        0.0009029718348756,
        -0.0005810422007925,
        -0.001248929882422,
        -0.0017338700126856,
        -0.0017899139784276,
        0.0024936250410974,
        0.0044452748261392,
        0.0006544520147144,
        3.92748916056007e-05,
        0.00102533493191
    ],
    "omega_next": [
        -1.16953778266907,
        -0.79457288980484,
        -0.214875385165215,
        -0.101573124527931,
        0.0232263188809156,
        0.0081168347969651,
        0.0026900579687207,
        0.001116732135415,
        0.0005316671449691,
        0.0008339959895238,
        0.0022548355627805,
        -0.0041123363189399,
        0.0011004384141415,
        0.0009029718348756,
        -0.0005810422007925,
        -0.001248929882422,
        -0.0017338700126856,
        -0.0017899139784276,
        0.0024936250410974,
        0.0044452748261392,
        0.0006544520147144,
        3.92748916056007e-05,
        0.00102533493191,
        -0.0012623877264559
    ],
    "phiDotL": [
        -4.48213204118716,
        -2.5439127801332524,
        -0.6056935190793459,
        0.0,
        0.0,
        0.0,
        0.0,
        0.0,
        0.0,
        0.0,
        0.0,
        0.0,
        0.0,
        0.0,
        0.0,
        0.0,
        0.0,
        0.0,
        0.0,
        0.0,
        0.0,
        0.0,
        0.0,
        0.0
    ],
    "phiDotR": [
        4.48213204118716,
        2.5439127801332524,
        0.6056935190793459,
        0.0,
        0.0,
        0.0,
        0.0,
        0.0,
        0.0,
        0.0,
        0.0,
        0.0,
        0.0,
        0.0,
        0.0,
        0.0,
        0.0,
        0.0,
        0.0,
        0.0,
        0.0,
        0.0,
        0.0,
        0.0
    ]
}