{
    "segment_index": 2275,
    "A": 0.36004103066585136,
    "B1": 0.049155678739949756,
    "B2": -0.10445017439420613,
    "omega": [
        -0.934942543506622,
        -0.992073178291321,
        -1.03565275669098,
        -1.11593544483185,
        -1.1224023103714,
        -1.16435384750366,
        -1.2240047454834,
        -1.2955584526062,
        -1.32390189170837,
        -1.37760627269745,
        -1.34227752685547,
        -1.31880497932434,
        -1.3294929265976,
        -1.28191161155701,
        -1.16953778266907,
        -0.79457288980484,
        -0.214875385165215,
        -0.101573124527931,
        0.0232263188809156,
        0.0081168347969651,
        0.0026900579687207,
        0.001116732135415,
        0.0005316671449691,
        0.0008339959895238
    ],
    "omega_next": [
        -0.992073178291321,
        -1.03565275669098,
        -1.11593544483185,
        -1.1224023103714,
        -1.16435384750366,
        -1.2240047454834,
        -1.2955584526062,
        -1.32390189170837,
        -1.37760627269745,
        -1.34227752685547,
        -1.31880497932434,
        -1.3294929265976,
        -1.28191161155701,
        -1.16953778266907,
        -0.79457288980484,
        -0.214875385165215,
        -0.101573124527931,
        0.0232263188809156,
        0.0081168347969651,
        0.0026900579687207,
        0.001116732135415,
        0.0005316671449691,
        0.0008339959895238,
        0.0022548355627805
    ],
    "phiDotL": [
        -3.210175651120533,
        -3.270745003028468,
        -3.270745003028468,
        -3.270745003028468,
        -3.270745003028468,
        -3.270745003028468,
        -3.270745003028468,
        -3.3313143549364024,
        -3.3313143549364024,
        -3.3313143549364024,
        -3.3313143549364024,
        -3.3313143549364024,
        -3.3918837068443373,
        -4.48213204118716,
        -2.5439127801332524,
        -0.6056935190793459,
        0.0,
        0.0,
        0.0,
        0.0,
        0.0,
        0.0,
        0.0,
        0.0
    ],
    "phiDotR": [
        6.0569351907934585,
        5.996365838885524,
        5.996365838885524,
        6.0569351907934585,
        5.996365838885524,
        6.0569351907934585,
        6.0569351907934585,
        6.0569351907934585,
        5.996365838885524,
        6.0569351907934585,
        6.0569351907934585,
        6.0569351907934585,
        6.0569351907934585,
        4.48213204118716,
        2.5439127801332524,
        0.6056935190793459,
        0.0,
        0.0,
        0.0,
        0.0,
        0.0,
        0.0,
        0.0,
        0.0
    ]
}