{
    "segment_index": 1595,
    "A": 0.06246867599123125,
    "B1": 0.12282631400393039,
    "B2": -0.1228263140039304,
    "omega": [
        -1.01758694648743,
        -1.12142038345337,
        -0.788482785224915,
        -0.124941371381283,
        0.0190499946475029,
        0.0056270388886332,
        0.007692608051002,
        -0.0044029587879777,
        -0.0047958237119019,
        0.0002104267769027,
        0.0010491635184735,
        0.0014284485951066,
        0.0005096775130368,
        0.0004270853823982,
        0.0023367619141936,
        0.0009410263155587,
        0.0010062652872875,
        -0.0042447573505342,
        0.000808605691418,
        -0.0042988238856196,
        0.0019378706347197,
        -0.0006214445456862,
        0.0013104333775118,
        -0.0018596083391457
    ],
    "omega_next": [
        -1.12142038345337,
        -0.788482785224915,
        -0.124941371381283,
        0.0190499946475029,
        0.0056270388886332,
        0.007692608051002,
        -0.0044029587879777,
        -0.0047958237119019,
        0.0002104267769027,
        0.0010491635184735,
        0.0014284485951066,
        0.0005096775130368,
        0.0004270853823982,
        0.0023367619141936,
        0.0009410263155587,
        0.0010062652872875,
        -0.0042447573505342,
        0.000808605691418,
        -0.0042988238856196,
        0.0019378706347197,
        -0.0006214445456862,
        0.0013104333775118,
        -0.0018596083391457,
        -0.0008421222446486
    ],
    "phiDotL": [
        -4.48213204118716,
        -2.5439127801332524,
        -0.6056935190793459,
        0.0,
        0.0,
        0.0,
        0.0,
        0.0,
        0.0,
        0.0,
        0.0,
        0.0,
        0.0,
        0.0,
        0.0,
        0.0,
        0.0,
        0.0,
        0.0,
        0.0,
        0.0,
        0.0,
        0.0,
        0.0
    ],
    "phiDotR": [
        4.48213204118716,
        2.5439127801332524,
        0.6056935190793459,
        0.0,
        0.0,
        0.0,
        0.0,
        0.0,
        0.0,
        0.0,
        0.0,
        0.0,
        0.0,
        0.0,
        0.0,
        0.0,
        0.0,
        0.0,
        0.0,
        0.0,
        0.0,
        0.0,
        0.0,
        0.0
    ]
}