{
    "segment_index": 2919,
    "A": -0.20789819742984458,
    "B1": 0.10237929142764038,
    "B2": -0.07336345883793949,
    "omega": [
        0.140683203935623,
        0.0844606012105942,
        0.169423282146454,
        0.14004822075367,
        0.154208138585091,
        0.120743595063686,
        0.128398761153221,
        0.103576675057411,
        0.157414957880974,
        0.182710111141205,
        0.102781102061272,
        0.146484956145287,
        0.135300323367119,
        0.209507018327713,
        0.1828423589468,
        0.183357909321785,
        0.190939545631409,
        0.185671731829643,
        0.224908113479614,
        0.207653760910034,
        0.150857955217361,
        0.1961620002985,
        0.235102325677872,
        0.192986622452736
    ],
    "omega_next": [
        0.0844606012105942,
        0.169423282146454,
        0.14004822075367,
        0.154208138585091,
        0.120743595063686,
        0.128398761153221,
        0.103576675057411,
        0.157414957880974,
        0.182710111141205,
        0.102781102061272,
        0.146484956145287,
        0.135300323367119,
        0.209507018327713,
        0.1828423589468,
        0.183357909321785,
        0.190939545631409,
        0.185671731829643,
        0.224908113479614,
        0.207653760910034,
        0.150857955217361,
        0.1961620002985,
        0.235102325677872,
        0.192986622452736,
        0.263716638088226
    ],
    "phiDotL": [
        2.786190187764991,
        2.786190187764991,
        2.846759539672925,
        2.90732889158086,
        2.90732889158086,
        2.967898243488795,
        2.967898243488795,
        3.0284675953967293,
        3.0284675953967293,
        3.089036947304664,
        3.089036947304664,
        3.1496062992125986,
        3.1496062992125986,
        3.210175651120533,
        3.210175651120533,
        3.270745003028468,
        3.270745003028468,
        3.3313143549364024,
        3.3918837068443373,
        3.3918837068443373,
        3.3918837068443373,
        3.3918837068443373,
        3.4524530587522717,
        3.4524530587522717
    ],
    "phiDotR": [
        1.9987886129618413,
        1.9987886129618413,
        1.9382192610539069,
        1.877649909145972,
        1.877649909145972,
        1.8170805572380373,
        1.8170805572380373,
        1.6959418534221686,
        1.6959418534221686,
        1.6959418534221686,
        1.6959418534221686,
        1.635372501514234,
        1.635372501514234,
        1.5748031496062993,
        1.5748031496062993,
        1.5142337976983646,
        1.5142337976983646,
        1.45366444579043,
        1.3930950938824955,
        1.3930950938824955,
        1.3325257419745609,
        1.3325257419745609,
        1.2719563900666262,
        1.2719563900666262
    ]
}