{
    "segment_index": 635,
    "A": -0.1613770602330638,
    "B1": 0.06765887240471091,
    "B2": -0.06765887240471097,
    "omega": [
        -0.874161005020142,
        -0.237673029303551,
        0.101319186389446,
        0.0230888947844505,
        0.0059647136367857,
        0.0045327991247177,
        0.0016627501463517,
        -0.0009023693855851,
        -0.0003308269660919,
        0.0007532337913289,
        0.0004315683327149,
        -0.0012322585098445,
        0.0020522125996649,
        0.0004462263314053,
        0.0008481480763293,
        0.003494492964819,
        0.0018986214417964,
        0.0016466493252664,
        -0.0009113176492974,
        0.0005172136588953,
        0.0011182164307683,
        0.0016147475689649,
        0.0022691830527037,
        -0.0010316824773326
    ],
    "omega_next": [
        -0.237673029303551,
        0.101319186389446,
        0.0230888947844505,
        0.0059647136367857,
        0.0045327991247177,
        0.0016627501463517,
        -0.0009023693855851,
        -0.0003308269660919,
        0.0007532337913289,
        0.0004315683327149,
        -0.0012322585098445,
        0.0020522125996649,
        0.0004462263314053,
        0.0008481480763293,
        0.003494492964819,
        0.0018986214417964,
        0.0016466493252664,
        -0.0009113176492974,
        0.0005172136588953,
        0.0011182164307683,
        0.0016147475689649,
        0.0022691830527037,
        -0.0010316824773326,
        0.0004762318567372
    ],
    "phiDotL": [
        -2.5439127801332524,
        -0.6056935190793459,
        0.0,
        0.0,
        0.0,
        0.0,
        0.0,
        0.0,
        0.0,
        0.0,
        0.0,
        0.0,
        0.0,
        0.0,
        0.0,
        0.0,
        0.0,
        0.0,
        0.0,
        0.0,
        0.0,
        0.0,
        0.0,
        0.0
    ],
    "phiDotR": [
        2.5439127801332524,
        0.6056935190793459,
        0.0,
        0.0,
        0.0,
        0.0,
        0.0,
        0.0,
        0.0,
        0.0,
        0.0,
        0.0,
        0.0,
        0.0,
        0.0,
        0.0,
        0.0,
        0.0,
        0.0,
        0.0,
        0.0,
        0.0,
        0.0,
        0.0
    ]
}