{
    "segment_index": 2468,
    "A": 0.3456475201516232,
    "B1": 0.0,
    "B2": 0.0,
    "omega": [
        0.0009277460630983,
        -0.0013003644999116,
        -0.001719897496514,
        -0.0002499943075235,
        -0.0006553687853738,
        -0.0012017465196549,
        -0.0020279155578464,
        0.0012275199405849,
        0.0010093225864693,
        -0.0047797979786992,
        -0.0035544170532375,
        -0.0014708461239934,
        -0.0017306143417954,
        -0.0016385435592383,
        -0.0006023669848218,
        0.0012194665614515,
        -8.67250200826675e-05,
        0.0006582555943168,
        -0.0004557523061521,
        -0.0004655183001887,
        -0.003059402341023,
        0.0013471834827214,
        0.0016923119546845,
        -0.002602970926091
    ],
    "omega_next": [
        -0.0013003644999116,
        -0.001719897496514,
        -0.0002499943075235,
        -0.0006553687853738,
        -0.0012017465196549,
        -0.0020279155578464,
        0.0012275199405849,
        0.0010093225864693,
        -0.0047797979786992,
        -0.0035544170532375,
        -0.0014708461239934,
        -0.0017306143417954,
        -0.0016385435592383,
        -0.0006023669848218,
        0.0012194665614515,
        -8.67250200826675e-05,
        0.0006582555943168,
        -0.0004557523061521,
        -0.0004655183001887,
        -0.003059402341023,
        0.0013471834827214,
        0.0016923119546845,
        -0.002602970926091,
        -0.0024679752532392
    ],
    "phiDotL": [
        0.0,
        0.0,
        0.0,
        0.0,
        0.0,
        0.0,
        0.0,
        0.0,
        0.0,
        0.0,
        0.0,
        0.0,
        0.0,
        0.0,
        0.0,
        0.0,
        0.0,
        0.0,
        0.0,
        0.0,
        0.0,
        0.0,
        0.0,
        0.0
    ],
    "phiDotR": [
        0.0,
        0.0,
        0.0,
        0.0,
        0.0,
        0.0,
        0.0,
        0.0,
        0.0,
        0.0,
        0.0,
        0.0,
        0.0,
        0.0,
        0.0,
        0.0,
        0.0,
        0.0,
        0.0,
        0.0,
        0.0,
        0.0,
        0.0,
        0.0
    ]
}