{
    "segment_index": 671,
    "A": -0.11132958573536858,
    "B1": 0.0,
    "B2": 0.0,
    "omega": [
        -0.0017250715754926,
        0.0008818312780931,
        0.0011225568596273,
        0.0006497291033156,
        0.0017051799222827,
        0.0008617911953479,
        -0.0017934367060661,
        4.7188950702548e-06,
        0.0063187722116708,
        -0.0009545614011585,
        0.0012532117543742,
        0.0004707764019258,
        -0.0003832470683846,
        -0.0042572142556309,
        0.0014603756135329,
        0.0029092181939631,
        -0.0037883264012634,
        -0.0005152320954948,
        -0.0047413655556738,
        0.0019009554525837,
        0.0035656820982694,
        -0.0001642268034629,
        -0.0005721056368201,
        0.0020219904836267
    ],
    "omega_next": [
        0.0008818312780931,
        0.0011225568596273,
        0.0006497291033156,
        0.0017051799222827,
        0.0008617911953479,
        -0.0017934367060661,
        4.7188950702548e-06,
        0.0063187722116708,
        -0.0009545614011585,
        0.0012532117543742,
        0.0004707764019258,
        -0.0003832470683846,
        -0.0042572142556309,
        0.0014603756135329,
        0.0029092181939631,
        -0.0037883264012634,
        -0.0005152320954948,
        -0.0047413655556738,
        0.0019009554525837,
        0.0035656820982694,
        -0.0001642268034629,
        -0.0005721056368201,
        0.0020219904836267,
        0.0003174961311742
    ],
    "phiDotL": [
        0.0,
        0.0,
        0.0,
        0.0,
        0.0,
        0.0,
        0.0,
        0.0,
        0.0,
        0.0,
        0.0,
        0.0,
        0.0,
        0.0,
        0.0,
        0.0,
        0.0,
        0.0,
        0.0,
        0.0,
        0.0,
        0.0,
        0.0,
        0.0
    ],
    "phiDotR": [
        0.0,
        0.0,
        0.0,
        0.0,
        0.0,
        0.0,
        0.0,
        0.0,
        0.0,
        0.0,
        0.0,
        0.0,
        0.0,
        0.0,
        0.0,
        0.0,
        0.0,
        0.0,
        0.0,
        0.0,
        0.0,
        0.0,
        0.0,
        0.0
    ]
}