{
    "segment_index": 2255,
    "A": 0.9434915212468518,
    "B1": 0.015433943462767781,
    "B2": -0.0012362990224780357,
    "omega": [
        -1.24204528331757,
        -1.299440741539,
        -1.41166961193085,
        -1.50517988204956,
        -1.54862940311432,
        -1.56735861301422,
        -1.53753304481506,
        -1.25971019268036,
        -1.10727477073669,
        -0.971190929412842,
        -0.910195887088776,
        -0.86138778924942,
        -0.84687727689743,
        -0.794727146625519,
        -0.695065975189209,
        -0.746856451034546,
        -0.831166565418243,
        -0.84071683883667,
        -0.869394838809967,
        -0.916877806186676,
        -0.934942543506622,
        -0.992073178291321,
        -1.03565275669098,
        -1.11593544483185
    ],
    "omega_next": [
        -1.299440741539,
        -1.41166961193085,
        -1.50517988204956,
        -1.54862940311432,
        -1.56735861301422,
        -1.53753304481506,
        -1.25971019268036,
        -1.10727477073669,
        -0.971190929412842,
        -0.910195887088776,
        -0.86138778924942,
        -0.84687727689743,
        -0.794727146625519,
        -0.695065975189209,
        -0.746856451034546,
        -0.831166565418243,
        -0.84071683883667,
        -0.869394838809967,
        -0.916877806186676,
        -0.934942543506622,
        -0.992073178291321,
        -1.03565275669098,
        -1.11593544483185,
        -1.1224023103714
    ],
    "phiDotL": [
        -2.967898243488795,
        -2.967898243488795,
        -3.0284675953967293,
        -3.0284675953967293,
        -3.0284675953967293,
        -3.0284675953967293,
        -3.089036947304664,
        -3.089036947304664,
        -3.089036947304664,
        -3.089036947304664,
        -3.089036947304664,
        -3.1496062992125986,
        -3.1496062992125986,
        -3.1496062992125986,
        -3.1496062992125986,
        -3.1496062992125986,
        -3.210175651120533,
        -3.210175651120533,
        -3.210175651120533,
        -3.210175651120533,
        -3.210175651120533,
        -3.270745003028468,
        -3.270745003028468,
        -3.270745003028468
    ],
    "phiDotR": [
        5.996365838885524,
        6.0569351907934585,
        6.0569351907934585,
        6.0569351907934585,
        6.0569351907934585,
        6.0569351907934585,
        6.0569351907934585,
        6.0569351907934585,
        6.0569351907934585,
        6.0569351907934585,
        6.0569351907934585,
        6.0569351907934585,
        6.0569351907934585,
        6.0569351907934585,
        6.0569351907934585,
        6.0569351907934585,
        6.0569351907934585,
        6.0569351907934585,
        6.0569351907934585,
        6.0569351907934585,
        6.0569351907934585,
        5.996365838885524,
        5.996365838885524,
        6.0569351907934585
    ]
}