{
    "segment_index": 2897,
    "A": -0.6427769092062541,
    "B1": 0.35939531413699105,
    "B2": -0.3898825810208288,
    "omega": [
        0.0013678458053618,
        4.85252094222233e-05,
        0.0003272494068369,
        0.0001563565601827,
        0.0013008698588237,
        0.0001737908896757,
        0.0014582719886675,
        0.0004392791888676,
        -0.0043115671724081,
        0.0037422960158437,
        -0.0021809111349284,
        0.0031890305690467,
        0.0244849175214767,
        -0.103162914514542,
        0.064326785504818,
        0.0184929370880127,
        0.044645681977272,
        0.0933309644460678,
        0.0419724658131599,
        0.0868429094552994,
        0.0889388248324394,
        0.115665100514889,
        0.140683203935623,
        0.0844606012105942
    ],
    "omega_next": [
        4.85252094222233e-05,
        0.0003272494068369,
        0.0001563565601827,
        0.0013008698588237,
        0.0001737908896757,
        0.0014582719886675,
        0.0004392791888676,
        -0.0043115671724081,
        0.0037422960158437,
        -0.0021809111349284,
        0.0031890305690467,
        0.0244849175214767,
        -0.103162914514542,
        0.064326785504818,
        0.0184929370880127,
        0.044645681977272,
        0.0933309644460678,
        0.0419724658131599,
        0.0868429094552994,
        0.0889388248324394,
        0.115665100514889,
        0.140683203935623,
        0.0844606012105942,
        0.169423282146454
    ],
    "phiDotL": [
        0.0,
        0.0,
        0.0,
        0.0,
        0.0,
        0.0,
        0.0,
        0.0,
        0.0,
        0.0,
        0.0,
        0.0,
        1.877649909145972,
        2.483343428225318,
        2.5439127801332524,
        2.5439127801332524,
        2.6044821320411877,
        2.6044821320411877,
        2.6650514839491217,
        2.6650514839491217,
        2.7256208358570566,
        2.7256208358570566,
        2.786190187764991,
        2.786190187764991
    ],
    "phiDotR": [
        0.0,
        0.0,
        0.0,
        0.0,
        0.0,
        0.0,
        0.0,
        0.0,
        0.0,
        0.0,
        0.0,
        0.0,
        1.6959418534221686,
        2.301635372501514,
        2.24106602059358,
        2.24106602059358,
        2.180496668685645,
        2.180496668685645,
        2.1199273167777104,
        2.1199273167777104,
        2.059357964869776,
        2.059357964869776,
        1.9987886129618413,
        1.9987886129618413
    ]
}