{
    "segment_index": 2123,
    "A": 0.5949176951562007,
    "B1": 0.1046426782540108,
    "B2": -0.09353873787025477,
    "omega": [
        -0.439232587814331,
        -0.476905703544617,
        -0.520127534866333,
        -0.530061841011047,
        -0.472383916378021,
        -0.527870655059814,
        -0.541556477546692,
        -0.571529567241669,
        -0.540938675403595,
        -0.571350634098053,
        -0.605632066726685,
        -0.661236822605133,
        -0.629595994949341,
        -0.691565692424774,
        -0.718678772449493,
        -0.734465301036835,
        -0.724399983882904,
        -0.782784998416901,
        -0.853079855442047,
        -0.801535904407501,
        -0.772508323192596,
        -0.786803424358368,
        -0.805857360363007,
        -0.807040393352509
    ],
    "omega_next": [
        -0.476905703544617,
        -0.520127534866333,
        -0.530061841011047,
        -0.472383916378021,
        -0.527870655059814,
        -0.541556477546692,
        -0.571529567241669,
        -0.540938675403595,
        -0.571350634098053,
        -0.605632066726685,
        -0.661236822605133,
        -0.629595994949341,
        -0.691565692424774,
        -0.718678772449493,
        -0.734465301036835,
        -0.724399983882904,
        -0.782784998416901,
        -0.853079855442047,
        -0.801535904407501,
        -0.772508323192596,
        -0.786803424358368,
        -0.805857360363007,
        -0.807040393352509,
        -0.790351271629333
    ],
    "phiDotL": [
        0.6662628709872804,
        0.6056935190793459,
        0.6056935190793459,
        0.5451241671714112,
        0.5451241671714112,
        0.4845548152634767,
        0.4845548152634767,
        0.4239854633555421,
        0.3634161114476075,
        0.3634161114476075,
        0.3028467595396729,
        0.3028467595396729,
        0.2422774076317383,
        0.2422774076317383,
        0.1817080557238037,
        0.1817080557238037,
        0.1211387038158691,
        0.1211387038158691,
        0.0605693519079345,
        0.0605693519079345,
        0.0,
        0.0,
        0.0,
        -0.0605693519079345
    ],
    "phiDotR": [
        2.90732889158086,
        2.967898243488795,
        2.967898243488795,
        3.0284675953967293,
        3.0284675953967293,
        3.089036947304664,
        3.089036947304664,
        3.1496062992125986,
        3.210175651120533,
        3.210175651120533,
        3.270745003028468,
        3.270745003028468,
        3.3313143549364024,
        3.3313143549364024,
        3.3918837068443373,
        3.3918837068443373,
        3.3918837068443373,
        3.3918837068443373,
        3.4524530587522717,
        3.4524530587522717,
        3.5735917625681406,
        3.5735917625681406,
        3.634161114476075,
        3.6947304663840095
    ]
}