{
    "segment_index": 3,
    "A": 0.5764725285466331,
    "B1": 0.0,
    "B2": 0.0,
    "omega": [
        0.0043772873468697,
        0.0043772873468697,
        0.0043772873468697,
        0.0043772873468697,
        0.0043772873468697,
        0.0007984812837094,
        0.0005416119238361,
        -0.0008959952974691,
        0.0020900554955005,
        -0.0006366638699546,
        0.0019961688667535,
        -0.0002944000298157,
        -0.0008374762837775,
        -0.0006763761048205,
        0.0026677013374865,
        -0.0005375851178541,
        -0.0014385270187631,
        0.0024495664983987,
        0.0004954769974574,
        0.0035379403270781,
        0.0010953315068036,
        0.0011826963163912,
        -0.0001514862233307,
        0.001197880716063
    ],
    "omega_next": [
        0.0043772873468697,
        0.0043772873468697,
        0.0043772873468697,
        0.0043772873468697,
        0.0007984812837094,
        0.0005416119238361,
        -0.0008959952974691,
        0.0020900554955005,
        -0.0006366638699546,
        0.0019961688667535,
        -0.0002944000298157,
        -0.0008374762837775,
        -0.0006763761048205,
        0.0026677013374865,
        -0.0005375851178541,
        -0.0014385270187631,
        0.0024495664983987,
        0.0004954769974574,
        0.0035379403270781,
        0.0010953315068036,
        0.0011826963163912,
        -0.0001514862233307,
        0.001197880716063,
        0.0024937917478382
    ],
    "phiDotL": [
        0.0,
        0.0,
        0.0,
        0.0,
        0.0,
        0.0,
        0.0,
        0.0,
        0.0,
        0.0,
        0.0,
        0.0,
        0.0,
        0.0,
        0.0,
        0.0,
        0.0,
        0.0,
        0.0,
        0.0,
        0.0,
        0.0,
        0.0,
        0.0
    ],
    "phiDotR": [
        0.0,
        0.0,
        0.0,
        0.0,
        0.0,
        0.0,
        0.0,
        0.0,
        0.0,
        0.0,
        0.0,
        0.0,
        0.0,
        0.0,
        0.0,
        0.0,
        0.0,
        0.0,
        0.0,
        0.0,
        0.0,
        0.0,
        0.0,
        0.0
    ]
}