{
    "segment_index": 2069,
    "A": -0.2320677652087684,
    "B1": 0.6712222331957239,
    "B2": -0.5854666568334994,
    "omega": [
        -0.0018297036876902,
        0.0015094198752194,
        0.000869185780175,
        0.0003008623607456,
        -0.0002416687493678,
        -0.0009854295058175,
        -0.0021336595527827,
        -0.0012124695349484,
        -0.0052952943369746,
        0.0043452121317386,
        0.0024092600215226,
        -0.000909364898689,
        -1.8816066585714e-05,
        0.0014135342789813,
        0.0015651118010282,
        0.0005365770775824,
        -0.0005135876708664,
        0.0015751814935356,
        0.0005001825629733,
        0.0036942942533642,
        -0.0023740450851619,
        0.0215227231383324,
        0.0266945753246546,
        0.04022067040205
    ],
    "omega_next": [
        0.0015094198752194,
        0.000869185780175,
        0.0003008623607456,
        -0.0002416687493678,
        -0.0009854295058175,
        -0.0021336595527827,
        -0.0012124695349484,
        -0.0052952943369746,
        0.0043452121317386,
        0.0024092600215226,
        -0.000909364898689,
        -1.8816066585714e-05,
        0.0014135342789813,
        0.0015651118010282,
        0.0005365770775824,
        -0.0005135876708664,
        0.0015751814935356,
        0.0005001825629733,
        0.0036942942533642,
        -0.0023740450851619,
        0.0215227231383324,
        0.0266945753246546,
        0.04022067040205,
        -0.046398289501667
    ],
    "phiDotL": [
        0.0,
        0.0,
        0.0,
        0.0,
        0.0,
        0.0,
        0.0,
        0.0,
        0.0,
        0.0,
        0.0,
        0.0,
        0.0,
        0.0,
        0.0,
        0.0,
        0.0,
        0.0,
        0.0,
        0.0,
        0.0,
        1.6959418534221686,
        1.6959418534221686,
        1.635372501514234
    ],
    "phiDotR": [
        0.0,
        0.0,
        0.0,
        0.0,
        0.0,
        0.0,
        0.0,
        0.0,
        0.0,
        0.0,
        0.0,
        0.0,
        0.0,
        0.0,
        0.0,
        0.0,
        0.0,
        0.0,
        0.0,
        0.0,
        0.0,
        1.877649909145972,
        1.877649909145972,
        1.9382192610539069
    ]
}