{
    "segment_index": 2388,
    "A": -0.03067888966258634,
    "B1": 0.5514915350747105,
    "B2": -0.5822512431175556,
    "omega": [
        -0.0370139516890049,
        -0.0368349887430668,
        -0.0354764796793461,
        -0.0143220443278551,
        -0.0371961444616318,
        -0.0371961444616318,
        -0.0453779622912407,
        -0.0182351395487785,
        -0.0361234359443188,
        -0.0241119563579559,
        -0.0241119563579559,
        -0.023468978703022,
        -0.0362363643944263,
        -0.0257260426878929,
        -0.0257260426878929,
        -0.0166840627789497,
        -0.0166840627789497,
        -0.0307617597281933,
        -0.0176327228546143,
        -0.0301837585866451,
        -0.0301837585866451,
        -0.0375657640397549,
        -0.0281272381544113,
        -0.0281272381544113
    ],
    "omega_next": [
        -0.0368349887430668,
        -0.0354764796793461,
        -0.0143220443278551,
        -0.0371961444616318,
        -0.0371961444616318,
        -0.0453779622912407,
        -0.0182351395487785,
        -0.0361234359443188,
        -0.0241119563579559,
        -0.0241119563579559,
        -0.023468978703022,
        -0.0362363643944263,
        -0.0257260426878929,
        -0.0257260426878929,
        -0.0166840627789497,
        -0.0166840627789497,
        -0.0307617597281933,
        -0.0176327228546143,
        -0.0301837585866451,
        -0.0301837585866451,
        -0.0375657640397549,
        -0.0281272381544113,
        -0.0281272381544113,
        0.017630772665143
    ],
    "phiDotL": [
        -2.483343428225318,
        -2.483343428225318,
        -2.483343428225318,
        -2.483343428225318,
        -2.483343428225318,
        -2.483343428225318,
        -2.483343428225318,
        -2.483343428225318,
        -2.483343428225318,
        -2.483343428225318,
        -2.483343428225318,
        -2.483343428225318,
        -2.483343428225318,
        -2.483343428225318,
        -2.483343428225318,
        -2.483343428225318,
        -2.483343428225318,
        -2.483343428225318,
        -2.483343428225318,
        -2.483343428225318,
        -2.483343428225318,
        -2.483343428225318,
        -2.483343428225318,
        -0.5451241671714112
    ],
    "phiDotR": [
        -2.301635372501514,
        -2.301635372501514,
        -2.301635372501514,
        -2.301635372501514,
        -2.301635372501514,
        -2.301635372501514,
        -2.301635372501514,
        -2.301635372501514,
        -2.301635372501514,
        -2.301635372501514,
        -2.301635372501514,
        -2.301635372501514,
        -2.301635372501514,
        -2.301635372501514,
        -2.301635372501514,
        -2.301635372501514,
        -2.301635372501514,
        -2.301635372501514,
        -2.301635372501514,
        -2.301635372501514,
        -2.301635372501514,
        -2.301635372501514,
        -2.301635372501514,
        -0.5451241671714112
    ]
}