{
    "segment_index": 417,
    "A": -0.16225654227804379,
    "B1": 0.150576444881572,
    "B2": -0.11604923933869798,
    "omega": [
        -0.0004961935337632,
        0.0037509608082473,
        0.0016524384263902,
        0.0018695718608796,
        -0.0010076013859361,
        -0.000308766553644,
        0.0007190498290583,
        0.0007248530746437,
        0.0030668533872813,
        0.0003375643864274,
        0.0033141230233013,
        0.0016345254844054,
        0.0006656210753135,
        0.0022229433525353,
        0.0007137325592339,
        0.0012851196806877,
        -0.0001102831447497,
        -0.0008351007709279,
        -0.0011299885809421,
        0.0207790043205023,
        -0.0121829947456717,
        -0.000873030279763,
        -0.0101190079003572,
        -0.0232141669839621
    ],
    "omega_next": [
        0.0037509608082473,
        0.0016524384263902,
        0.0018695718608796,
        -0.0010076013859361,
        -0.000308766553644,
        0.0007190498290583,
        0.0007248530746437,
        0.0030668533872813,
        0.0003375643864274,
        0.0033141230233013,
        0.0016345254844054,
        0.0006656210753135,
        0.0022229433525353,
        0.0007137325592339,
        0.0012851196806877,
        -0.0001102831447497,
        -0.0008351007709279,
        -0.0011299885809421,
        0.0207790043205023,
        -0.0121829947456717,
        -0.000873030279763,
        -0.0101190079003572,
        -0.0232141669839621,
        -0.0358365476131439
    ],
    "phiDotL": [
        0.0,
        0.0,
        0.0,
        0.0,
        0.0,
        0.0,
        0.0,
        0.0,
        0.0,
        0.0,
        0.0,
        0.0,
        0.0,
        0.0,
        0.0,
        0.0,
        0.0,
        0.0,
        0.0,
        0.4845548152634767,
        0.4845548152634767,
        0.4239854633555421,
        0.4239854633555421,
        0.3634161114476075
    ],
    "phiDotR": [
        0.0,
        0.0,
        0.0,
        0.0,
        0.0,
        0.0,
        0.0,
        0.0,
        0.0,
        0.0,
        0.0,
        0.0,
        0.0,
        0.0,
        0.0,
        0.0,
        0.0,
        0.0,
        0.0,
        0.6662628709872804,
        0.6662628709872804,
        0.726832222895215,
        0.726832222895215,
        0.7874015748031497
    ]
}