{
    "segment_index": 265,
    "A": 0.5958684424872162,
    "B1": 0.12081964471646425,
    "B2": 0.02752659134763451,
    "omega": [
        1.33081936836243,
        1.33350229263306,
        1.45894467830658,
        1.36482548713684,
        1.35072886943817,
        1.35281264781952,
        1.30589163303375,
        1.2872838973999,
        1.2952880859375,
        1.34339499473572,
        1.38986480236053,
        1.45236015319824,
        1.47682011127472,
        1.57806527614594,
        1.5026593208313,
        1.42102444171906,
        1.46765494346619,
        1.52364385128021,
        1.51142704486847,
        1.50486981868744,
        1.48071026802063,
        1.43748712539673,
        1.43457508087158,
        1.48189675807953
    ],
    "omega_next": [
        1.33350229263306,
        1.45894467830658,
        1.36482548713684,
        1.35072886943817,
        1.35281264781952,
        1.30589163303375,
        1.2872838973999,
        1.2952880859375,
        1.34339499473572,
        1.38986480236053,
        1.45236015319824,
        1.47682011127472,
        1.57806527614594,
        1.5026593208313,
        1.42102444171906,
        1.46765494346619,
        1.52364385128021,
        1.51142704486847,
        1.50486981868744,
        1.48071026802063,
        1.43748712539673,
        1.43457508087158,
        1.48189675807953,
        1.44832837581635
    ],
    "phiDotL": [
        5.511811023622047,
        5.511811023622047,
        5.572380375529982,
        5.572380375529982,
        5.632949727437917,
        5.693519079345851,
        5.693519079345851,
        5.754088431253785,
        5.754088431253785,
        5.81465778316172,
        5.81465778316172,
        5.875227135069655,
        5.875227135069655,
        5.93579648697759,
        5.93579648697759,
        5.996365838885524,
        5.996365838885524,
        6.0569351907934585,
        6.0569351907934585,
        6.0569351907934585,
        6.0569351907934585,
        6.0569351907934585,
        6.0569351907934585,
        6.0569351907934585
    ],
    "phiDotR": [
        -4.300423985463356,
        -4.300423985463356,
        -4.36099333737129,
        -4.36099333737129,
        -4.421562689279225,
        -4.48213204118716,
        -4.48213204118716,
        -4.542701393095094,
        -4.542701393095094,
        -4.603270745003028,
        -4.603270745003028,
        -4.663840096910963,
        -4.663840096910963,
        -4.724409448818898,
        -4.724409448818898,
        -4.784978800726832,
        -4.784978800726832,
        -4.845548152634767,
        -4.845548152634767,
        -4.845548152634767,
        -4.845548152634767,
        -4.845548152634767,
        -4.845548152634767,
        -4.845548152634767
    ]
}