{
    "segment_index": 355,
    "A": 0.4499163601569275,
    "B1": 0.0,
    "B2": 0.0,
    "omega": [
        0.0014506401494145,
        0.0002002302499022,
        0.0026957436930388,
        0.0004393864946905,
        0.0002308872353751,
        0.0012808934552595,
        0.0026071823667734,
        0.0049709933809936,
        0.0002149277133867,
        -0.0039866501465439,
        3.90940404031426e-05,
        0.0023864358663559,
        0.0023864358663559,
        0.0023864358663559,
        0.0023864358663559,
        0.0023864358663559,
        0.0023864358663559,
        -0.000829740834888,
        4.72487299703062e-05,
        0.0017455164343118,
        -0.0004493034211918,
        -3.69521148968488e-05,
        -0.0003612917789723,
        0.0012472288217395
    ],
    "omega_next": [
        0.0002002302499022,
        0.0026957436930388,
        0.0004393864946905,
        0.0002308872353751,
        0.0012808934552595,
        0.0026071823667734,
        0.0049709933809936,
        0.0002149277133867,
        -0.0039866501465439,
        3.90940404031426e-05,
        0.0023864358663559,
        0.0023864358663559,
        0.0023864358663559,
        0.0023864358663559,
        0.0023864358663559,
        0.0023864358663559,
        -0.000829740834888,
        4.72487299703062e-05,
        0.0017455164343118,
        -0.0004493034211918,
        -3.69521148968488e-05,
        -0.0003612917789723,
        0.0012472288217395,
        0.0001144689304055
    ],
    "phiDotL": [
        0.0,
        0.0,
        0.0,
        0.0,
        0.0,
        0.0,
        0.0,
        0.0,
        0.0,
        0.0,
        0.0,
        0.0,
        0.0,
        0.0,
        0.0,
        0.0,
        0.0,
        0.0,
        0.0,
        0.0,
        0.0,
        0.0,
        0.0,
        0.0
    ],
    "phiDotR": [
        0.0,
        0.0,
        0.0,
        0.0,
        0.0,
        0.0,
        0.0,
        0.0,
        0.0,
        0.0,
        0.0,
        0.0,
        0.0,
        0.0,
        0.0,
        0.0,
        0.0,
        0.0,
        0.0,
        0.0,
        0.0,
        0.0,
        0.0,
        0.0
    ]
}