{
    "segment_index": 1362,
    "A": 0.040437465645212244,
    "B1": 0.0,
    "B2": 0.0,
    "omega": [
        0.0010358075378462,
        0.005793843884021,
        -0.0014517360832542,
        0.0026005499530583,
        -0.0001710746291792,
        0.0005997780826874,
        0.0005997780826874,
        0.0043083629570901,
        0.0011084477882832,
        -0.0010448434622958,
        -0.0015914069954305,
        -0.0016084691742435,
        -0.0005619819276034,
        0.0006620141793973,
        0.0014266956131905,
        -0.0013648543972522,
        0.000179764087079,
        -0.0015399920521304,
        0.0020441624801605,
        0.0001664394076215,
        -0.0003431987424846,
        -0.0002688086533453,
        0.005472372751683,
        0.0011294519063085
    ],
    "omega_next": [
        0.005793843884021,
        -0.0014517360832542,
        0.0026005499530583,
        -0.0001710746291792,
        0.0005997780826874,
        0.0005997780826874,
        0.0043083629570901,
        0.0011084477882832,
        -0.0010448434622958,
        -0.0015914069954305,
        -0.0016084691742435,
        -0.0005619819276034,
        0.0006620141793973,
        0.0014266956131905,
        -0.0013648543972522,
        0.000179764087079,
        -0.0015399920521304,
        0.0020441624801605,
        0.0001664394076215,
        -0.0003431987424846,
        -0.0002688086533453,
        0.005472372751683,
        0.0011294519063085,
        -0.0003791891795117
    ],
    "phiDotL": [
        0.0,
        0.0,
        0.0,
        0.0,
        0.0,
        0.0,
        0.0,
        0.0,
        0.0,
        0.0,
        0.0,
        0.0,
        0.0,
        0.0,
        0.0,
        0.0,
        0.0,
        0.0,
        0.0,
        0.0,
        0.0,
        0.0,
        0.0,
        0.0
    ],
    "phiDotR": [
        0.0,
        0.0,
        0.0,
        0.0,
        0.0,
        0.0,
        0.0,
        0.0,
        0.0,
        0.0,
        0.0,
        0.0,
        0.0,
        0.0,
        0.0,
        0.0,
        0.0,
        0.0,
        0.0,
        0.0,
        0.0,
        0.0,
        0.0,
        0.0
    ]
}