{
    "segment_index": 2399,
    "A": -0.3026141553284432,
    "B1": 0.40458664926317794,
    "B2": -0.4213150806894379,
    "omega": [
        -0.023468978703022,
        -0.0362363643944263,
        -0.0257260426878929,
        -0.0257260426878929,
        -0.0166840627789497,
        -0.0166840627789497,
        -0.0307617597281933,
        -0.0176327228546143,
        -0.0301837585866451,
        -0.0301837585866451,
        -0.0375657640397549,
        -0.0281272381544113,
        -0.0281272381544113,
        0.017630772665143,
        -0.034145787358284,
        0.0034808628261089,
        -0.0101681845262647,
        -0.00648233294487,
        0.0042303432710468,
        0.0028165783733129,
        0.0009467873023822,
        -0.0022358726710081,
        -0.0022358726710081,
        0.0031308848410844
    ],
    "omega_next": [
        -0.0362363643944263,
        -0.0257260426878929,
        -0.0257260426878929,
        -0.0166840627789497,
        -0.0166840627789497,
        -0.0307617597281933,
        -0.0176327228546143,
        -0.0301837585866451,
        -0.0301837585866451,
        -0.0375657640397549,
        -0.0281272381544113,
        -0.0281272381544113,
        0.017630772665143,
        -0.034145787358284,
        0.0034808628261089,
        -0.0101681845262647,
        -0.00648233294487,
        0.0042303432710468,
        0.0028165783733129,
        0.0009467873023822,
        -0.0022358726710081,
        -0.0022358726710081,
        0.0031308848410844,
        0.0011008002329617
    ],
    "phiDotL": [
        -2.483343428225318,
        -2.483343428225318,
        -2.483343428225318,
        -2.483343428225318,
        -2.483343428225318,
        -2.483343428225318,
        -2.483343428225318,
        -2.483343428225318,
        -2.483343428225318,
        -2.483343428225318,
        -2.483343428225318,
        -2.483343428225318,
        -0.5451241671714112,
        0.0,
        0.0,
        0.0,
        0.0,
        0.0,
        0.0,
        0.0,
        0.0,
        0.0,
        0.0,
        0.0
    ],
    "phiDotR": [
        -2.301635372501514,
        -2.301635372501514,
        -2.301635372501514,
        -2.301635372501514,
        -2.301635372501514,
        -2.301635372501514,
        -2.301635372501514,
        -2.301635372501514,
        -2.301635372501514,
        -2.301635372501514,
        -2.301635372501514,
        -2.301635372501514,
        -0.5451241671714112,
        0.0,
        0.0,
        0.0,
        0.0,
        0.0,
        0.0,
        0.0,
        0.0,
        0.0,
        0.0,
        0.0
    ]
}