{
    "segment_index": 234,
    "A": 0.7731120240481261,
    "B1": 0.09942257031338965,
    "B2": 0.055216371340885535,
    "omega": [
        1.22013664245605,
        1.20211279392242,
        1.28378558158875,
        1.24575531482697,
        1.30835449695587,
        1.24403238296509,
        1.17279362678528,
        1.09939885139465,
        1.18682408332825,
        1.2455245256424,
        1.35089123249054,
        1.35611820220947,
        1.29130399227142,
        1.26104938983917,
        1.23301959037781,
        1.15324306488037,
        1.11264586448669,
        1.12728047370911,
        1.14370036125183,
        1.16056656837463,
        1.24735486507416,
        1.29126346111298,
        1.26226401329041,
        1.29098844528198
    ],
    "omega_next": [
        1.20211279392242,
        1.28378558158875,
        1.24575531482697,
        1.30835449695587,
        1.24403238296509,
        1.17279362678528,
        1.09939885139465,
        1.18682408332825,
        1.2455245256424,
        1.35089123249054,
        1.35611820220947,
        1.29130399227142,
        1.26104938983917,
        1.23301959037781,
        1.15324306488037,
        1.11264586448669,
        1.12728047370911,
        1.14370036125183,
        1.16056656837463,
        1.24735486507416,
        1.29126346111298,
        1.26226401329041,
        1.29098844528198,
        1.31401407718658
    ],
    "phiDotL": [
        4.48213204118716,
        4.542701393095094,
        4.542701393095094,
        4.603270745003028,
        4.603270745003028,
        4.663840096910963,
        4.663840096910963,
        4.724409448818898,
        4.784978800726832,
        4.784978800726832,
        4.845548152634767,
        4.845548152634767,
        4.906117504542702,
        4.906117504542702,
        4.966686856450636,
        4.966686856450636,
        5.027256208358571,
        5.027256208358571,
        5.087825560266505,
        5.087825560266505,
        5.14839491217444,
        5.14839491217444,
        5.208964264082375,
        5.269533615990309
    ],
    "phiDotR": [
        -3.270745003028468,
        -3.3313143549364024,
        -3.3313143549364024,
        -3.3918837068443373,
        -3.3918837068443373,
        -3.3918837068443373,
        -3.3918837068443373,
        -3.4524530587522717,
        -3.5735917625681406,
        -3.5735917625681406,
        -3.634161114476075,
        -3.634161114476075,
        -3.6947304663840095,
        -3.6947304663840095,
        -3.755299818291944,
        -3.755299818291944,
        -3.815869170199879,
        -3.815869170199879,
        -3.8764385221078137,
        -3.8764385221078137,
        -3.937007874015748,
        -3.937007874015748,
        -3.997577225923683,
        -4.058146577831618
    ]
}