{
    "segment_index": 878,
    "A": 0.4828006006926682,
    "B1": -0.04370387627907185,
    "B2": -0.13824966435259084,
    "omega": [
        -0.989335000514984,
        -1.08728671073914,
        -1.04195606708527,
        -1.04797732830048,
        -1.12905943393707,
        -1.19639468193054,
        -1.09184908866882,
        -1.10428094863892,
        -1.10943830013275,
        -1.12056791782379,
        -1.09769237041473,
        -1.12127268314362,
        -1.14664936065674,
        -1.15467643737793,
        -1.16412472724915,
        -1.21793437004089,
        -1.26254999637604,
        -1.28086245059967,
        -1.29306650161743,
        -1.24417400360107,
        -1.25740659236908,
        -1.19610691070557,
        -1.18420147895813,
        -1.24537551403046
    ],
    "omega_next": [
        -1.08728671073914,
        -1.04195606708527,
        -1.04797732830048,
        -1.12905943393707,
        -1.19639468193054,
        -1.09184908866882,
        -1.10428094863892,
        -1.10943830013275,
        -1.12056791782379,
        -1.09769237041473,
        -1.12127268314362,
        -1.14664936065674,
        -1.15467643737793,
        -1.16412472724915,
        -1.21793437004089,
        -1.26254999637604,
        -1.28086245059967,
        -1.29306650161743,
        -1.24417400360107,
        -1.25740659236908,
        -1.19610691070557,
        -1.18420147895813,
        -1.24537551403046,
        -1.14630007743835
    ],
    "phiDotL": [
        -2.483343428225318,
        -2.5439127801332524,
        -2.5439127801332524,
        -2.6044821320411877,
        -2.6044821320411877,
        -2.6650514839491217,
        -2.6650514839491217,
        -2.7256208358570566,
        -2.7256208358570566,
        -2.786190187764991,
        -2.786190187764991,
        -2.846759539672925,
        -2.846759539672925,
        -2.90732889158086,
        -2.967898243488795,
        -2.967898243488795,
        -3.0284675953967293,
        -3.0284675953967293,
        -3.089036947304664,
        -3.089036947304664,
        -3.1496062992125986,
        -3.1496062992125986,
        -3.210175651120533,
        -3.210175651120533
    ],
    "phiDotR": [
        4.906117504542702,
        4.966686856450636,
        4.966686856450636,
        5.027256208358571,
        5.027256208358571,
        5.087825560266505,
        5.087825560266505,
        5.14839491217444,
        5.14839491217444,
        5.208964264082375,
        5.208964264082375,
        5.269533615990309,
        5.269533615990309,
        5.3301029678982434,
        5.390672319806178,
        5.390672319806178,
        5.451241671714113,
        5.451241671714113,
        5.511811023622047,
        5.511811023622047,
        5.572380375529982,
        5.572380375529982,
        5.632949727437917,
        5.632949727437917
    ]
}