{
    "segment_index": 1571,
    "A": 0.8114306128828582,
    "B1": -0.2706773925817267,
    "B2": -0.17824202343313095,
    "omega": [
        -1.18002772331238,
        -1.25610649585724,
        -1.25641191005707,
        -1.25116777420044,
        -1.26122999191284,
        -1.20255410671234,
        -1.17442381381989,
        -1.16001963615417,
        -1.19345486164093,
        -1.21028852462769,
        -1.22855257987976,
        -1.17839765548706,
        -1.13660776615143,
        -1.16552686691284,
        -1.1186238527298,
        -1.0514976978302,
        -0.991969585418701,
        -0.976480007171631,
        -0.912220418453217,
        -0.903262734413147,
        -0.895715951919556,
        -0.926693618297577,
        -0.976005852222443,
        -1.02304112911224
    ],
    "omega_next": [
        -1.25610649585724,
        -1.25641191005707,
        -1.25116777420044,
        -1.26122999191284,
        -1.20255410671234,
        -1.17442381381989,
        -1.16001963615417,
        -1.19345486164093,
        -1.21028852462769,
        -1.22855257987976,
        -1.17839765548706,
        -1.13660776615143,
        -1.16552686691284,
        -1.1186238527298,
        -1.0514976978302,
        -0.991969585418701,
        -0.976480007171631,
        -0.912220418453217,
        -0.903262734413147,
        -0.895715951919556,
        -0.926693618297577,
        -0.976005852222443,
        -1.02304112911224,
        -1.01758694648743
    ],
    "phiDotL": [
        -3.089036947304664,
        -3.089036947304664,
        -3.1496062992125986,
        -3.1496062992125986,
        -3.1496062992125986,
        -3.1496062992125986,
        -3.1496062992125986,
        -3.210175651120533,
        -3.210175651120533,
        -3.210175651120533,
        -3.210175651120533,
        -3.210175651120533,
        -3.270745003028468,
        -3.270745003028468,
        -3.270745003028468,
        -3.270745003028468,
        -3.270745003028468,
        -3.270745003028468,
        -3.3313143549364024,
        -3.3313143549364024,
        -3.3313143549364024,
        -3.3313143549364024,
        -3.3313143549364024,
        -3.3918837068443373
    ],
    "phiDotR": [
        6.0569351907934585,
        6.0569351907934585,
        6.0569351907934585,
        6.0569351907934585,
        5.996365838885524,
        5.996365838885524,
        6.0569351907934585,
        6.0569351907934585,
        6.0569351907934585,
        6.0569351907934585,
        5.996365838885524,
        6.0569351907934585,
        6.0569351907934585,
        6.0569351907934585,
        6.0569351907934585,
        6.0569351907934585,
        6.0569351907934585,
        6.0569351907934585,
        6.0569351907934585,
        6.0569351907934585,
        6.0569351907934585,
        6.0569351907934585,
        6.0569351907934585,
        6.0569351907934585
    ]
}