{
    "segment_index": 1601,
    "A": -0.1752751727121175,
    "B1": 0.0,
    "B2": 0.0,
    "omega": [
        0.007692608051002,
        -0.0044029587879777,
        -0.0047958237119019,
        0.0002104267769027,
        0.0010491635184735,
        0.0014284485951066,
        0.0005096775130368,
        0.0004270853823982,
        0.0023367619141936,
        0.0009410263155587,
        0.0010062652872875,
        -0.0042447573505342,
        0.000808605691418,
        -0.0042988238856196,
        0.0019378706347197,
        -0.0006214445456862,
        0.0013104333775118,
        -0.0018596083391457,
        -0.0008421222446486,
        0.0008637948194518,
        0.001333337277174,
        0.0029689806979149,
        -0.001811436843127,
        0.0001785172789823
    ],
    "omega_next": [
        -0.0044029587879777,
        -0.0047958237119019,
        0.0002104267769027,
        0.0010491635184735,
        0.0014284485951066,
        0.0005096775130368,
        0.0004270853823982,
        0.0023367619141936,
        0.0009410263155587,
        0.0010062652872875,
        -0.0042447573505342,
        0.000808605691418,
        -0.0042988238856196,
        0.0019378706347197,
        -0.0006214445456862,
        0.0013104333775118,
        -0.0018596083391457,
        -0.0008421222446486,
        0.0008637948194518,
        0.001333337277174,
        0.0029689806979149,
        -0.001811436843127,
        0.0001785172789823,
        0.000609137059655
    ],
    "phiDotL": [
        0.0,
        0.0,
        0.0,
        0.0,
        0.0,
        0.0,
        0.0,
        0.0,
        0.0,
        0.0,
        0.0,
        0.0,
        0.0,
        0.0,
        0.0,
        0.0,
        0.0,
        0.0,
        0.0,
        0.0,
        0.0,
        0.0,
        0.0,
        0.0
    ],
    "phiDotR": [
        0.0,
        0.0,
        0.0,
        0.0,
        0.0,
        0.0,
        0.0,
        0.0,
        0.0,
        0.0,
        0.0,
        0.0,
        0.0,
        0.0,
        0.0,
        0.0,
        0.0,
        0.0,
        0.0,
        0.0,
        0.0,
        0.0,
        0.0,
        0.0
    ]
}