{
    "segment_index": 1241,
    "A": 0.9256910621063978,
    "B1": 0.11206174979321204,
    "B2": 0.14599890577929528,
    "omega": [
        1.38471615314484,
        1.3424483537674,
        1.35099172592163,
        1.30102264881134,
        1.35654771327972,
        1.32190644741058,
        1.31580758094788,
        1.30049705505371,
        1.35148417949677,
        1.45444416999817,
        1.50630939006805,
        1.52617835998535,
        1.56810653209686,
        1.55691456794739,
        1.55800592899323,
        1.47414100170135,
        1.43898713588715,
        1.35585796833038,
        1.40722620487213,
        1.39115965366364,
        1.40468108654022,
        1.37152791023254,
        1.35480082035065,
        1.30335128307343
    ],
    "omega_next": [
        1.3424483537674,
        1.35099172592163,
        1.30102264881134,
        1.35654771327972,
        1.32190644741058,
        1.31580758094788,
        1.30049705505371,
        1.35148417949677,
        1.45444416999817,
        1.50630939006805,
        1.52617835998535,
        1.56810653209686,
        1.55691456794739,
        1.55800592899323,
        1.47414100170135,
        1.43898713588715,
        1.35585796833038,
        1.40722620487213,
        1.39115965366364,
        1.40468108654022,
        1.37152791023254,
        1.35480082035065,
        1.30335128307343,
        1.27829170227051
    ],
    "phiDotL": [
        6.0569351907934585,
        6.0569351907934585,
        6.0569351907934585,
        6.0569351907934585,
        6.0569351907934585,
        6.0569351907934585,
        6.0569351907934585,
        6.0569351907934585,
        6.0569351907934585,
        6.0569351907934585,
        6.0569351907934585,
        6.0569351907934585,
        6.0569351907934585,
        6.0569351907934585,
        6.0569351907934585,
        6.0569351907934585,
        6.0569351907934585,
        6.0569351907934585,
        6.0569351907934585,
        6.0569351907934585,
        6.0569351907934585,
        6.0569351907934585,
        6.0569351907934585,
        6.0569351907934585
    ],
    "phiDotR": [
        -3.8764385221078137,
        -3.8764385221078137,
        -3.8764385221078137,
        -3.8764385221078137,
        -3.8764385221078137,
        -3.8764385221078137,
        -3.937007874015748,
        -3.937007874015748,
        -3.937007874015748,
        -3.937007874015748,
        -3.937007874015748,
        -3.937007874015748,
        -3.997577225923683,
        -3.997577225923683,
        -3.997577225923683,
        -3.997577225923683,
        -3.997577225923683,
        -3.997577225923683,
        -3.997577225923683,
        -4.058146577831618,
        -4.058146577831618,
        -4.058146577831618,
        -4.058146577831618,
        -4.058146577831618
    ]
}