{
    "segment_index": 631,
    "A": -0.9723258333533571,
    "B1": -0.008547270420682521,
    "B2": -0.47007192946645865,
    "omega": [
        -1.49044620990753,
        -1.45361685752869,
        -1.41878497600555,
        -1.2997190952301,
        -0.874161005020142,
        -0.237673029303551,
        0.101319186389446,
        0.0230888947844505,
        0.0059647136367857,
        0.0045327991247177,
        0.0016627501463517,
        -0.0009023693855851,
        -0.0003308269660919,
        0.0007532337913289,
        0.0004315683327149,
        -0.0012322585098445,
        0.0020522125996649,
        0.0004462263314053,
        0.0008481480763293,
        0.003494492964819,
        0.0018986214417964,
        0.0016466493252664,
        -0.0009113176492974,
        0.0005172136588953
    ],
    "omega_next": [
        -1.45361685752869,
        -1.41878497600555,
        -1.2997190952301,
        -0.874161005020142,
        -0.237673029303551,
        0.101319186389446,
        0.0230888947844505,
        0.0059647136367857,
        0.0045327991247177,
        0.0016627501463517,
        -0.0009023693855851,
        -0.0003308269660919,
        0.0007532337913289,
        0.0004315683327149,
        -0.0012322585098445,
        0.0020522125996649,
        0.0004462263314053,
        0.0008481480763293,
        0.003494492964819,
        0.0018986214417964,
        0.0016466493252664,
        -0.0009113176492974,
        0.0005172136588953,
        0.0011182164307683
    ],
    "phiDotL": [
        -4.966686856450636,
        -4.966686856450636,
        -4.966686856450636,
        -4.48213204118716,
        -2.5439127801332524,
        -0.6056935190793459,
        0.0,
        0.0,
        0.0,
        0.0,
        0.0,
        0.0,
        0.0,
        0.0,
        0.0,
        0.0,
        0.0,
        0.0,
        0.0,
        0.0,
        0.0,
        0.0,
        0.0,
        0.0
    ],
    "phiDotR": [
        6.0569351907934585,
        6.0569351907934585,
        6.0569351907934585,
        4.48213204118716,
        2.5439127801332524,
        0.6056935190793459,
        0.0,
        0.0,
        0.0,
        0.0,
        0.0,
        0.0,
        0.0,
        0.0,
        0.0,
        0.0,
        0.0,
        0.0,
        0.0,
        0.0,
        0.0,
        0.0,
        0.0,
        0.0
    ]
}