{
    "segment_index": 364,
    "A": 0.46908207830587917,
    "B1": 0.0,
    "B2": 0.0,
    "omega": [
        -0.0039866501465439,
        3.90940404031426e-05,
        0.0023864358663559,
        0.0023864358663559,
        0.0023864358663559,
        0.0023864358663559,
        0.0023864358663559,
        0.0023864358663559,
        -0.000829740834888,
        4.72487299703062e-05,
        0.0017455164343118,
        -0.0004493034211918,
        -3.69521148968488e-05,
        -0.0003612917789723,
        0.0012472288217395,
        0.0001144689304055,
        -0.0005933225620538,
        -0.0004522661911323,
        -0.0022869568783789,
        -0.0004204997385386,
        -0.0013086511753499,
        -0.0005315192975103,
        -0.0004087993002031,
        0.0005942700081504
    ],
    "omega_next": [
        3.90940404031426e-05,
        0.0023864358663559,
        0.0023864358663559,
        0.0023864358663559,
        0.0023864358663559,
        0.0023864358663559,
        0.0023864358663559,
        -0.000829740834888,
        4.72487299703062e-05,
        0.0017455164343118,
        -0.0004493034211918,
        -3.69521148968488e-05,
        -0.0003612917789723,
        0.0012472288217395,
        0.0001144689304055,
        -0.0005933225620538,
        -0.0004522661911323,
        -0.0022869568783789,
        -0.0004204997385386,
        -0.0013086511753499,
        -0.0005315192975103,
        -0.0004087993002031,
        0.0005942700081504,
        0.0021493125241249
    ],
    "phiDotL": [
        0.0,
        0.0,
        0.0,
        0.0,
        0.0,
        0.0,
        0.0,
        0.0,
        0.0,
        0.0,
        0.0,
        0.0,
        0.0,
        0.0,
        0.0,
        0.0,
        0.0,
        0.0,
        0.0,
        0.0,
        0.0,
        0.0,
        0.0,
        0.0
    ],
    "phiDotR": [
        0.0,
        0.0,
        0.0,
        0.0,
        0.0,
        0.0,
        0.0,
        0.0,
        0.0,
        0.0,
        0.0,
        0.0,
        0.0,
        0.0,
        0.0,
        0.0,
        0.0,
        0.0,
        0.0,
        0.0,
        0.0,
        0.0,
        0.0,
        0.0
    ]
}