{
    "segment_index": 398,
    "A": 0.04129320500226126,
    "B1": 0.0,
    "B2": 0.0,
    "omega": [
        0.0007919552735984,
        0.0020613127853721,
        -0.0030388012528419,
        -0.000503547489643,
        0.0049525164067745,
        0.0006608284311369,
        -0.0013199861859902,
        -0.0009940350428223,
        -0.0007301600417122,
        0.0004011079436168,
        -0.0004515510227065,
        -0.0013762837043032,
        0.0002092382783303,
        0.0011505550937727,
        -0.0006268192082643,
        0.0023753498680889,
        -0.000644045881927,
        0.0034985106904059,
        0.0016238075913861,
        -0.0004961935337632,
        0.0037509608082473,
        0.0016524384263902,
        0.0018695718608796,
        -0.0010076013859361
    ],
    "omega_next": [
        0.0020613127853721,
        -0.0030388012528419,
        -0.000503547489643,
        0.0049525164067745,
        0.0006608284311369,
        -0.0013199861859902,
        -0.0009940350428223,
        -0.0007301600417122,
        0.0004011079436168,
        -0.0004515510227065,
        -0.0013762837043032,
        0.0002092382783303,
        0.0011505550937727,
        -0.0006268192082643,
        0.0023753498680889,
        -0.000644045881927,
        0.0034985106904059,
        0.0016238075913861,
        -0.0004961935337632,
        0.0037509608082473,
        0.0016524384263902,
        0.0018695718608796,
        -0.0010076013859361,
        -0.000308766553644
    ],
    "phiDotL": [
        0.0,
        0.0,
        0.0,
        0.0,
        0.0,
        0.0,
        0.0,
        0.0,
        0.0,
        0.0,
        0.0,
        0.0,
        0.0,
        0.0,
        0.0,
        0.0,
        0.0,
        0.0,
        0.0,
        0.0,
        0.0,
        0.0,
        0.0,
        0.0
    ],
    "phiDotR": [
        0.0,
        0.0,
        0.0,
        0.0,
        0.0,
        0.0,
        0.0,
        0.0,
        0.0,
        0.0,
        0.0,
        0.0,
        0.0,
        0.0,
        0.0,
        0.0,
        0.0,
        0.0,
        0.0,
        0.0,
        0.0,
        0.0,
        0.0,
        0.0
    ]
}