{
    "segment_index": 146,
    "A": -0.007059211637961154,
    "B1": 0.088469552104166,
    "B2": -0.21849596248388134,
    "omega": [
        0.228741407394409,
        0.255745410919189,
        0.228273451328278,
        0.29252877831459,
        0.286684840917587,
        0.250891238451004,
        0.247000828385353,
        0.291743129491806,
        0.263782262802124,
        0.320890098810196,
        0.338076055049896,
        0.347902089357376,
        0.383813828229904,
        0.304972589015961,
        0.398954451084137,
        0.434963166713715,
        0.388166844844818,
        0.368807584047318,
        0.379343092441559,
        0.42167603969574,
        0.436474502086639,
        0.440430521965027,
        0.436197310686111,
        0.432806581258774
    ],
    "omega_next": [
        0.255745410919189,
        0.228273451328278,
        0.29252877831459,
        0.286684840917587,
        0.250891238451004,
        0.247000828385353,
        0.291743129491806,
        0.263782262802124,
        0.320890098810196,
        0.338076055049896,
        0.347902089357376,
        0.383813828229904,
        0.304972589015961,
        0.398954451084137,
        0.434963166713715,
        0.388166844844818,
        0.368807584047318,
        0.379343092441559,
        0.42167603969574,
        0.436474502086639,
        0.440430521965027,
        0.436197310686111,
        0.432806581258774,
        0.484763324260712
    ],
    "phiDotL": [
        1.635372501514234,
        1.6959418534221686,
        1.6959418534221686,
        1.6959418534221686,
        1.6959418534221686,
        1.8170805572380373,
        1.8170805572380373,
        1.877649909145972,
        1.877649909145972,
        1.9382192610539069,
        1.9987886129618413,
        1.9987886129618413,
        2.059357964869776,
        2.059357964869776,
        2.1199273167777104,
        2.1199273167777104,
        2.180496668685645,
        2.180496668685645,
        2.24106602059358,
        2.24106602059358,
        2.301635372501514,
        2.301635372501514,
        2.362204724409449,
        2.362204724409449
    ],
    "phiDotR": [
        -0.4239854633555421,
        -0.4845548152634767,
        -0.4845548152634767,
        -0.5451241671714112,
        -0.5451241671714112,
        -0.6056935190793459,
        -0.6056935190793459,
        -0.6662628709872804,
        -0.6662628709872804,
        -0.726832222895215,
        -0.7874015748031497,
        -0.7874015748031497,
        -0.8479709267110843,
        -0.8479709267110843,
        -0.9085402786190188,
        -0.9085402786190188,
        -0.9691096305269534,
        -0.9691096305269534,
        -1.029678982434888,
        -1.029678982434888,
        -1.0902483343428224,
        -1.0902483343428224,
        -1.150817686250757,
        -1.150817686250757
    ]
}