{
    "segment_index": 3012,
    "A": 0.4758915488675635,
    "B1": 0.13595853095283886,
    "B2": 0.22380318881723468,
    "omega": [
        1.07242345809937,
        1.11894857883453,
        1.14541530609131,
        1.21873784065247,
        1.13790917396545,
        1.15000033378601,
        1.05223679542542,
        0.979339420795441,
        0.923623323440552,
        1.10494530200958,
        0.966770052909851,
        0.863031148910522,
        0.976277053356171,
        1.02315306663513,
        0.933725535869598,
        1.02977657318115,
        1.10626125335693,
        1.07704305648804,
        1.01289403438568,
        0.957188844680786,
        0.926542162895203,
        0.910264909267426,
        0.923901319503784,
        0.933266222476959
    ],
    "omega_next": [
        1.11894857883453,
        1.14541530609131,
        1.21873784065247,
        1.13790917396545,
        1.15000033378601,
        1.05223679542542,
        0.979339420795441,
        0.923623323440552,
        1.10494530200958,
        0.966770052909851,
        0.863031148910522,
        0.976277053356171,
        1.02315306663513,
        0.933725535869598,
        1.02977657318115,
        1.10626125335693,
        1.07704305648804,
        1.01289403438568,
        0.957188844680786,
        0.926542162895203,
        0.910264909267426,
        0.923901319503784,
        0.933266222476959,
        0.939058899879456
    ],
    "phiDotL": [
        5.81465778316172,
        5.81465778316172,
        5.875227135069655,
        5.875227135069655,
        5.93579648697759,
        5.93579648697759,
        5.996365838885524,
        5.996365838885524,
        6.0569351907934585,
        6.0569351907934585,
        6.0569351907934585,
        6.0569351907934585,
        6.0569351907934585,
        6.0569351907934585,
        6.0569351907934585,
        6.0569351907934585,
        6.0569351907934585,
        6.0569351907934585,
        6.0569351907934585,
        6.0569351907934585,
        6.0569351907934585,
        6.0569351907934585,
        6.0569351907934585,
        6.0569351907934585
    ],
    "phiDotR": [
        -0.9691096305269534,
        -0.9691096305269534,
        -1.029678982434888,
        -1.029678982434888,
        -1.0902483343428224,
        -1.0902483343428224,
        -1.150817686250757,
        -1.150817686250757,
        -1.2113870381586918,
        -1.2113870381586918,
        -1.2719563900666262,
        -1.2719563900666262,
        -1.3325257419745609,
        -1.3325257419745609,
        -1.3325257419745609,
        -1.3930950938824955,
        -1.3930950938824955,
        -1.45366444579043,
        -1.45366444579043,
        -1.45366444579043,
        -1.5142337976983646,
        -1.5142337976983646,
        -1.5142337976983646,
        -1.5748031496062993
    ]
}