{
    "segment_index": 1399,
    "A": 0.050570759026941574,
    "B1": 0.09814701857531359,
    "B2": -0.11057499044057567,
    "omega": [
        -0.0431974343955517,
        -0.0148867769166827,
        -0.0522724613547325,
        -0.0493243969976902,
        -0.0772490873932838,
        -0.0833581760525703,
        -0.0959024131298065,
        -0.0905418917536736,
        -0.124559208750725,
        -0.080410897731781,
        -0.134289607405663,
        -0.125247314572334,
        -0.125247314572334,
        -0.158675864338875,
        -0.182601183652878,
        -0.171091794967651,
        -0.186337292194366,
        -0.19200274348259,
        -0.158130556344986,
        -0.169762313365936,
        -0.11968544870615,
        -0.215982243418694,
        -0.185463026165962,
        -0.185463026165962
    ],
    "omega_next": [
        -0.0148867769166827,
        -0.0522724613547325,
        -0.0493243969976902,
        -0.0772490873932838,
        -0.0833581760525703,
        -0.0959024131298065,
        -0.0905418917536736,
        -0.124559208750725,
        -0.080410897731781,
        -0.134289607405663,
        -0.125247314572334,
        -0.125247314572334,
        -0.158675864338875,
        -0.182601183652878,
        -0.171091794967651,
        -0.186337292194366,
        -0.19200274348259,
        -0.158130556344986,
        -0.169762313365936,
        -0.11968544870615,
        -0.215982243418694,
        -0.185463026165962,
        -0.185463026165962,
        -0.223062917590141
    ],
    "phiDotL": [
        1.635372501514234,
        1.635372501514234,
        1.5748031496062993,
        1.5748031496062993,
        1.5142337976983646,
        1.5142337976983646,
        1.45366444579043,
        1.45366444579043,
        1.3930950938824955,
        1.3930950938824955,
        1.3325257419745609,
        1.2719563900666262,
        1.2719563900666262,
        1.2113870381586918,
        1.2113870381586918,
        1.150817686250757,
        1.150817686250757,
        1.0902483343428224,
        1.0902483343428224,
        1.029678982434888,
        1.029678982434888,
        0.9691096305269534,
        0.9691096305269534,
        0.9085402786190188
    ],
    "phiDotR": [
        1.9382192610539069,
        1.9382192610539069,
        1.9987886129618413,
        1.9987886129618413,
        2.059357964869776,
        2.059357964869776,
        2.1199273167777104,
        2.1199273167777104,
        2.180496668685645,
        2.180496668685645,
        2.24106602059358,
        2.301635372501514,
        2.301635372501514,
        2.362204724409449,
        2.362204724409449,
        2.4227740763173835,
        2.4227740763173835,
        2.483343428225318,
        2.483343428225318,
        2.5439127801332524,
        2.5439127801332524,
        2.6044821320411877,
        2.6044821320411877,
        2.6650514839491217
    ]
}