{
    "segment_index": 965,
    "A": 0.21975577154952813,
    "B1": -0.09604112641472344,
    "B2": 0.09604112641472358,
    "omega": [
        -0.265212118625641,
        0.0580610819160938,
        0.0125668710097671,
        0.0031923460774123,
        0.0047174026258289,
        0.0011243650224059,
        -0.0038457820191979,
        0.0042365109547972,
        -0.000683462829329,
        -0.00295180385001,
        -0.0026883003301918,
        0.0025215246714651,
        0.0020477792713791,
        0.0031393871176987,
        0.0037140541244298,
        0.004091762471944,
        0.0002336918842047,
        -0.0004591572214849,
        -0.0001599959650775,
        0.0030095260590314,
        0.0015655289171263,
        -0.0020451901946216,
        -0.0004878570325672,
        -0.0011983858421444
    ],
    "omega_next": [
        0.0580610819160938,
        0.0125668710097671,
        0.0031923460774123,
        0.0047174026258289,
        0.0011243650224059,
        -0.0038457820191979,
        0.0042365109547972,
        -0.000683462829329,
        -0.00295180385001,
        -0.0026883003301918,
        0.0025215246714651,
        0.0020477792713791,
        0.0031393871176987,
        0.0037140541244298,
        0.004091762471944,
        0.0002336918842047,
        -0.0004591572214849,
        -0.0001599959650775,
        0.0030095260590314,
        0.0015655289171263,
        -0.0020451901946216,
        -0.0004878570325672,
        -0.0011983858421444,
        0.0024759294465184
    ],
    "phiDotL": [
        -0.6056935190793459,
        0.0,
        0.0,
        0.0,
        0.0,
        0.0,
        0.0,
        0.0,
        0.0,
        0.0,
        0.0,
        0.0,
        0.0,
        0.0,
        0.0,
        0.0,
        0.0,
        0.0,
        0.0,
        0.0,
        0.0,
        0.0,
        0.0,
        0.0
    ],
    "phiDotR": [
        0.6056935190793459,
        0.0,
        0.0,
        0.0,
        0.0,
        0.0,
        0.0,
        0.0,
        0.0,
        0.0,
        0.0,
        0.0,
        0.0,
        0.0,
        0.0,
        0.0,
        0.0,
        0.0,
        0.0,
        0.0,
        0.0,
        0.0,
        0.0,
        0.0
    ]
}