{
    "segment_index": 1445,
    "A": 0.8570242382146337,
    "B1": 0.11295766327940561,
    "B2": -0.02161812377929581,
    "omega": [
        -0.422721654176712,
        -0.419858306646347,
        -0.431029230356216,
        -0.489780277013779,
        -0.47634282708168,
        -0.457987993955612,
        -0.453415662050247,
        -0.453415662050247,
        -0.504236459732056,
        -0.487562000751495,
        -0.487562000751495,
        -0.512278735637665,
        -0.56116771697998,
        -0.586978197097778,
        -0.61162930727005,
        -0.602310359477997,
        -0.623932659626007,
        -0.66254597902298,
        -0.66254597902298,
        -0.636686503887177,
        -0.642777562141418,
        -0.647989690303802,
        -0.68902450799942,
        -0.850324094295502
    ],
    "omega_next": [
        -0.419858306646347,
        -0.431029230356216,
        -0.489780277013779,
        -0.47634282708168,
        -0.457987993955612,
        -0.453415662050247,
        -0.453415662050247,
        -0.504236459732056,
        -0.487562000751495,
        -0.487562000751495,
        -0.512278735637665,
        -0.56116771697998,
        -0.586978197097778,
        -0.61162930727005,
        -0.602310359477997,
        -0.623932659626007,
        -0.66254597902298,
        -0.66254597902298,
        -0.636686503887177,
        -0.642777562141418,
        -0.647989690303802,
        -0.68902450799942,
        -0.850324094295502,
        -0.904385209083557
    ],
    "phiDotL": [
        0.1817080557238037,
        0.1211387038158691,
        0.1211387038158691,
        0.0605693519079345,
        0.0605693519079345,
        0.0,
        0.0,
        0.0,
        -0.0605693519079345,
        -0.0605693519079345,
        -0.1211387038158691,
        -0.1211387038158691,
        -0.1817080557238037,
        -0.1817080557238037,
        -0.2422774076317383,
        -0.2422774076317383,
        -0.3028467595396729,
        -0.3028467595396729,
        -0.3634161114476075,
        -0.3634161114476075,
        -0.4239854633555421,
        -0.4239854633555421,
        -0.4845548152634767,
        -0.5451241671714112
    ],
    "phiDotR": [
        3.3918837068443373,
        3.3918837068443373,
        3.3918837068443373,
        3.4524530587522717,
        3.4524530587522717,
        3.5735917625681406,
        3.5735917625681406,
        3.634161114476075,
        3.6947304663840095,
        3.6947304663840095,
        3.755299818291944,
        3.755299818291944,
        3.815869170199879,
        3.815869170199879,
        3.8764385221078137,
        3.8764385221078137,
        3.937007874015748,
        3.937007874015748,
        3.997577225923683,
        3.997577225923683,
        4.058146577831618,
        4.058146577831618,
        4.118715929739552,
        4.179285281647486
    ]
}