{
    "segment_index": 1727,
    "A": 0.14911994332282855,
    "B1": 0.0,
    "B2": 0.0,
    "omega": [
        -0.0027846121229231,
        0.0016998235369101,
        -0.0005381577066145,
        -0.0002890801115427,
        -0.0013517875922843,
        -0.0007782275206409,
        -0.0019466407829895,
        -0.0031917160376906,
        0.0024255830794572,
        0.0015076417475938,
        0.0022990871220827,
        0.0011905977735295,
        -0.001526212785393,
        -0.0005754152080044,
        -0.0029740245081484,
        -0.0011924662394449,
        -0.0008147794287651,
        0.002718438161537,
        -0.0017699577147141,
        0.0018718317151069,
        0.0039483499713242,
        -8.07706746854819e-05,
        -0.0014958158135414,
        -0.0013382195029407
    ],
    "omega_next": [
        0.0016998235369101,
        -0.0005381577066145,
        -0.0002890801115427,
        -0.0013517875922843,
        -0.0007782275206409,
        -0.0019466407829895,
        -0.0031917160376906,
        0.0024255830794572,
        0.0015076417475938,
        0.0022990871220827,
        0.0011905977735295,
        -0.001526212785393,
        -0.0005754152080044,
        -0.0029740245081484,
        -0.0011924662394449,
        -0.0008147794287651,
        0.002718438161537,
        -0.0017699577147141,
        0.0018718317151069,
        0.0039483499713242,
        -8.07706746854819e-05,
        -0.0014958158135414,
        -0.0013382195029407,
        -0.0025468620005995
    ],
    "phiDotL": [
        0.0,
        0.0,
        0.0,
        0.0,
        0.0,
        0.0,
        0.0,
        0.0,
        0.0,
        0.0,
        0.0,
        0.0,
        0.0,
        0.0,
        0.0,
        0.0,
        0.0,
        0.0,
        0.0,
        0.0,
        0.0,
        0.0,
        0.0,
        0.0
    ],
    "phiDotR": [
        0.0,
        0.0,
        0.0,
        0.0,
        0.0,
        0.0,
        0.0,
        0.0,
        0.0,
        0.0,
        0.0,
        0.0,
        0.0,
        0.0,
        0.0,
        0.0,
        0.0,
        0.0,
        0.0,
        0.0,
        0.0,
        0.0,
        0.0,
        0.0
    ]
}