{
    "segment_index": 2658,
    "A": 0.22957648292285499,
    "B1": 0.1104966154495723,
    "B2": -0.1134030301220862,
    "omega": [
        -0.215564772486687,
        -0.251215636730194,
        -0.258374482393265,
        -0.263592779636383,
        -0.267122447490692,
        -0.285925477743149,
        -0.284276723861694,
        -0.282435476779938,
        -0.274229556322098,
        -0.253107339143753,
        -0.308225214481354,
        -0.303101658821106,
        -0.313725799322128,
        -0.363503634929657,
        -0.326561450958252,
        -0.348674118518829,
        -0.353959202766418,
        -0.356350928544998,
        -0.381094336509705,
        -0.417771399021149,
        -0.394021600484848,
        -0.478237092494965,
        -0.457990050315857,
        -0.436048984527588
    ],
    "omega_next": [
        -0.251215636730194,
        -0.258374482393265,
        -0.263592779636383,
        -0.267122447490692,
        -0.285925477743149,
        -0.284276723861694,
        -0.282435476779938,
        -0.274229556322098,
        -0.253107339143753,
        -0.308225214481354,
        -0.303101658821106,
        -0.313725799322128,
        -0.363503634929657,
        -0.326561450958252,
        -0.348674118518829,
        -0.353959202766418,
        -0.356350928544998,
        -0.381094336509705,
        -0.417771399021149,
        -0.394021600484848,
        -0.478237092494965,
        -0.457990050315857,
        -0.436048984527588,
        -0.471069753170013
    ],
    "phiDotL": [
        1.635372501514234,
        1.5748031496062993,
        1.5748031496062993,
        1.5142337976983646,
        1.5142337976983646,
        1.45366444579043,
        1.3930950938824955,
        1.3930950938824955,
        1.3325257419745609,
        1.3325257419745609,
        1.2719563900666262,
        1.2719563900666262,
        1.2113870381586918,
        1.2113870381586918,
        1.150817686250757,
        1.150817686250757,
        1.0902483343428224,
        1.0902483343428224,
        1.029678982434888,
        0.9691096305269534,
        0.9691096305269534,
        0.9085402786190188,
        0.9085402786190188,
        0.8479709267110843
    ],
    "phiDotR": [
        3.1496062992125986,
        3.210175651120533,
        3.210175651120533,
        3.270745003028468,
        3.270745003028468,
        3.3313143549364024,
        3.3918837068443373,
        3.3918837068443373,
        3.3918837068443373,
        3.3918837068443373,
        3.4524530587522717,
        3.4524530587522717,
        3.5735917625681406,
        3.5735917625681406,
        3.634161114476075,
        3.634161114476075,
        3.6947304663840095,
        3.6947304663840095,
        3.755299818291944,
        3.815869170199879,
        3.815869170199879,
        3.8764385221078137,
        3.8764385221078137,
        3.937007874015748
    ]
}