{
    "segment_index": 377,
    "A": -0.15529671718523996,
    "B1": 0.0,
    "B2": 0.0,
    "omega": [
        -0.0003612917789723,
        0.0012472288217395,
        0.0001144689304055,
        -0.0005933225620538,
        -0.0004522661911323,
        -0.0022869568783789,
        -0.0004204997385386,
        -0.0013086511753499,
        -0.0005315192975103,
        -0.0004087993002031,
        0.0005942700081504,
        0.0021493125241249,
        -0.0040998570621013,
        0.0022620903328061,
        0.0025016022846102,
        0.0005250453250482,
        -0.00210348283872,
        -0.0010420633479952,
        0.0021670677233487,
        0.000224597781198,
        1.08880049083382e-05,
        0.0007919552735984,
        0.0020613127853721,
        -0.0030388012528419
    ],
    "omega_next": [
        0.0012472288217395,
        0.0001144689304055,
        -0.0005933225620538,
        -0.0004522661911323,
        -0.0022869568783789,
        -0.0004204997385386,
        -0.0013086511753499,
        -0.0005315192975103,
        -0.0004087993002031,
        0.0005942700081504,
        0.0021493125241249,
        -0.0040998570621013,
        0.0022620903328061,
        0.0025016022846102,
        0.0005250453250482,
        -0.00210348283872,
        -0.0010420633479952,
        0.0021670677233487,
        0.000224597781198,
        1.08880049083382e-05,
        0.0007919552735984,
        0.0020613127853721,
        -0.0030388012528419,
        -0.000503547489643
    ],
    "phiDotL": [
        0.0,
        0.0,
        0.0,
        0.0,
        0.0,
        0.0,
        0.0,
        0.0,
        0.0,
        0.0,
        0.0,
        0.0,
        0.0,
        0.0,
        0.0,
        0.0,
        0.0,
        0.0,
        0.0,
        0.0,
        0.0,
        0.0,
        0.0,
        0.0
    ],
    "phiDotR": [
        0.0,
        0.0,
        0.0,
        0.0,
        0.0,
        0.0,
        0.0,
        0.0,
        0.0,
        0.0,
        0.0,
        0.0,
        0.0,
        0.0,
        0.0,
        0.0,
        0.0,
        0.0,
        0.0,
        0.0,
        0.0,
        0.0,
        0.0,
        0.0
    ]
}