{
    "segment_index": 2781,
    "A": 0.509465081302619,
    "B1": 0.09141131115793653,
    "B2": -0.054328643496293225,
    "omega": [
        -1.07319927215576,
        -1.04037034511566,
        -1.03437745571136,
        -1.07838141918182,
        -1.04029583930969,
        -1.04900622367859,
        -1.15192699432373,
        -1.16218554973602,
        -1.05088770389557,
        -1.05088770389557,
        -1.05375301837921,
        -1.03893935680389,
        -1.03219795227051,
        -0.994625866413116,
        -1.0430828332901,
        -1.02030599117279,
        -0.966190934181213,
        -1.02012860774994,
        -1.11578953266144,
        -1.11677849292755,
        -1.08014178276062,
        -1.08014178276062,
        -1.03494358062744,
        -1.15372014045715
    ],
    "omega_next": [
        -1.04037034511566,
        -1.03437745571136,
        -1.07838141918182,
        -1.04029583930969,
        -1.04900622367859,
        -1.15192699432373,
        -1.16218554973602,
        -1.05088770389557,
        -1.05088770389557,
        -1.05375301837921,
        -1.03893935680389,
        -1.03219795227051,
        -0.994625866413116,
        -1.0430828332901,
        -1.02030599117279,
        -0.966190934181213,
        -1.02012860774994,
        -1.11578953266144,
        -1.11677849292755,
        -1.08014178276062,
        -1.08014178276062,
        -1.03494358062744,
        -1.15372014045715,
        -1.16596531867981
    ],
    "phiDotL": [
        -1.9382192610539069,
        -1.9382192610539069,
        -1.9987886129618413,
        -1.9987886129618413,
        -1.9987886129618413,
        -2.059357964869776,
        -2.059357964869776,
        -2.059357964869776,
        -2.059357964869776,
        -2.1199273167777104,
        -2.1199273167777104,
        -2.1199273167777104,
        -2.180496668685645,
        -2.180496668685645,
        -2.180496668685645,
        -2.180496668685645,
        -2.24106602059358,
        -2.24106602059358,
        -2.24106602059358,
        -2.24106602059358,
        -2.301635372501514,
        -2.301635372501514,
        -2.301635372501514,
        -2.301635372501514
    ],
    "phiDotR": [
        6.0569351907934585,
        6.0569351907934585,
        6.0569351907934585,
        6.0569351907934585,
        6.0569351907934585,
        6.0569351907934585,
        6.0569351907934585,
        6.0569351907934585,
        6.0569351907934585,
        6.0569351907934585,
        6.0569351907934585,
        6.0569351907934585,
        6.0569351907934585,
        6.0569351907934585,
        6.0569351907934585,
        6.0569351907934585,
        6.0569351907934585,
        6.0569351907934585,
        6.0569351907934585,
        6.0569351907934585,
        6.0569351907934585,
        6.0569351907934585,
        6.0569351907934585,
        6.0569351907934585
    ]
}