{
    "segment_index": 2341,
    "A": -0.40632808140015336,
    "B1": -0.2714170861363793,
    "B2": 0.30225519039918447,
    "omega": [
        -0.0001834513968788,
        0.0013117485214024,
        0.0006809419719502,
        0.0007788963266648,
        0.0024544587358832,
        0.000852875993587,
        -0.0019499376649037,
        0.000643401464913,
        0.0020517467055469,
        0.0030429784674197,
        0.0002509089536033,
        -9.72427224041894e-05,
        -0.0038275425322353,
        0.0010983101092279,
        0.0018422710709273,
        0.0021006492897868,
        0.0453055314719677,
        -0.0049503133632242,
        -0.0381577052175999,
        -0.0007785322959534,
        -0.0307188257575035,
        -0.0169868692755699,
        -0.0065466142259538,
        -0.0028614334296435
    ],
    "omega_next": [
        0.0013117485214024,
        0.0006809419719502,
        0.0007788963266648,
        0.0024544587358832,
        0.000852875993587,
        -0.0019499376649037,
        0.000643401464913,
        0.0020517467055469,
        0.0030429784674197,
        0.0002509089536033,
        -9.72427224041894e-05,
        -0.0038275425322353,
        0.0010983101092279,
        0.0018422710709273,
        0.0021006492897868,
        0.0453055314719677,
        -0.0049503133632242,
        -0.0381577052175999,
        -0.0007785322959534,
        -0.0307188257575035,
        -0.0169868692755699,
        -0.0065466142259538,
        -0.0028614334296435,
        -0.0145265683531761
    ],
    "phiDotL": [
        0.0,
        0.0,
        0.0,
        0.0,
        0.0,
        0.0,
        0.0,
        0.0,
        0.0,
        0.0,
        0.0,
        0.0,
        0.0,
        0.0,
        0.0,
        0.0,
        -1.9382192610539069,
        -2.483343428225318,
        -2.483343428225318,
        -2.483343428225318,
        -2.483343428225318,
        -2.483343428225318,
        -2.483343428225318,
        -2.483343428225318
    ],
    "phiDotR": [
        0.0,
        0.0,
        0.0,
        0.0,
        0.0,
        0.0,
        0.0,
        0.0,
        0.0,
        0.0,
        0.0,
        0.0,
        0.0,
        0.0,
        0.0,
        0.0,
        -1.6959418534221686,
        -2.301635372501514,
        -2.301635372501514,
        -2.301635372501514,
        -2.301635372501514,
        -2.301635372501514,
        -2.301635372501514,
        -2.301635372501514
    ]
}