{
    "segment_index": 601,
    "A": 0.6517975765104362,
    "B1": -0.15010928894254302,
    "B2": -0.20702803711522844,
    "omega": [
        -1.44743072986603,
        -1.50960338115692,
        -1.54820764064789,
        -1.57772064208984,
        -1.58836150169373,
        -1.58210122585297,
        -1.55344450473785,
        -1.50573468208313,
        -1.4765305519104,
        -1.48363029956818,
        -1.45389223098755,
        -1.43095266819,
        -1.45393443107605,
        -1.48234665393829,
        -1.48713660240173,
        -1.51421272754669,
        -1.45412063598633,
        -1.4959100484848,
        -1.51205229759216,
        -1.45018672943115,
        -1.44546246528625,
        -1.49498760700226,
        -1.43017256259918,
        -1.45217275619507
    ],
    "omega_next": [
        -1.50960338115692,
        -1.54820764064789,
        -1.57772064208984,
        -1.58836150169373,
        -1.58210122585297,
        -1.55344450473785,
        -1.50573468208313,
        -1.4765305519104,
        -1.48363029956818,
        -1.45389223098755,
        -1.43095266819,
        -1.45393443107605,
        -1.48234665393829,
        -1.48713660240173,
        -1.51421272754669,
        -1.45412063598633,
        -1.4959100484848,
        -1.51205229759216,
        -1.45018672943115,
        -1.44546246528625,
        -1.49498760700226,
        -1.43017256259918,
        -1.45217275619507,
        -1.47613620758057
    ],
    "phiDotL": [
        -4.784978800726832,
        -4.784978800726832,
        -4.845548152634767,
        -4.845548152634767,
        -4.845548152634767,
        -4.845548152634767,
        -4.845548152634767,
        -4.845548152634767,
        -4.845548152634767,
        -4.845548152634767,
        -4.845548152634767,
        -4.845548152634767,
        -4.906117504542702,
        -4.906117504542702,
        -4.906117504542702,
        -4.906117504542702,
        -4.906117504542702,
        -4.906117504542702,
        -4.906117504542702,
        -4.906117504542702,
        -4.906117504542702,
        -4.906117504542702,
        -4.966686856450636,
        -4.966686856450636
    ],
    "phiDotR": [
        5.996365838885524,
        5.996365838885524,
        6.0569351907934585,
        6.0569351907934585,
        6.0569351907934585,
        6.0569351907934585,
        6.0569351907934585,
        6.0569351907934585,
        6.0569351907934585,
        6.0569351907934585,
        6.0569351907934585,
        6.0569351907934585,
        6.0569351907934585,
        6.0569351907934585,
        6.0569351907934585,
        6.0569351907934585,
        6.0569351907934585,
        6.0569351907934585,
        6.0569351907934585,
        6.0569351907934585,
        6.0569351907934585,
        6.0569351907934585,
        6.0569351907934585,
        6.0569351907934585
    ]
}