{
    "segment_index": 448,
    "A": 0.20044409135929014,
    "B1": 0.25206478772614854,
    "B2": -0.09027153293310186,
    "omega": [
        -0.130853950977325,
        -0.13368883728981,
        -0.0805375054478645,
        -0.119422569870949,
        -0.144105345010757,
        -0.144612237811089,
        -0.0991711467504501,
        -0.168520107865334,
        -0.169910281896591,
        -0.14929635822773,
        -0.141621500253677,
        -0.210592925548553,
        -0.164687484502792,
        -0.131377622485161,
        -0.20427730679512,
        -0.251407504081726,
        -0.255423426628113,
        -0.261082112789154,
        -0.364984303712845,
        -0.302222847938538,
        -0.339696198701859,
        -0.408639669418335,
        -0.354966342449188,
        -0.307515531778336
    ],
    "omega_next": [
        -0.13368883728981,
        -0.0805375054478645,
        -0.119422569870949,
        -0.144105345010757,
        -0.144612237811089,
        -0.0991711467504501,
        -0.168520107865334,
        -0.169910281896591,
        -0.14929635822773,
        -0.141621500253677,
        -0.210592925548553,
        -0.164687484502792,
        -0.131377622485161,
        -0.20427730679512,
        -0.251407504081726,
        -0.255423426628113,
        -0.261082112789154,
        -0.364984303712845,
        -0.302222847938538,
        -0.339696198701859,
        -0.408639669418335,
        -0.354966342449188,
        -0.307515531778336,
        -0.369305372238159
    ],
    "phiDotL": [
        0.1211387038158691,
        0.0605693519079345,
        0.0605693519079345,
        0.0,
        0.0,
        0.0,
        0.0,
        -0.0605693519079345,
        -0.0605693519079345,
        -0.1211387038158691,
        -0.1211387038158691,
        -0.1817080557238037,
        -0.1817080557238037,
        -0.2422774076317383,
        -0.2422774076317383,
        -0.3028467595396729,
        -0.3634161114476075,
        -0.3634161114476075,
        -0.4239854633555421,
        -0.4239854633555421,
        -0.4845548152634767,
        -0.4845548152634767,
        -0.5451241671714112,
        -0.5451241671714112
    ],
    "phiDotR": [
        1.029678982434888,
        1.0902483343428224,
        1.0902483343428224,
        1.150817686250757,
        1.150817686250757,
        1.2113870381586918,
        1.2113870381586918,
        1.2719563900666262,
        1.2719563900666262,
        1.3325257419745609,
        1.3325257419745609,
        1.3930950938824955,
        1.3930950938824955,
        1.45366444579043,
        1.45366444579043,
        1.5142337976983646,
        1.5748031496062993,
        1.5748031496062993,
        1.635372501514234,
        1.635372501514234,
        1.6959418534221686,
        1.6959418534221686,
        1.6959418534221686,
        1.6959418534221686
    ]
}