{
    "segment_index": 1522,
    "A": 0.9242454393579574,
    "B1": 0.07696944187421609,
    "B2": 0.017588137752910796,
    "omega": [
        -1.22389090061188,
        -1.17724072933197,
        -1.1784975528717,
        -1.19395792484283,
        -1.22180223464966,
        -1.21425223350525,
        -1.20761203765869,
        -1.19785404205322,
        -1.17415976524353,
        -1.15749061107635,
        -1.18938362598419,
        -1.1883145570755,
        -1.07016444206238,
        -1.02947676181793,
        -1.02947676181793,
        -1.01751935482025,
        -1.0205911397934,
        -1.03477096557617,
        -1.07931876182556,
        -1.1309005022049,
        -1.20514714717865,
        -1.23568379878998,
        -1.27501428127289,
        -1.24786937236786
    ],
    "omega_next": [
        -1.17724072933197,
        -1.1784975528717,
        -1.19395792484283,
        -1.22180223464966,
        -1.21425223350525,
        -1.20761203765869,
        -1.19785404205322,
        -1.17415976524353,
        -1.15749061107635,
        -1.18938362598419,
        -1.1883145570755,
        -1.07016444206238,
        -1.02947676181793,
        -1.02947676181793,
        -1.01751935482025,
        -1.0205911397934,
        -1.03477096557617,
        -1.07931876182556,
        -1.1309005022049,
        -1.20514714717865,
        -1.23568379878998,
        -1.27501428127289,
        -1.24786937236786,
        -1.24786937236786
    ],
    "phiDotL": [
        -2.24106602059358,
        -2.301635372501514,
        -2.362204724409449,
        -2.362204724409449,
        -2.4227740763173835,
        -2.4227740763173835,
        -2.4227740763173835,
        -2.483343428225318,
        -2.483343428225318,
        -2.483343428225318,
        -2.483343428225318,
        -2.5439127801332524,
        -2.5439127801332524,
        -2.5439127801332524,
        -2.6044821320411877,
        -2.6044821320411877,
        -2.6044821320411877,
        -2.6044821320411877,
        -2.6650514839491217,
        -2.6650514839491217,
        -2.6650514839491217,
        -2.7256208358570566,
        -2.7256208358570566,
        -2.7256208358570566
    ],
    "phiDotR": [
        5.875227135069655,
        5.93579648697759,
        5.996365838885524,
        5.996365838885524,
        6.0569351907934585,
        6.0569351907934585,
        6.0569351907934585,
        6.0569351907934585,
        6.0569351907934585,
        6.0569351907934585,
        6.0569351907934585,
        6.0569351907934585,
        6.0569351907934585,
        6.0569351907934585,
        6.0569351907934585,
        6.0569351907934585,
        6.0569351907934585,
        6.0569351907934585,
        6.0569351907934585,
        6.0569351907934585,
        6.0569351907934585,
        6.0569351907934585,
        6.0569351907934585,
        6.0569351907934585
    ]
}