{
    "segment_index": 2025,
    "A": 0.04808788663300993,
    "B1": 0.0,
    "B2": 0.0,
    "omega": [
        0.0009213197045028,
        -0.0012747466098517,
        0.0031883497722446,
        -0.0046831779181957,
        -0.0016713979421183,
        -0.001216109842062,
        0.0017917860532179,
        -0.0041842521168291,
        -0.0057112113572657,
        -0.0010298400884494,
        -0.0009726291173137,
        -0.0018594126449897,
        0.0009517148719169,
        -0.0009006951586343,
        -0.0009006951586343,
        -0.0009006951586343,
        -0.0009006951586343,
        -0.0009006951586343,
        -0.0009006951586343,
        -0.0009006951586343,
        -0.0011528553441166,
        0.0023268116638064,
        -0.0027409298345446,
        0.0002275214792462
    ],
    "omega_next": [
        -0.0012747466098517,
        0.0031883497722446,
        -0.0046831779181957,
        -0.0016713979421183,
        -0.001216109842062,
        0.0017917860532179,
        -0.0041842521168291,
        -0.0057112113572657,
        -0.0010298400884494,
        -0.0009726291173137,
        -0.0018594126449897,
        0.0009517148719169,
        -0.0009006951586343,
        -0.0009006951586343,
        -0.0009006951586343,
        -0.0009006951586343,
        -0.0009006951586343,
        -0.0009006951586343,
        -0.0009006951586343,
        -0.0011528553441166,
        0.0023268116638064,
        -0.0027409298345446,
        0.0002275214792462,
        -0.002186479512602
    ],
    "phiDotL": [
        0.0,
        0.0,
        0.0,
        0.0,
        0.0,
        0.0,
        0.0,
        0.0,
        0.0,
        0.0,
        0.0,
        0.0,
        0.0,
        0.0,
        0.0,
        0.0,
        0.0,
        0.0,
        0.0,
        0.0,
        0.0,
        0.0,
        0.0,
        0.0
    ],
    "phiDotR": [
        0.0,
        0.0,
        0.0,
        0.0,
        0.0,
        0.0,
        0.0,
        0.0,
        0.0,
        0.0,
        0.0,
        0.0,
        0.0,
        0.0,
        0.0,
        0.0,
        0.0,
        0.0,
        0.0,
        0.0,
        0.0,
        0.0,
        0.0,
        0.0
    ]
}