{
    "segment_index": 565,
    "A": 0.7319590380968662,
    "B1": -0.23845808675906977,
    "B2": -0.25150880070834375,
    "omega": [
        -1.11440300941467,
        -1.20427596569061,
        -1.16512620449066,
        -1.16729438304901,
        -1.21982848644257,
        -1.33661448955536,
        -1.39007389545441,
        -1.53988921642303,
        -1.48878121376038,
        -1.33075320720673,
        -1.27055978775024,
        -1.2444189786911,
        -1.1884685754776,
        -1.24789977073669,
        -1.23651623725891,
        -1.2127012014389,
        -1.23656809329987,
        -1.28257548809052,
        -1.31803512573242,
        -1.32038819789886,
        -1.35434484481812,
        -1.31383204460144,
        -1.32114350795746,
        -1.39303719997406
    ],
    "omega_next": [
        -1.20427596569061,
        -1.16512620449066,
        -1.16729438304901,
        -1.21982848644257,
        -1.33661448955536,
        -1.39007389545441,
        -1.53988921642303,
        -1.48878121376038,
        -1.33075320720673,
        -1.27055978775024,
        -1.2444189786911,
        -1.1884685754776,
        -1.24789977073669,
        -1.23651623725891,
        -1.2127012014389,
        -1.23656809329987,
        -1.28257548809052,
        -1.31803512573242,
        -1.32038819789886,
        -1.35434484481812,
        -1.31383204460144,
        -1.32114350795746,
        -1.39303719997406,
        -1.39215445518494
    ],
    "phiDotL": [
        -3.634161114476075,
        -3.634161114476075,
        -3.6947304663840095,
        -3.6947304663840095,
        -3.755299818291944,
        -3.755299818291944,
        -3.815869170199879,
        -3.815869170199879,
        -3.8764385221078137,
        -3.8764385221078137,
        -3.937007874015748,
        -3.937007874015748,
        -3.997577225923683,
        -4.058146577831618,
        -4.058146577831618,
        -4.118715929739552,
        -4.118715929739552,
        -4.179285281647486,
        -4.179285281647486,
        -4.239854633555421,
        -4.239854633555421,
        -4.300423985463356,
        -4.300423985463356,
        -4.36099333737129
    ],
    "phiDotR": [
        4.845548152634767,
        4.845548152634767,
        4.906117504542702,
        4.906117504542702,
        4.966686856450636,
        4.966686856450636,
        5.027256208358571,
        5.027256208358571,
        5.087825560266505,
        5.087825560266505,
        5.14839491217444,
        5.14839491217444,
        5.208964264082375,
        5.269533615990309,
        5.269533615990309,
        5.3301029678982434,
        5.3301029678982434,
        5.390672319806178,
        5.390672319806178,
        5.451241671714113,
        5.451241671714113,
        5.511811023622047,
        5.511811023622047,
        5.572380375529982
    ]
}