{
    "segment_index": 1705,
    "A": 0.3079606287630499,
    "B1": 0.0,
    "B2": 0.0,
    "omega": [
        -0.0012233660090714,
        0.0003997084277216,
        0.0001143492409028,
        0.0023363481741398,
        -0.000542479683645,
        -0.0007867182139307,
        0.0021702861413359,
        0.0029372237622737,
        0.0040855375118553,
        0.0021357631776481,
        -0.0010827407240867,
        -0.0007201695116236,
        0.0012472525704652,
        -0.0001051105427904,
        0.0025349806528538,
        0.0017780638299882,
        -0.0004450193664524,
        0.0017407474806532,
        -0.0005724777001887,
        0.0017600647406652,
        0.0001894483866635,
        -0.003377788234502,
        -0.0027846121229231,
        0.0016998235369101
    ],
    "omega_next": [
        0.0003997084277216,
        0.0001143492409028,
        0.0023363481741398,
        -0.000542479683645,
        -0.0007867182139307,
        0.0021702861413359,
        0.0029372237622737,
        0.0040855375118553,
        0.0021357631776481,
        -0.0010827407240867,
        -0.0007201695116236,
        0.0012472525704652,
        -0.0001051105427904,
        0.0025349806528538,
        0.0017780638299882,
        -0.0004450193664524,
        0.0017407474806532,
        -0.0005724777001887,
        0.0017600647406652,
        0.0001894483866635,
        -0.003377788234502,
        -0.0027846121229231,
        0.0016998235369101,
        -0.0005381577066145
    ],
    "phiDotL": [
        0.0,
        0.0,
        0.0,
        0.0,
        0.0,
        0.0,
        0.0,
        0.0,
        0.0,
        0.0,
        0.0,
        0.0,
        0.0,
        0.0,
        0.0,
        0.0,
        0.0,
        0.0,
        0.0,
        0.0,
        0.0,
        0.0,
        0.0,
        0.0
    ],
    "phiDotR": [
        0.0,
        0.0,
        0.0,
        0.0,
        0.0,
        0.0,
        0.0,
        0.0,
        0.0,
        0.0,
        0.0,
        0.0,
        0.0,
        0.0,
        0.0,
        0.0,
        0.0,
        0.0,
        0.0,
        0.0,
        0.0,
        0.0,
        0.0,
        0.0
    ]
}