{
    "segment_index": 1801,
    "A": -0.3705665763688326,
    "B1": 0.20453403771941778,
    "B2": -0.2056742513730042,
    "omega": [
        0.0016456479206681,
        0.0016456479206681,
        0.0002226586220785,
        0.0004675419186241,
        0.0005202703177928,
        -0.0014342304784804,
        0.121987603604794,
        -0.0303821843117476,
        0.0335519388318062,
        0.0300481878221035,
        0.0661390647292137,
        0.0661390647292137,
        0.0654009357094765,
        0.078029178082943,
        0.101102009415627,
        0.0887216180562973,
        0.129690408706665,
        0.124999478459358,
        0.128013968467712,
        0.171293452382088,
        0.171293452382088,
        0.170550301671028,
        0.157027915120125,
        0.197633072733879
    ],
    "omega_next": [
        0.0016456479206681,
        0.0002226586220785,
        0.0004675419186241,
        0.0005202703177928,
        -0.0014342304784804,
        0.121987603604794,
        -0.0303821843117476,
        0.0335519388318062,
        0.0300481878221035,
        0.0661390647292137,
        0.0661390647292137,
        0.0654009357094765,
        0.078029178082943,
        0.101102009415627,
        0.0887216180562973,
        0.129690408706665,
        0.124999478459358,
        0.128013968467712,
        0.171293452382088,
        0.171293452382088,
        0.170550301671028,
        0.157027915120125,
        0.197633072733879,
        0.192344605922699
    ],
    "phiDotL": [
        0.0,
        0.0,
        0.0,
        0.0,
        0.0,
        1.877649909145972,
        1.877649909145972,
        1.9382192610539069,
        1.9382192610539069,
        1.9987886129618413,
        1.9987886129618413,
        2.059357964869776,
        2.059357964869776,
        2.1199273167777104,
        2.1199273167777104,
        2.180496668685645,
        2.180496668685645,
        2.24106602059358,
        2.301635372501514,
        2.301635372501514,
        2.362204724409449,
        2.362204724409449,
        2.4227740763173835,
        2.4227740763173835
    ],
    "phiDotR": [
        0.0,
        0.0,
        0.0,
        0.0,
        0.0,
        1.6959418534221686,
        1.6959418534221686,
        1.635372501514234,
        1.635372501514234,
        1.5748031496062993,
        1.5748031496062993,
        1.5142337976983646,
        1.5142337976983646,
        1.45366444579043,
        1.45366444579043,
        1.3930950938824955,
        1.3930950938824955,
        1.3325257419745609,
        1.2719563900666262,
        1.2719563900666262,
        1.2113870381586918,
        1.2113870381586918,
        1.150817686250757,
        1.150817686250757
    ]
}