{
    "segment_index": 2213,
    "A": 0.8668765294001379,
    "B1": 0.0975857894615254,
    "B2": 0.008736461365631934,
    "omega": [
        -0.70508861541748,
        -0.836772978305817,
        -0.837591886520386,
        -0.802053332328796,
        -0.766952455043793,
        -0.890739262104034,
        -0.948576748371124,
        -1.06948530673981,
        -1.1354843378067,
        -1.05167949199677,
        -1.15558481216431,
        -1.27816820144653,
        -1.2886974811554,
        -1.32665848731995,
        -1.40576469898224,
        -1.45368826389313,
        -1.49621319770813,
        -1.47058367729187,
        -1.48164486885071,
        -1.48796153068542,
        -1.56051957607269,
        -1.53030753135681,
        -1.52505266666412,
        -1.4505980014801
    ],
    "omega_next": [
        -0.836772978305817,
        -0.837591886520386,
        -0.802053332328796,
        -0.766952455043793,
        -0.890739262104034,
        -0.948576748371124,
        -1.06948530673981,
        -1.1354843378067,
        -1.05167949199677,
        -1.15558481216431,
        -1.27816820144653,
        -1.2886974811554,
        -1.32665848731995,
        -1.40576469898224,
        -1.45368826389313,
        -1.49621319770813,
        -1.47058367729187,
        -1.48164486885071,
        -1.48796153068542,
        -1.56051957607269,
        -1.53030753135681,
        -1.52505266666412,
        -1.4505980014801,
        -1.40643501281738
    ],
    "phiDotL": [
        -2.180496668685645,
        -2.24106602059358,
        -2.24106602059358,
        -2.301635372501514,
        -2.362204724409449,
        -2.362204724409449,
        -2.4227740763173835,
        -2.4227740763173835,
        -2.4227740763173835,
        -2.483343428225318,
        -2.483343428225318,
        -2.483343428225318,
        -2.483343428225318,
        -2.5439127801332524,
        -2.5439127801332524,
        -2.5439127801332524,
        -2.6044821320411877,
        -2.6044821320411877,
        -2.6044821320411877,
        -2.6044821320411877,
        -2.6650514839491217,
        -2.6650514839491217,
        -2.6650514839491217,
        -2.7256208358570566
    ],
    "phiDotR": [
        5.81465778316172,
        5.875227135069655,
        5.875227135069655,
        5.93579648697759,
        5.996365838885524,
        5.996365838885524,
        6.0569351907934585,
        6.0569351907934585,
        6.0569351907934585,
        6.0569351907934585,
        6.0569351907934585,
        6.0569351907934585,
        6.0569351907934585,
        6.0569351907934585,
        6.0569351907934585,
        6.0569351907934585,
        6.0569351907934585,
        6.0569351907934585,
        6.0569351907934585,
        6.0569351907934585,
        6.0569351907934585,
        6.0569351907934585,
        6.0569351907934585,
        6.0569351907934585
    ]
}