{
    "segment_index": 1889,
    "A": 1.1536736247980546,
    "B1": -0.0023600150856776347,
    "B2": 0.09444509008284771,
    "omega": [
        0.751759588718414,
        0.758408486843109,
        0.770523607730865,
        0.806161463260651,
        0.799543380737305,
        0.82097315788269,
        0.843060672283173,
        0.827640652656555,
        0.82085382938385,
        0.815818786621094,
        0.789273381233215,
        0.762864053249359,
        0.780654907226562,
        0.816372632980347,
        0.845196425914764,
        0.881157159805298,
        0.834048748016357,
        0.892088949680328,
        0.856399834156036,
        0.843256652355194,
        0.799789726734161,
        0.742779195308685,
        0.65116149187088,
        0.636613368988037
    ],
    "omega_next": [
        0.758408486843109,
        0.770523607730865,
        0.806161463260651,
        0.799543380737305,
        0.82097315788269,
        0.843060672283173,
        0.827640652656555,
        0.82085382938385,
        0.815818786621094,
        0.789273381233215,
        0.762864053249359,
        0.780654907226562,
        0.816372632980347,
        0.845196425914764,
        0.881157159805298,
        0.834048748016357,
        0.892088949680328,
        0.856399834156036,
        0.843256652355194,
        0.799789726734161,
        0.742779195308685,
        0.65116149187088,
        0.636613368988037,
        0.509597480297089
    ],
    "phiDotL": [
        4.542701393095094,
        4.603270745003028,
        4.603270745003028,
        4.663840096910963,
        4.663840096910963,
        4.724409448818898,
        4.724409448818898,
        4.784978800726832,
        4.784978800726832,
        4.845548152634767,
        4.845548152634767,
        4.906117504542702,
        4.906117504542702,
        4.966686856450636,
        4.966686856450636,
        5.027256208358571,
        5.087825560266505,
        5.087825560266505,
        5.14839491217444,
        5.14839491217444,
        5.208964264082375,
        5.208964264082375,
        5.269533615990309,
        5.269533615990309
    ],
    "phiDotR": [
        -0.9085402786190188,
        -0.9691096305269534,
        -0.9691096305269534,
        -1.029678982434888,
        -1.029678982434888,
        -1.0902483343428224,
        -1.0902483343428224,
        -1.150817686250757,
        -1.150817686250757,
        -1.2113870381586918,
        -1.2113870381586918,
        -1.2719563900666262,
        -1.2719563900666262,
        -1.3325257419745609,
        -1.3325257419745609,
        -1.3930950938824955,
        -1.45366444579043,
        -1.45366444579043,
        -1.5142337976983646,
        -1.5142337976983646,
        -1.5748031496062993,
        -1.5748031496062993,
        -1.635372501514234,
        -1.635372501514234
    ]
}