{
    "segment_index": 2870,
    "A": 0.20145424049465924,
    "B1": 0.0,
    "B2": 0.0,
    "omega": [
        -0.0005336758331395,
        -0.0011713091516867,
        0.0002394842886133,
        -0.000792829087004,
        0.0009221584768965,
        0.0009221584768965,
        0.0009221584768965,
        0.0009221584768965,
        0.0009221584768965,
        0.0009221584768965,
        0.0009221584768965,
        0.0009221584768965,
        0.0022166694980114,
        -0.0006537662702612,
        -0.0009391536004841,
        0.0036588807124644,
        0.0040909321978688,
        0.00102735881228,
        -0.0014071324840188,
        0.0012149316025897,
        -0.0007822134648449,
        0.0023374771699309,
        -0.0015895928954705,
        0.0018447139300406
    ],
    "omega_next": [
        -0.0011713091516867,
        0.0002394842886133,
        -0.000792829087004,
        0.0009221584768965,
        0.0009221584768965,
        0.0009221584768965,
        0.0009221584768965,
        0.0009221584768965,
        0.0009221584768965,
        0.0009221584768965,
        0.0009221584768965,
        0.0022166694980114,
        -0.0006537662702612,
        -0.0009391536004841,
        0.0036588807124644,
        0.0040909321978688,
        0.00102735881228,
        -0.0014071324840188,
        0.0012149316025897,
        -0.0007822134648449,
        0.0023374771699309,
        -0.0015895928954705,
        0.0018447139300406,
        0.0014928458258509
    ],
    "phiDotL": [
        0.0,
        0.0,
        0.0,
        0.0,
        0.0,
        0.0,
        0.0,
        0.0,
        0.0,
        0.0,
        0.0,
        0.0,
        0.0,
        0.0,
        0.0,
        0.0,
        0.0,
        0.0,
        0.0,
        0.0,
        0.0,
        0.0,
        0.0,
        0.0
    ],
    "phiDotR": [
        0.0,
        0.0,
        0.0,
        0.0,
        0.0,
        0.0,
        0.0,
        0.0,
        0.0,
        0.0,
        0.0,
        0.0,
        0.0,
        0.0,
        0.0,
        0.0,
        0.0,
        0.0,
        0.0,
        0.0,
        0.0,
        0.0,
        0.0,
        0.0
    ]
}