{
    "segment_index": 1552,
    "A": 0.5489002718138107,
    "B1": -0.028992121211875943,
    "B2": -0.10639141958020876,
    "omega": [
        -1.2255722284317,
        -1.2326192855835,
        -1.25789642333984,
        -1.21259367465973,
        -1.20103859901428,
        -1.19998395442963,
        -1.19998395442963,
        -1.23204863071442,
        -1.28800225257874,
        -1.32318842411041,
        -1.2824764251709,
        -1.23276424407959,
        -1.27363431453705,
        -1.22658002376556,
        -1.21503055095673,
        -1.21296012401581,
        -1.21660304069519,
        -1.20860016345978,
        -1.18864130973816,
        -1.18002772331238,
        -1.25610649585724,
        -1.25641191005707,
        -1.25116777420044,
        -1.26122999191284
    ],
    "omega_next": [
        -1.2326192855835,
        -1.25789642333984,
        -1.21259367465973,
        -1.20103859901428,
        -1.19998395442963,
        -1.19998395442963,
        -1.23204863071442,
        -1.28800225257874,
        -1.32318842411041,
        -1.2824764251709,
        -1.23276424407959,
        -1.27363431453705,
        -1.22658002376556,
        -1.21503055095673,
        -1.21296012401581,
        -1.21660304069519,
        -1.20860016345978,
        -1.18864130973816,
        -1.18002772331238,
        -1.25610649585724,
        -1.25641191005707,
        -1.25116777420044,
        -1.26122999191284,
        -1.20255410671234
    ],
    "phiDotL": [
        -2.846759539672925,
        -2.846759539672925,
        -2.846759539672925,
        -2.90732889158086,
        -2.90732889158086,
        -2.90732889158086,
        -2.90732889158086,
        -2.967898243488795,
        -2.967898243488795,
        -2.967898243488795,
        -2.967898243488795,
        -2.967898243488795,
        -3.0284675953967293,
        -3.0284675953967293,
        -3.0284675953967293,
        -3.0284675953967293,
        -3.089036947304664,
        -3.089036947304664,
        -3.089036947304664,
        -3.089036947304664,
        -3.089036947304664,
        -3.1496062992125986,
        -3.1496062992125986,
        -3.1496062992125986
    ],
    "phiDotR": [
        6.0569351907934585,
        6.0569351907934585,
        6.0569351907934585,
        6.0569351907934585,
        6.0569351907934585,
        5.996365838885524,
        6.0569351907934585,
        6.0569351907934585,
        6.0569351907934585,
        5.996365838885524,
        6.0569351907934585,
        5.996365838885524,
        6.0569351907934585,
        6.0569351907934585,
        6.0569351907934585,
        6.0569351907934585,
        6.0569351907934585,
        6.0569351907934585,
        5.996365838885524,
        6.0569351907934585,
        6.0569351907934585,
        6.0569351907934585,
        6.0569351907934585,
        5.996365838885524
    ]
}