{
    "segment_index": 1376,
    "A": 0.17913056627190083,
    "B1": -0.28870297545007223,
    "B2": 0.23990480358328273,
    "omega": [
        0.0014266956131905,
        -0.0013648543972522,
        0.000179764087079,
        -0.0015399920521304,
        0.0020441624801605,
        0.0001664394076215,
        -0.0003431987424846,
        -0.0002688086533453,
        0.005472372751683,
        0.0011294519063085,
        -0.0003791891795117,
        0.0010915137827396,
        0.0006510354578495,
        0.0010155758354812,
        0.0029169567860662,
        0.0004773639666382,
        -0.0012914704857394,
        -0.0017072833143174,
        0.0025664244312793,
        0.0004330188967287,
        0.0011764240916818,
        0.0732096955180168,
        -0.0268263425678015,
        -0.0431974343955517
    ],
    "omega_next": [
        -0.0013648543972522,
        0.000179764087079,
        -0.0015399920521304,
        0.0020441624801605,
        0.0001664394076215,
        -0.0003431987424846,
        -0.0002688086533453,
        0.005472372751683,
        0.0011294519063085,
        -0.0003791891795117,
        0.0010915137827396,
        0.0006510354578495,
        0.0010155758354812,
        0.0029169567860662,
        0.0004773639666382,
        -0.0012914704857394,
        -0.0017072833143174,
        0.0025664244312793,
        0.0004330188967287,
        0.0011764240916818,
        0.0732096955180168,
        -0.0268263425678015,
        -0.0431974343955517,
        -0.0148867769166827
    ],
    "phiDotL": [
        0.0,
        0.0,
        0.0,
        0.0,
        0.0,
        0.0,
        0.0,
        0.0,
        0.0,
        0.0,
        0.0,
        0.0,
        0.0,
        0.0,
        0.0,
        0.0,
        0.0,
        0.0,
        0.0,
        0.0,
        0.0,
        1.6959418534221686,
        1.6959418534221686,
        1.635372501514234
    ],
    "phiDotR": [
        0.0,
        0.0,
        0.0,
        0.0,
        0.0,
        0.0,
        0.0,
        0.0,
        0.0,
        0.0,
        0.0,
        0.0,
        0.0,
        0.0,
        0.0,
        0.0,
        0.0,
        0.0,
        0.0,
        0.0,
        0.0,
        1.877649909145972,
        1.877649909145972,
        1.9382192610539069
    ]
}