{
    "segment_index": 1032,
    "A": 0.05934647696594186,
    "B1": 0.0,
    "B2": 0.0,
    "omega": [
        0.0020590859930962,
        -0.0013592611066997,
        0.0023531464394182,
        -0.001124030095525,
        -0.0028616599738597,
        -0.0036851316690444,
        0.0003866139159072,
        0.0033787582069635,
        0.0003649484715424,
        0.0031633991748094,
        0.0013528448762372,
        -0.0028717759996652,
        -0.0008105206070467,
        0.0026465801056474,
        0.0013263041619211,
        -0.0006695919437333,
        -0.0017168642953038,
        -0.0008031380129978,
        0.0012940611923113,
        -0.0034384063910692,
        0.0023853855673223,
        0.0023453724570572,
        0.0001813044509617,
        0.0016690251650288
    ],
    "omega_next": [
        -0.0013592611066997,
        0.0023531464394182,
        -0.001124030095525,
        -0.0028616599738597,
        -0.0036851316690444,
        0.0003866139159072,
        0.0033787582069635,
        0.0003649484715424,
        0.0031633991748094,
        0.0013528448762372,
        -0.0028717759996652,
        -0.0008105206070467,
        0.0026465801056474,
        0.0013263041619211,
        -0.0006695919437333,
        -0.0017168642953038,
        -0.0008031380129978,
        0.0012940611923113,
        -0.0034384063910692,
        0.0023853855673223,
        0.0023453724570572,
        0.0001813044509617,
        0.0016690251650288,
        0.0003751277108676
    ],
    "phiDotL": [
        0.0,
        0.0,
        0.0,
        0.0,
        0.0,
        0.0,
        0.0,
        0.0,
        0.0,
        0.0,
        0.0,
        0.0,
        0.0,
        0.0,
        0.0,
        0.0,
        0.0,
        0.0,
        0.0,
        0.0,
        0.0,
        0.0,
        0.0,
        0.0
    ],
    "phiDotR": [
        0.0,
        0.0,
        0.0,
        0.0,
        0.0,
        0.0,
        0.0,
        0.0,
        0.0,
        0.0,
        0.0,
        0.0,
        0.0,
        0.0,
        0.0,
        0.0,
        0.0,
        0.0,
        0.0,
        0.0,
        0.0,
        0.0,
        0.0,
        0.0
    ]
}