{
    "segment_index": 2628,
    "A": 0.001705387769514635,
    "B1": 0.16617248001817336,
    "B2": -0.1599111345446965,
    "omega": [
        9.62999256444164e-05,
        0.0003818439727183,
        0.0001047952682711,
        0.0017559975385665,
        -0.0002330929855816,
        -0.0023967425804585,
        -0.0021836361847817,
        -0.0006484320620074,
        0.0442530512809753,
        0.0092420913279056,
        -0.0279831793159246,
        -0.0270296558737755,
        -0.0269323531538248,
        -0.0421574674546719,
        -0.0562264956533909,
        -0.0624399930238724,
        -0.12047616392374,
        -0.0896315351128578,
        -0.115780659019947,
        -0.0707459226250648,
        -0.144282191991806,
        -0.1541748046875,
        -0.138341024518013,
        -0.129312813282013
    ],
    "omega_next": [
        0.0003818439727183,
        0.0001047952682711,
        0.0017559975385665,
        -0.0002330929855816,
        -0.0023967425804585,
        -0.0021836361847817,
        -0.0006484320620074,
        0.0442530512809753,
        0.0092420913279056,
        -0.0279831793159246,
        -0.0270296558737755,
        -0.0269323531538248,
        -0.0421574674546719,
        -0.0562264956533909,
        -0.0624399930238724,
        -0.12047616392374,
        -0.0896315351128578,
        -0.115780659019947,
        -0.0707459226250648,
        -0.144282191991806,
        -0.1541748046875,
        -0.138341024518013,
        -0.129312813282013,
        -0.18236830830574
    ],
    "phiDotL": [
        0.0,
        0.0,
        0.0,
        0.0,
        0.0,
        0.0,
        0.0,
        0.0,
        1.6959418534221686,
        2.301635372501514,
        2.24106602059358,
        2.24106602059358,
        2.180496668685645,
        2.180496668685645,
        2.1199273167777104,
        2.1199273167777104,
        2.059357964869776,
        2.059357964869776,
        1.9987886129618413,
        1.9987886129618413,
        1.9382192610539069,
        1.877649909145972,
        1.877649909145972,
        1.8170805572380373
    ],
    "phiDotR": [
        0.0,
        0.0,
        0.0,
        0.0,
        0.0,
        0.0,
        0.0,
        0.0,
        1.877649909145972,
        2.483343428225318,
        2.5439127801332524,
        2.5439127801332524,
        2.6044821320411877,
        2.6044821320411877,
        2.6650514839491217,
        2.6650514839491217,
        2.7256208358570566,
        2.7256208358570566,
        2.786190187764991,
        2.786190187764991,
        2.846759539672925,
        2.90732889158086,
        2.90732889158086,
        2.967898243488795
    ]
}