{
    "segment_index": 889,
    "A": 0.628346041296327,
    "B1": -0.131309356032154,
    "B2": -0.15640697876818074,
    "omega": [
        -1.12127268314362,
        -1.14664936065674,
        -1.15467643737793,
        -1.16412472724915,
        -1.21793437004089,
        -1.26254999637604,
        -1.28086245059967,
        -1.29306650161743,
        -1.24417400360107,
        -1.25740659236908,
        -1.19610691070557,
        -1.18420147895813,
        -1.24537551403046,
        -1.14630007743835,
        -1.11446726322174,
        -1.11247968673706,
        -1.24459183216095,
        -1.30724358558655,
        -1.30384373664856,
        -1.27016377449036,
        -1.28983294963837,
        -1.30877220630646,
        -1.25941598415375,
        -1.25717926025391
    ],
    "omega_next": [
        -1.14664936065674,
        -1.15467643737793,
        -1.16412472724915,
        -1.21793437004089,
        -1.26254999637604,
        -1.28086245059967,
        -1.29306650161743,
        -1.24417400360107,
        -1.25740659236908,
        -1.19610691070557,
        -1.18420147895813,
        -1.24537551403046,
        -1.14630007743835,
        -1.11446726322174,
        -1.11247968673706,
        -1.24459183216095,
        -1.30724358558655,
        -1.30384373664856,
        -1.27016377449036,
        -1.28983294963837,
        -1.30877220630646,
        -1.25941598415375,
        -1.25717926025391,
        -1.26457011699677
    ],
    "phiDotL": [
        -2.846759539672925,
        -2.846759539672925,
        -2.90732889158086,
        -2.967898243488795,
        -2.967898243488795,
        -3.0284675953967293,
        -3.0284675953967293,
        -3.089036947304664,
        -3.089036947304664,
        -3.1496062992125986,
        -3.1496062992125986,
        -3.210175651120533,
        -3.210175651120533,
        -3.270745003028468,
        -3.270745003028468,
        -3.3313143549364024,
        -3.3313143549364024,
        -3.3918837068443373,
        -3.3918837068443373,
        -3.3918837068443373,
        -3.4524530587522717,
        -3.4524530587522717,
        -3.5735917625681406,
        -3.5735917625681406
    ],
    "phiDotR": [
        5.269533615990309,
        5.269533615990309,
        5.3301029678982434,
        5.390672319806178,
        5.390672319806178,
        5.451241671714113,
        5.451241671714113,
        5.511811023622047,
        5.511811023622047,
        5.572380375529982,
        5.572380375529982,
        5.632949727437917,
        5.632949727437917,
        5.693519079345851,
        5.693519079345851,
        5.754088431253785,
        5.754088431253785,
        5.81465778316172,
        5.875227135069655,
        5.875227135069655,
        5.93579648697759,
        5.93579648697759,
        5.996365838885524,
        5.996365838885524
    ]
}