{
    "segment_index": 928,
    "A": 0.7059949221098464,
    "B1": 0.22860062724185218,
    "B2": 0.08131513491938182,
    "omega": [
        -1.2957763671875,
        -1.25279176235199,
        -1.2871310710907,
        -1.32186055183411,
        -1.32236194610596,
        -1.28897333145142,
        -1.28932654857635,
        -1.26677906513214,
        -1.27280128002167,
        -1.29761183261871,
        -1.30129885673523,
        -1.33836495876312,
        -1.31902194023132,
        -1.3449399471283,
        -1.39800834655762,
        -1.42588579654694,
        -1.4665732383728,
        -1.41439533233643,
        -1.42676913738251,
        -1.40708756446838,
        -1.39373552799225,
        -1.3824987411499,
        -1.39142620563507,
        -1.38320779800415
    ],
    "omega_next": [
        -1.25279176235199,
        -1.2871310710907,
        -1.32186055183411,
        -1.32236194610596,
        -1.28897333145142,
        -1.28932654857635,
        -1.26677906513214,
        -1.27280128002167,
        -1.29761183261871,
        -1.30129885673523,
        -1.33836495876312,
        -1.31902194023132,
        -1.3449399471283,
        -1.39800834655762,
        -1.42588579654694,
        -1.4665732383728,
        -1.41439533233643,
        -1.42676913738251,
        -1.40708756446838,
        -1.39373552799225,
        -1.3824987411499,
        -1.39142620563507,
        -1.38320779800415,
        -1.42135906219482
    ],
    "phiDotL": [
        -3.815869170199879,
        -3.815869170199879,
        -3.815869170199879,
        -3.815869170199879,
        -3.815869170199879,
        -3.815869170199879,
        -3.8764385221078137,
        -3.8764385221078137,
        -3.8764385221078137,
        -3.8764385221078137,
        -3.8764385221078137,
        -3.8764385221078137,
        -3.937007874015748,
        -3.937007874015748,
        -3.937007874015748,
        -3.937007874015748,
        -3.937007874015748,
        -3.937007874015748,
        -3.997577225923683,
        -3.997577225923683,
        -3.997577225923683,
        -3.997577225923683,
        -3.997577225923683,
        -3.997577225923683
    ],
    "phiDotR": [
        6.0569351907934585,
        6.0569351907934585,
        6.0569351907934585,
        6.0569351907934585,
        6.0569351907934585,
        6.0569351907934585,
        6.0569351907934585,
        6.0569351907934585,
        6.0569351907934585,
        6.0569351907934585,
        6.0569351907934585,
        6.0569351907934585,
        6.0569351907934585,
        6.0569351907934585,
        5.996365838885524,
        6.0569351907934585,
        6.0569351907934585,
        6.0569351907934585,
        6.0569351907934585,
        6.0569351907934585,
        6.0569351907934585,
        6.0569351907934585,
        6.0569351907934585,
        6.0569351907934585
    ]
}