{
    "segment_index": 2353,
    "A": -0.29048488411481893,
    "B1": -0.30310287668492336,
    "B2": 0.3415621672444204,
    "omega": [
        -0.0038275425322353,
        0.0010983101092279,
        0.0018422710709273,
        0.0021006492897868,
        0.0453055314719677,
        -0.0049503133632242,
        -0.0381577052175999,
        -0.0007785322959534,
        -0.0307188257575035,
        -0.0169868692755699,
        -0.0065466142259538,
        -0.0028614334296435,
        -0.0145265683531761,
        -0.0142553299665451,
        -0.037678174674511,
        -0.036310862749815,
        -0.0354339480400085,
        -0.0351406000554562,
        -0.0249530524015427,
        -0.0461398847401142,
        -0.029935160651803,
        -0.074697770178318,
        0.0089274421334266,
        -0.0498627685010433
    ],
    "omega_next": [
        0.0010983101092279,
        0.0018422710709273,
        0.0021006492897868,
        0.0453055314719677,
        -0.0049503133632242,
        -0.0381577052175999,
        -0.0007785322959534,
        -0.0307188257575035,
        -0.0169868692755699,
        -0.0065466142259538,
        -0.0028614334296435,
        -0.0145265683531761,
        -0.0142553299665451,
        -0.037678174674511,
        -0.036310862749815,
        -0.0354339480400085,
        -0.0351406000554562,
        -0.0249530524015427,
        -0.0461398847401142,
        -0.029935160651803,
        -0.074697770178318,
        0.0089274421334266,
        -0.0498627685010433,
        -0.0067307921126484
    ],
    "phiDotL": [
        0.0,
        0.0,
        0.0,
        0.0,
        -1.9382192610539069,
        -2.483343428225318,
        -2.483343428225318,
        -2.483343428225318,
        -2.483343428225318,
        -2.483343428225318,
        -2.483343428225318,
        -2.483343428225318,
        -2.483343428225318,
        -2.483343428225318,
        -2.483343428225318,
        -2.483343428225318,
        -2.483343428225318,
        -2.483343428225318,
        -2.483343428225318,
        -2.483343428225318,
        -2.483343428225318,
        -2.483343428225318,
        -2.483343428225318,
        -2.483343428225318
    ],
    "phiDotR": [
        0.0,
        0.0,
        0.0,
        0.0,
        -1.6959418534221686,
        -2.301635372501514,
        -2.301635372501514,
        -2.301635372501514,
        -2.301635372501514,
        -2.301635372501514,
        -2.301635372501514,
        -2.301635372501514,
        -2.301635372501514,
        -2.301635372501514,
        -2.301635372501514,
        -2.301635372501514,
        -2.301635372501514,
        -2.301635372501514,
        -2.301635372501514,
        -2.301635372501514,
        -2.301635372501514,
        -2.301635372501514,
        -2.301635372501514,
        -2.301635372501514
    ]
}