{
    "segment_index": 739,
    "A": 0.14813618265971268,
    "B1": 0.0,
    "B2": 0.0,
    "omega": [
        -0.0003045370103791,
        0.0028524955268949,
        -0.0009828767506405,
        0.0003051832318305,
        -0.00061659689527,
        -0.0006943096523173,
        0.0009971021208912,
        0.0037090261466801,
        0.0005746213719248,
        5.57658495381474e-06,
        -0.0009413782972842,
        0.0036840345710516,
        -0.0003693671897053,
        -0.0026653956156224,
        0.0006735664792358,
        0.0050276294350624,
        0.003149057039991,
        -0.0005758921615779,
        -0.0018106980714947,
        0.0014221961610019,
        -0.0036321433726698,
        -0.0035643689334392,
        0.0019417402800172,
        0.0016907432582229
    ],
    "omega_next": [
        0.0028524955268949,
        -0.0009828767506405,
        0.0003051832318305,
        -0.00061659689527,
        -0.0006943096523173,
        0.0009971021208912,
        0.0037090261466801,
        0.0005746213719248,
        5.57658495381474e-06,
        -0.0009413782972842,
        0.0036840345710516,
        -0.0003693671897053,
        -0.0026653956156224,
        0.0006735664792358,
        0.0050276294350624,
        0.003149057039991,
        -0.0005758921615779,
        -0.0018106980714947,
        0.0014221961610019,
        -0.0036321433726698,
        -0.0035643689334392,
        0.0019417402800172,
        0.0016907432582229,
        0.0012462015729397
    ],
    "phiDotL": [
        0.0,
        0.0,
        0.0,
        0.0,
        0.0,
        0.0,
        0.0,
        0.0,
        0.0,
        0.0,
        0.0,
        0.0,
        0.0,
        0.0,
        0.0,
        0.0,
        0.0,
        0.0,
        0.0,
        0.0,
        0.0,
        0.0,
        0.0,
        0.0
    ],
    "phiDotR": [
        0.0,
        0.0,
        0.0,
        0.0,
        0.0,
        0.0,
        0.0,
        0.0,
        0.0,
        0.0,
        0.0,
        0.0,
        0.0,
        0.0,
        0.0,
        0.0,
        0.0,
        0.0,
        0.0,
        0.0,
        0.0,
        0.0,
        0.0,
        0.0
    ]
}