{
    "segment_index": 195,
    "A": 0.7925579078976114,
    "B1": 0.0993120135553952,
    "B2": 0.06118774771992274,
    "omega": [
        0.693695902824402,
        0.756212770938873,
        0.757970213890076,
        0.815989375114441,
        0.895366251468658,
        0.997934997081757,
        0.906586289405823,
        0.788501501083374,
        0.786477446556091,
        0.809386968612671,
        0.788424551486969,
        0.83171135187149,
        0.850002348423004,
        0.927768886089325,
        1.03707468509674,
        0.977406620979309,
        1.02735269069672,
        1.14435613155365,
        1.15880751609802,
        1.20966970920563,
        1.19108974933624,
        1.16642105579376,
        1.08028149604797,
        1.00252449512482
    ],
    "omega_next": [
        0.756212770938873,
        0.757970213890076,
        0.815989375114441,
        0.895366251468658,
        0.997934997081757,
        0.906586289405823,
        0.788501501083374,
        0.786477446556091,
        0.809386968612671,
        0.788424551486969,
        0.83171135187149,
        0.850002348423004,
        0.927768886089325,
        1.03707468509674,
        0.977406620979309,
        1.02735269069672,
        1.14435613155365,
        1.15880751609802,
        1.20966970920563,
        1.19108974933624,
        1.16642105579376,
        1.08028149604797,
        1.00252449512482,
        1.0480043888092
    ],
    "phiDotL": [
        3.210175651120533,
        3.270745003028468,
        3.270745003028468,
        3.3313143549364024,
        3.3918837068443373,
        3.3918837068443373,
        3.3918837068443373,
        3.3918837068443373,
        3.4524530587522717,
        3.4524530587522717,
        3.5735917625681406,
        3.5735917625681406,
        3.634161114476075,
        3.634161114476075,
        3.6947304663840095,
        3.6947304663840095,
        3.755299818291944,
        3.755299818291944,
        3.815869170199879,
        3.8764385221078137,
        3.8764385221078137,
        3.937007874015748,
        3.937007874015748,
        3.997577225923683
    ],
    "phiDotR": [
        -1.9987886129618413,
        -2.059357964869776,
        -2.059357964869776,
        -2.1199273167777104,
        -2.180496668685645,
        -2.180496668685645,
        -2.24106602059358,
        -2.24106602059358,
        -2.301635372501514,
        -2.301635372501514,
        -2.362204724409449,
        -2.362204724409449,
        -2.4227740763173835,
        -2.4227740763173835,
        -2.483343428225318,
        -2.483343428225318,
        -2.5439127801332524,
        -2.5439127801332524,
        -2.6044821320411877,
        -2.6650514839491217,
        -2.6650514839491217,
        -2.7256208358570566,
        -2.7256208358570566,
        -2.786190187764991
    ]
}