{
    "segment_index": 1558,
    "A": 0.47288454447686284,
    "B1": -0.15899994593669692,
    "B2": -0.18802836310366627,
    "omega": [
        -1.19998395442963,
        -1.23204863071442,
        -1.28800225257874,
        -1.32318842411041,
        -1.2824764251709,
        -1.23276424407959,
        -1.27363431453705,
        -1.22658002376556,
        -1.21503055095673,
        -1.21296012401581,
        -1.21660304069519,
        -1.20860016345978,
        -1.18864130973816,
        -1.18002772331238,
        -1.25610649585724,
        -1.25641191005707,
        -1.25116777420044,
        -1.26122999191284,
        -1.20255410671234,
        -1.17442381381989,
        -1.16001963615417,
        -1.19345486164093,
        -1.21028852462769,
        -1.22855257987976
    ],
    "omega_next": [
        -1.23204863071442,
        -1.28800225257874,
        -1.32318842411041,
        -1.2824764251709,
        -1.23276424407959,
        -1.27363431453705,
        -1.22658002376556,
        -1.21503055095673,
        -1.21296012401581,
        -1.21660304069519,
        -1.20860016345978,
        -1.18864130973816,
        -1.18002772331238,
        -1.25610649585724,
        -1.25641191005707,
        -1.25116777420044,
        -1.26122999191284,
        -1.20255410671234,
        -1.17442381381989,
        -1.16001963615417,
        -1.19345486164093,
        -1.21028852462769,
        -1.22855257987976,
        -1.17839765548706
    ],
    "phiDotL": [
        -2.90732889158086,
        -2.967898243488795,
        -2.967898243488795,
        -2.967898243488795,
        -2.967898243488795,
        -2.967898243488795,
        -3.0284675953967293,
        -3.0284675953967293,
        -3.0284675953967293,
        -3.0284675953967293,
        -3.089036947304664,
        -3.089036947304664,
        -3.089036947304664,
        -3.089036947304664,
        -3.089036947304664,
        -3.1496062992125986,
        -3.1496062992125986,
        -3.1496062992125986,
        -3.1496062992125986,
        -3.1496062992125986,
        -3.210175651120533,
        -3.210175651120533,
        -3.210175651120533,
        -3.210175651120533
    ],
    "phiDotR": [
        6.0569351907934585,
        6.0569351907934585,
        6.0569351907934585,
        5.996365838885524,
        6.0569351907934585,
        5.996365838885524,
        6.0569351907934585,
        6.0569351907934585,
        6.0569351907934585,
        6.0569351907934585,
        6.0569351907934585,
        6.0569351907934585,
        5.996365838885524,
        6.0569351907934585,
        6.0569351907934585,
        6.0569351907934585,
        6.0569351907934585,
        5.996365838885524,
        5.996365838885524,
        6.0569351907934585,
        6.0569351907934585,
        6.0569351907934585,
        6.0569351907934585,
        5.996365838885524
    ]
}