{
    "segment_index": 1198,
    "A": 0.4454005970848551,
    "B1": 0.18733089071356038,
    "B2": 0.1152965203322355,
    "omega": [
        1.16493940353394,
        1.1785352230072,
        1.14102959632874,
        1.14584362506866,
        1.21832036972046,
        1.30175495147705,
        1.23035502433777,
        1.28639376163483,
        1.23208236694336,
        1.2043731212616,
        1.17572975158691,
        1.19013810157776,
        1.19295418262482,
        1.21467411518097,
        1.20289194583893,
        1.2564457654953,
        1.24737310409546,
        1.30745434761047,
        1.2902592420578,
        1.32586264610291,
        1.33675599098206,
        1.25590038299561,
        1.27328431606293,
        1.30121183395386
    ],
    "omega_next": [
        1.1785352230072,
        1.14102959632874,
        1.14584362506866,
        1.21832036972046,
        1.30175495147705,
        1.23035502433777,
        1.28639376163483,
        1.23208236694336,
        1.2043731212616,
        1.17572975158691,
        1.19013810157776,
        1.19295418262482,
        1.21467411518097,
        1.20289194583893,
        1.2564457654953,
        1.24737310409546,
        1.30745434761047,
        1.2902592420578,
        1.32586264610291,
        1.33675599098206,
        1.25590038299561,
        1.27328431606293,
        1.30121183395386,
        1.30163145065308
    ],
    "phiDotL": [
        5.3301029678982434,
        5.390672319806178,
        5.390672319806178,
        5.451241671714113,
        5.451241671714113,
        5.511811023622047,
        5.511811023622047,
        5.572380375529982,
        5.572380375529982,
        5.632949727437917,
        5.632949727437917,
        5.693519079345851,
        5.754088431253785,
        5.754088431253785,
        5.754088431253785,
        5.81465778316172,
        5.875227135069655,
        5.875227135069655,
        5.93579648697759,
        5.93579648697759,
        5.996365838885524,
        5.996365838885524,
        6.0569351907934585,
        6.0569351907934585
    ],
    "phiDotR": [
        -2.90732889158086,
        -2.967898243488795,
        -2.967898243488795,
        -3.0284675953967293,
        -3.0284675953967293,
        -3.089036947304664,
        -3.089036947304664,
        -3.1496062992125986,
        -3.1496062992125986,
        -3.210175651120533,
        -3.210175651120533,
        -3.270745003028468,
        -3.3313143549364024,
        -3.3313143549364024,
        -3.3313143549364024,
        -3.3918837068443373,
        -3.3918837068443373,
        -3.3918837068443373,
        -3.4524530587522717,
        -3.4524530587522717,
        -3.5735917625681406,
        -3.5735917625681406,
        -3.634161114476075,
        -3.634161114476075
    ]
}