{
    "segment_index": 1155,
    "A": 0.1763991860232379,
    "B1": 0.22027442242331483,
    "B2": 0.11533195359233024,
    "omega": [
        0.81769073009491,
        0.911523520946503,
        0.821638643741608,
        0.755925476551056,
        0.84682285785675,
        0.829163551330566,
        0.960586428642273,
        0.830344796180725,
        0.826806485652924,
        0.815440893173218,
        0.950756192207336,
        0.943169355392456,
        0.951833009719849,
        0.928522348403931,
        0.889044165611267,
        0.928270757198334,
        0.921509325504303,
        0.892480254173279,
        0.876670598983765,
        0.874137818813324,
        0.915834784507751,
        0.897747874259949,
        0.881147742271423,
        0.90302711725235
    ],
    "omega_next": [
        0.911523520946503,
        0.821638643741608,
        0.755925476551056,
        0.84682285785675,
        0.829163551330566,
        0.960586428642273,
        0.830344796180725,
        0.826806485652924,
        0.815440893173218,
        0.950756192207336,
        0.943169355392456,
        0.951833009719849,
        0.928522348403931,
        0.889044165611267,
        0.928270757198334,
        0.921509325504303,
        0.892480254173279,
        0.876670598983765,
        0.874137818813324,
        0.915834784507751,
        0.897747874259949,
        0.881147742271423,
        0.90302711725235,
        0.96752667427063
    ],
    "phiDotL": [
        3.997577225923683,
        3.997577225923683,
        3.997577225923683,
        4.058146577831618,
        4.058146577831618,
        4.118715929739552,
        4.118715929739552,
        4.179285281647486,
        4.179285281647486,
        4.239854633555421,
        4.239854633555421,
        4.300423985463356,
        4.300423985463356,
        4.36099333737129,
        4.36099333737129,
        4.421562689279225,
        4.48213204118716,
        4.48213204118716,
        4.542701393095094,
        4.542701393095094,
        4.603270745003028,
        4.603270745003028,
        4.663840096910963,
        4.663840096910963
    ],
    "phiDotR": [
        -1.5748031496062993,
        -1.5748031496062993,
        -1.5748031496062993,
        -1.635372501514234,
        -1.635372501514234,
        -1.6959418534221686,
        -1.6959418534221686,
        -1.6959418534221686,
        -1.6959418534221686,
        -1.8170805572380373,
        -1.8170805572380373,
        -1.877649909145972,
        -1.877649909145972,
        -1.9382192610539069,
        -1.9382192610539069,
        -1.9987886129618413,
        -2.059357964869776,
        -2.059357964869776,
        -2.1199273167777104,
        -2.1199273167777104,
        -2.180496668685645,
        -2.180496668685645,
        -2.24106602059358,
        -2.24106602059358
    ]
}