{
    "segment_index": 2237,
    "A": 0.9138208532062105,
    "B1": 0.2686259499400657,
    "B2": 0.10880056198533794,
    "omega": [
        -1.40643501281738,
        -1.36434507369995,
        -1.334392786026,
        -1.33437061309814,
        -1.25212848186493,
        -1.22606432437897,
        -1.20704233646393,
        -1.21324753761292,
        -1.14235556125641,
        -1.12985455989838,
        -1.16477036476135,
        -1.21658396720886,
        -1.21455454826355,
        -1.26006150245667,
        -1.24422001838684,
        -1.24418616294861,
        -1.25996506214142,
        -1.23007130622864,
        -1.24204528331757,
        -1.299440741539,
        -1.41166961193085,
        -1.50517988204956,
        -1.54862940311432,
        -1.56735861301422
    ],
    "omega_next": [
        -1.36434507369995,
        -1.334392786026,
        -1.33437061309814,
        -1.25212848186493,
        -1.22606432437897,
        -1.20704233646393,
        -1.21324753761292,
        -1.14235556125641,
        -1.12985455989838,
        -1.16477036476135,
        -1.21658396720886,
        -1.21455454826355,
        -1.26006150245667,
        -1.24422001838684,
        -1.24418616294861,
        -1.25996506214142,
        -1.23007130622864,
        -1.24204528331757,
        -1.299440741539,
        -1.41166961193085,
        -1.50517988204956,
        -1.54862940311432,
        -1.56735861301422,
        -1.53753304481506
    ],
    "phiDotL": [
        -2.7256208358570566,
        -2.7256208358570566,
        -2.7256208358570566,
        -2.786190187764991,
        -2.786190187764991,
        -2.786190187764991,
        -2.786190187764991,
        -2.846759539672925,
        -2.846759539672925,
        -2.846759539672925,
        -2.846759539672925,
        -2.90732889158086,
        -2.90732889158086,
        -2.90732889158086,
        -2.90732889158086,
        -2.967898243488795,
        -2.967898243488795,
        -2.967898243488795,
        -2.967898243488795,
        -2.967898243488795,
        -3.0284675953967293,
        -3.0284675953967293,
        -3.0284675953967293,
        -3.0284675953967293
    ],
    "phiDotR": [
        6.0569351907934585,
        6.0569351907934585,
        6.0569351907934585,
        6.0569351907934585,
        6.0569351907934585,
        6.0569351907934585,
        6.0569351907934585,
        6.0569351907934585,
        6.0569351907934585,
        6.0569351907934585,
        6.0569351907934585,
        6.0569351907934585,
        6.0569351907934585,
        6.0569351907934585,
        6.0569351907934585,
        6.0569351907934585,
        6.0569351907934585,
        6.0569351907934585,
        5.996365838885524,
        6.0569351907934585,
        6.0569351907934585,
        6.0569351907934585,
        6.0569351907934585,
        6.0569351907934585
    ]
}