{
    "segment_index": 2038,
    "A": -0.1939387064446478,
    "B1": 0.0,
    "B2": 0.0,
    "omega": [
        -0.0009006951586343,
        -0.0009006951586343,
        -0.0009006951586343,
        -0.0009006951586343,
        -0.0009006951586343,
        -0.0009006951586343,
        -0.0009006951586343,
        -0.0011528553441166,
        0.0023268116638064,
        -0.0027409298345446,
        0.0002275214792462,
        -0.002186479512602,
        0.0011026974534615,
        0.0018202785868197,
        0.0028863386251032,
        0.0023796136956661,
        -0.0018397138919681,
        0.0026629951316863,
        0.0013276000972837,
        -0.0030053111258894,
        0.0018965546041727,
        -0.0036188343074172,
        0.001109623350203,
        0.0019339413847774
    ],
    "omega_next": [
        -0.0009006951586343,
        -0.0009006951586343,
        -0.0009006951586343,
        -0.0009006951586343,
        -0.0009006951586343,
        -0.0009006951586343,
        -0.0011528553441166,
        0.0023268116638064,
        -0.0027409298345446,
        0.0002275214792462,
        -0.002186479512602,
        0.0011026974534615,
        0.0018202785868197,
        0.0028863386251032,
        0.0023796136956661,
        -0.0018397138919681,
        0.0026629951316863,
        0.0013276000972837,
        -0.0030053111258894,
        0.0018965546041727,
        -0.0036188343074172,
        0.001109623350203,
        0.0019339413847774,
        -7.3816227086354e-07
    ],
    "phiDotL": [
        0.0,
        0.0,
        0.0,
        0.0,
        0.0,
        0.0,
        0.0,
        0.0,
        0.0,
        0.0,
        0.0,
        0.0,
        0.0,
        0.0,
        0.0,
        0.0,
        0.0,
        0.0,
        0.0,
        0.0,
        0.0,
        0.0,
        0.0,
        0.0
    ],
    "phiDotR": [
        0.0,
        0.0,
        0.0,
        0.0,
        0.0,
        0.0,
        0.0,
        0.0,
        0.0,
        0.0,
        0.0,
        0.0,
        0.0,
        0.0,
        0.0,
        0.0,
        0.0,
        0.0,
        0.0,
        0.0,
        0.0,
        0.0,
        0.0,
        0.0
    ]
}