{
    "segment_index": 1970,
    "A": 0.7802644226379604,
    "B1": -0.04280701638011678,
    "B2": -0.1781199802445581,
    "omega": [
        1.32862329483032,
        1.33280539512634,
        1.37423455715179,
        1.32347416877747,
        1.28119564056396,
        1.25690734386444,
        1.22937154769897,
        1.1564314365387,
        1.20619904994965,
        1.22457337379456,
        1.25481927394867,
        1.32813131809235,
        1.3710789680481,
        1.44871294498444,
        1.46892118453979,
        1.40488660335541,
        1.33513784408569,
        1.31553709506989,
        1.33059799671173,
        1.36025321483612,
        1.36145269870758,
        1.3675172328949,
        1.42344892024994,
        1.44745016098022
    ],
    "omega_next": [
        1.33280539512634,
        1.37423455715179,
        1.32347416877747,
        1.28119564056396,
        1.25690734386444,
        1.22937154769897,
        1.1564314365387,
        1.20619904994965,
        1.22457337379456,
        1.25481927394867,
        1.32813131809235,
        1.3710789680481,
        1.44871294498444,
        1.46892118453979,
        1.40488660335541,
        1.33513784408569,
        1.31553709506989,
        1.33059799671173,
        1.36025321483612,
        1.36145269870758,
        1.3675172328949,
        1.42344892024994,
        1.44745016098022,
        1.41631698608398
    ],
    "phiDotL": [
        6.0569351907934585,
        6.0569351907934585,
        6.0569351907934585,
        6.0569351907934585,
        6.0569351907934585,
        6.0569351907934585,
        6.0569351907934585,
        6.0569351907934585,
        6.0569351907934585,
        6.0569351907934585,
        6.0569351907934585,
        6.0569351907934585,
        6.0569351907934585,
        6.0569351907934585,
        6.0569351907934585,
        6.0569351907934585,
        6.0569351907934585,
        6.0569351907934585,
        6.0569351907934585,
        6.0569351907934585,
        6.0569351907934585,
        5.996365838885524,
        6.0569351907934585,
        6.0569351907934585
    ],
    "phiDotR": [
        -2.967898243488795,
        -2.967898243488795,
        -2.967898243488795,
        -3.0284675953967293,
        -3.0284675953967293,
        -3.0284675953967293,
        -3.0284675953967293,
        -3.089036947304664,
        -3.089036947304664,
        -3.089036947304664,
        -3.089036947304664,
        -3.089036947304664,
        -3.1496062992125986,
        -3.1496062992125986,
        -3.1496062992125986,
        -3.1496062992125986,
        -3.1496062992125986,
        -3.210175651120533,
        -3.210175651120533,
        -3.210175651120533,
        -3.210175651120533,
        -3.210175651120533,
        -3.270745003028468,
        -3.270745003028468
    ]
}