{
    "segment_index": 3029,
    "A": 0.7562204251059168,
    "B1": -0.0009117987743088759,
    "B2": -0.1441140850481953,
    "omega": [
        1.07704305648804,
        1.01289403438568,
        0.957188844680786,
        0.926542162895203,
        0.910264909267426,
        0.923901319503784,
        0.933266222476959,
        0.939058899879456,
        0.918879926204681,
        0.884111166000366,
        0.863445520401001,
        0.874664664268494,
        0.862007915973663,
        0.882544934749603,
        0.899343609809875,
        0.972293794155121,
        1.03376960754395,
        1.01686263084412,
        1.04628801345825,
        1.03548455238342,
        1.06639409065247,
        1.10432493686676,
        1.07818305492401,
        1.05740940570831
    ],
    "omega_next": [
        1.01289403438568,
        0.957188844680786,
        0.926542162895203,
        0.910264909267426,
        0.923901319503784,
        0.933266222476959,
        0.939058899879456,
        0.918879926204681,
        0.884111166000366,
        0.863445520401001,
        0.874664664268494,
        0.862007915973663,
        0.882544934749603,
        0.899343609809875,
        0.972293794155121,
        1.03376960754395,
        1.01686263084412,
        1.04628801345825,
        1.03548455238342,
        1.06639409065247,
        1.10432493686676,
        1.07818305492401,
        1.05740940570831,
        1.03941380977631
    ],
    "phiDotL": [
        6.0569351907934585,
        6.0569351907934585,
        6.0569351907934585,
        6.0569351907934585,
        6.0569351907934585,
        6.0569351907934585,
        6.0569351907934585,
        6.0569351907934585,
        5.996365838885524,
        6.0569351907934585,
        6.0569351907934585,
        6.0569351907934585,
        6.0569351907934585,
        6.0569351907934585,
        6.0569351907934585,
        6.0569351907934585,
        6.0569351907934585,
        6.0569351907934585,
        6.0569351907934585,
        6.0569351907934585,
        6.0569351907934585,
        5.996365838885524,
        6.0569351907934585,
        5.996365838885524
    ],
    "phiDotR": [
        -1.45366444579043,
        -1.45366444579043,
        -1.45366444579043,
        -1.5142337976983646,
        -1.5142337976983646,
        -1.5142337976983646,
        -1.5748031496062993,
        -1.5748031496062993,
        -1.5748031496062993,
        -1.635372501514234,
        -1.635372501514234,
        -1.6959418534221686,
        -1.6959418534221686,
        -1.6959418534221686,
        -1.6959418534221686,
        -1.6959418534221686,
        -1.6959418534221686,
        -1.8170805572380373,
        -1.8170805572380373,
        -1.8170805572380373,
        -1.877649909145972,
        -1.877649909145972,
        -1.877649909145972,
        -1.877649909145972
    ]
}