{
    "segment_index": 1335,
    "A": -0.003074386008263735,
    "B1": 0.0,
    "B2": 0.0,
    "omega": [
        -0.0019440428586676,
        -0.0001428960240446,
        0.0014344353694468,
        0.0012297555804252,
        0.0005153706297278,
        0.0035763506311923,
        0.0012924803886562,
        0.0022216406650841,
        -0.0018217753386125,
        -0.001119268592447,
        0.0009042652091011,
        -0.0005833168397657,
        -0.0031300312839448,
        -0.0002705671649891,
        0.0014820167561993,
        0.0015642655780538,
        0.0014017613139003,
        0.0011149592464789,
        0.0012515856651589,
        -0.0037968119140714,
        -0.0001603374694241,
        -0.0014136721147224,
        -0.0014136721147224,
        0.0039127874188125
    ],
    "omega_next": [
        -0.0001428960240446,
        0.0014344353694468,
        0.0012297555804252,
        0.0005153706297278,
        0.0035763506311923,
        0.0012924803886562,
        0.0022216406650841,
        -0.0018217753386125,
        -0.001119268592447,
        0.0009042652091011,
        -0.0005833168397657,
        -0.0031300312839448,
        -0.0002705671649891,
        0.0014820167561993,
        0.0015642655780538,
        0.0014017613139003,
        0.0011149592464789,
        0.0012515856651589,
        -0.0037968119140714,
        -0.0001603374694241,
        -0.0014136721147224,
        -0.0014136721147224,
        0.0039127874188125,
        -0.0027640121988952
    ],
    "phiDotL": [
        0.0,
        0.0,
        0.0,
        0.0,
        0.0,
        0.0,
        0.0,
        0.0,
        0.0,
        0.0,
        0.0,
        0.0,
        0.0,
        0.0,
        0.0,
        0.0,
        0.0,
        0.0,
        0.0,
        0.0,
        0.0,
        0.0,
        0.0,
        0.0
    ],
    "phiDotR": [
        0.0,
        0.0,
        0.0,
        0.0,
        0.0,
        0.0,
        0.0,
        0.0,
        0.0,
        0.0,
        0.0,
        0.0,
        0.0,
        0.0,
        0.0,
        0.0,
        0.0,
        0.0,
        0.0,
        0.0,
        0.0,
        0.0,
        0.0,
        0.0
    ]
}