{
    "segment_index": 1483,
    "A": 0.22798815701531425,
    "B1": 0.032094394349648794,
    "B2": -0.13028243385422028,
    "omega": [
        -0.793303310871124,
        -0.80786395072937,
        -0.830305576324463,
        -0.830305576324463,
        -0.852592289447784,
        -0.846388399600983,
        -0.838969945907593,
        -0.876383185386658,
        -0.90364944934845,
        -0.88996285200119,
        -0.873607933521271,
        -0.894017159938812,
        -0.894017159938812,
        -0.90151172876358,
        -0.873144507408142,
        -0.927603840827942,
        -0.942203283309937,
        -0.930166482925415,
        -0.949663102626801,
        -0.918232798576355,
        -0.945401668548584,
        -0.945401668548584,
        -0.960220873355865,
        -0.984216928482056
    ],
    "omega_next": [
        -0.80786395072937,
        -0.830305576324463,
        -0.830305576324463,
        -0.852592289447784,
        -0.846388399600983,
        -0.838969945907593,
        -0.876383185386658,
        -0.90364944934845,
        -0.88996285200119,
        -0.873607933521271,
        -0.894017159938812,
        -0.894017159938812,
        -0.90151172876358,
        -0.873144507408142,
        -0.927603840827942,
        -0.942203283309937,
        -0.930166482925415,
        -0.949663102626801,
        -0.918232798576355,
        -0.945401668548584,
        -0.945401668548584,
        -0.960220873355865,
        -0.984216928482056,
        -0.996162950992584
    ],
    "phiDotL": [
        -1.029678982434888,
        -1.029678982434888,
        -1.0902483343428224,
        -1.0902483343428224,
        -1.150817686250757,
        -1.150817686250757,
        -1.2113870381586918,
        -1.2113870381586918,
        -1.2719563900666262,
        -1.2719563900666262,
        -1.3325257419745609,
        -1.3325257419745609,
        -1.3930950938824955,
        -1.45366444579043,
        -1.45366444579043,
        -1.5142337976983646,
        -1.5142337976983646,
        -1.5748031496062993,
        -1.5748031496062993,
        -1.635372501514234,
        -1.635372501514234,
        -1.6959418534221686,
        -1.6959418534221686,
        -1.6959418534221686
    ],
    "phiDotR": [
        4.663840096910963,
        4.663840096910963,
        4.724409448818898,
        4.724409448818898,
        4.784978800726832,
        4.784978800726832,
        4.845548152634767,
        4.845548152634767,
        4.906117504542702,
        4.906117504542702,
        4.966686856450636,
        4.966686856450636,
        5.027256208358571,
        5.087825560266505,
        5.087825560266505,
        5.14839491217444,
        5.14839491217444,
        5.208964264082375,
        5.208964264082375,
        5.269533615990309,
        5.269533615990309,
        5.3301029678982434,
        5.3301029678982434,
        5.390672319806178
    ]
}