{
    "segment_index": 1258,
    "A": -0.6936524109030792,
    "B1": 0.37778301010626475,
    "B2": -0.00805220089492052,
    "omega": [
        1.35585796833038,
        1.40722620487213,
        1.39115965366364,
        1.40468108654022,
        1.37152791023254,
        1.35480082035065,
        1.30335128307343,
        1.27829170227051,
        1.31205666065216,
        1.37957656383514,
        1.38594782352448,
        1.42165768146515,
        1.45415961742401,
        1.30950248241425,
        0.949418365955353,
        0.109675653278828,
        0.0305067542940378,
        0.0062983068637549,
        -0.0054034325294196,
        -0.0032889465801417,
        -0.0014881178503856,
        0.0009355838992632,
        -0.0013396519934758,
        -0.0020786486566066
    ],
    "omega_next": [
        1.40722620487213,
        1.39115965366364,
        1.40468108654022,
        1.37152791023254,
        1.35480082035065,
        1.30335128307343,
        1.27829170227051,
        1.31205666065216,
        1.37957656383514,
        1.38594782352448,
        1.42165768146515,
        1.45415961742401,
        1.30950248241425,
        0.949418365955353,
        0.109675653278828,
        0.0305067542940378,
        0.0062983068637549,
        -0.0054034325294196,
        -0.0032889465801417,
        -0.0014881178503856,
        0.0009355838992632,
        -0.0013396519934758,
        -0.0020786486566066,
        -0.002219442743808
    ],
    "phiDotL": [
        6.0569351907934585,
        6.0569351907934585,
        6.0569351907934585,
        6.0569351907934585,
        6.0569351907934585,
        6.0569351907934585,
        6.0569351907934585,
        6.0569351907934585,
        6.0569351907934585,
        6.0569351907934585,
        5.996365838885524,
        6.0569351907934585,
        5.996365838885524,
        4.48213204118716,
        2.5439127801332524,
        0.6056935190793459,
        0.0,
        0.0,
        0.0,
        0.0,
        0.0,
        0.0,
        0.0,
        0.0
    ],
    "phiDotR": [
        -3.997577225923683,
        -3.997577225923683,
        -4.058146577831618,
        -4.058146577831618,
        -4.058146577831618,
        -4.058146577831618,
        -4.058146577831618,
        -4.058146577831618,
        -4.058146577831618,
        -4.118715929739552,
        -4.118715929739552,
        -4.118715929739552,
        -4.118715929739552,
        -4.48213204118716,
        -2.5439127801332524,
        -0.6056935190793459,
        0.0,
        0.0,
        0.0,
        0.0,
        0.0,
        0.0,
        0.0,
        0.0
    ]
}