{
    "segment_index": 1176,
    "A": 0.2607311209027122,
    "B1": 0.045839349708764944,
    "B2": -0.2090247510419836,
    "omega": [
        0.897747874259949,
        0.881147742271423,
        0.90302711725235,
        0.96752667427063,
        0.939779937267303,
        0.941525936126709,
        0.887588977813721,
        0.941237092018127,
        1.00044369697571,
        0.998322427272797,
        0.957343697547913,
        1.0737053155899,
        1.11230444908142,
        1.07168793678284,
        1.0450884103775,
        1.08203387260437,
        1.08493077754974,
        1.00360298156738,
        1.06476032733917,
        1.07483923435211,
        1.12061834335327,
        1.1199963092804,
        1.16493940353394,
        1.1785352230072
    ],
    "omega_next": [
        0.881147742271423,
        0.90302711725235,
        0.96752667427063,
        0.939779937267303,
        0.941525936126709,
        0.887588977813721,
        0.941237092018127,
        1.00044369697571,
        0.998322427272797,
        0.957343697547913,
        1.0737053155899,
        1.11230444908142,
        1.07168793678284,
        1.0450884103775,
        1.08203387260437,
        1.08493077754974,
        1.00360298156738,
        1.06476032733917,
        1.07483923435211,
        1.12061834335327,
        1.1199963092804,
        1.16493940353394,
        1.1785352230072,
        1.14102959632874
    ],
    "phiDotL": [
        4.603270745003028,
        4.663840096910963,
        4.663840096910963,
        4.724409448818898,
        4.724409448818898,
        4.784978800726832,
        4.784978800726832,
        4.845548152634767,
        4.906117504542702,
        4.906117504542702,
        4.966686856450636,
        4.966686856450636,
        5.027256208358571,
        5.027256208358571,
        5.087825560266505,
        5.087825560266505,
        5.14839491217444,
        5.14839491217444,
        5.208964264082375,
        5.208964264082375,
        5.269533615990309,
        5.269533615990309,
        5.3301029678982434,
        5.390672319806178
    ],
    "phiDotR": [
        -2.180496668685645,
        -2.24106602059358,
        -2.24106602059358,
        -2.301635372501514,
        -2.301635372501514,
        -2.362204724409449,
        -2.362204724409449,
        -2.4227740763173835,
        -2.483343428225318,
        -2.483343428225318,
        -2.5439127801332524,
        -2.5439127801332524,
        -2.6044821320411877,
        -2.6044821320411877,
        -2.6650514839491217,
        -2.6650514839491217,
        -2.7256208358570566,
        -2.7256208358570566,
        -2.786190187764991,
        -2.786190187764991,
        -2.846759539672925,
        -2.846759539672925,
        -2.90732889158086,
        -2.967898243488795
    ]
}