{
    "segment_index": 2743,
    "A": 0.67774184906167,
    "B1": -0.02594705833499934,
    "B2": -0.05327265465386893,
    "omega": [
        -0.964242100715637,
        -0.963648855686188,
        -0.931452512741089,
        -0.996186196804047,
        -0.983491599559784,
        -1.02851343154907,
        -1.00774312019348,
        -1.05396640300751,
        -0.848192811012268,
        -0.794282257556915,
        -0.718776524066925,
        -0.819169044494629,
        -0.730320990085602,
        -0.797920525074005,
        -0.86077207326889,
        -0.753126263618469,
        -0.875276982784271,
        -0.845863282680511,
        -0.861372828483582,
        -0.87806898355484,
        -0.934699952602386,
        -0.902663946151733,
        -0.902797400951385,
        -0.963048756122589
    ],
    "omega_next": [
        -0.963648855686188,
        -0.931452512741089,
        -0.996186196804047,
        -0.983491599559784,
        -1.02851343154907,
        -1.00774312019348,
        -1.05396640300751,
        -0.848192811012268,
        -0.794282257556915,
        -0.718776524066925,
        -0.819169044494629,
        -0.730320990085602,
        -0.797920525074005,
        -0.86077207326889,
        -0.753126263618469,
        -0.875276982784271,
        -0.845863282680511,
        -0.861372828483582,
        -0.87806898355484,
        -0.934699952602386,
        -0.902663946151733,
        -0.902797400951385,
        -0.963048756122589,
        -0.929117858409882
    ],
    "phiDotL": [
        -1.0902483343428224,
        -1.0902483343428224,
        -1.150817686250757,
        -1.150817686250757,
        -1.2113870381586918,
        -1.2113870381586918,
        -1.2719563900666262,
        -1.2719563900666262,
        -1.3325257419745609,
        -1.3325257419745609,
        -1.3325257419745609,
        -1.3930950938824955,
        -1.3930950938824955,
        -1.45366444579043,
        -1.45366444579043,
        -1.45366444579043,
        -1.5142337976983646,
        -1.5142337976983646,
        -1.5142337976983646,
        -1.5748031496062993,
        -1.5748031496062993,
        -1.5748031496062993,
        -1.635372501514234,
        -1.635372501514234
    ],
    "phiDotR": [
        5.93579648697759,
        5.93579648697759,
        5.996365838885524,
        5.996365838885524,
        6.0569351907934585,
        6.0569351907934585,
        6.0569351907934585,
        6.0569351907934585,
        6.0569351907934585,
        6.0569351907934585,
        6.0569351907934585,
        6.0569351907934585,
        6.0569351907934585,
        6.0569351907934585,
        6.0569351907934585,
        6.0569351907934585,
        6.0569351907934585,
        6.0569351907934585,
        6.0569351907934585,
        6.0569351907934585,
        6.0569351907934585,
        6.0569351907934585,
        6.0569351907934585,
        6.0569351907934585
    ]
}