{
    "segment_index": 2798,
    "A": 0.34056537811254683,
    "B1": 0.12784416673365123,
    "B2": -0.07400415729445449,
    "omega": [
        -1.02012860774994,
        -1.11578953266144,
        -1.11677849292755,
        -1.08014178276062,
        -1.08014178276062,
        -1.03494358062744,
        -1.15372014045715,
        -1.16596531867981,
        -1.17685103416443,
        -1.15829908847809,
        -1.14347219467163,
        -1.09309768676758,
        -1.09309768676758,
        -1.13946807384491,
        -1.23408949375153,
        -1.24393570423126,
        -1.11273074150085,
        -1.12681198120117,
        -1.11780428886414,
        -1.11780428886414,
        -1.11936211585999,
        -1.18909573554993,
        -1.18909573554993,
        -1.16719770431519
    ],
    "omega_next": [
        -1.11578953266144,
        -1.11677849292755,
        -1.08014178276062,
        -1.08014178276062,
        -1.03494358062744,
        -1.15372014045715,
        -1.16596531867981,
        -1.17685103416443,
        -1.15829908847809,
        -1.14347219467163,
        -1.09309768676758,
        -1.09309768676758,
        -1.13946807384491,
        -1.23408949375153,
        -1.24393570423126,
        -1.11273074150085,
        -1.12681198120117,
        -1.11780428886414,
        -1.11780428886414,
        -1.11936211585999,
        -1.18909573554993,
        -1.18909573554993,
        -1.16719770431519,
        -1.19754481315613
    ],
    "phiDotL": [
        -2.24106602059358,
        -2.24106602059358,
        -2.24106602059358,
        -2.301635372501514,
        -2.301635372501514,
        -2.301635372501514,
        -2.301635372501514,
        -2.362204724409449,
        -2.362204724409449,
        -2.362204724409449,
        -2.362204724409449,
        -2.4227740763173835,
        -2.4227740763173835,
        -2.4227740763173835,
        -2.4227740763173835,
        -2.483343428225318,
        -2.483343428225318,
        -2.483343428225318,
        -2.483343428225318,
        -2.483343428225318,
        -2.5439127801332524,
        -2.5439127801332524,
        -2.5439127801332524,
        -2.5439127801332524
    ],
    "phiDotR": [
        6.0569351907934585,
        6.0569351907934585,
        6.0569351907934585,
        6.0569351907934585,
        6.0569351907934585,
        6.0569351907934585,
        6.0569351907934585,
        5.996365838885524,
        6.0569351907934585,
        5.996365838885524,
        6.0569351907934585,
        6.0569351907934585,
        6.0569351907934585,
        6.0569351907934585,
        6.0569351907934585,
        6.0569351907934585,
        6.0569351907934585,
        5.996365838885524,
        6.0569351907934585,
        5.996365838885524,
        5.996365838885524,
        6.0569351907934585,
        6.0569351907934585,
        6.0569351907934585
    ]
}