{
    "segment_index": 1761,
    "A": 0.043559976646628695,
    "B1": 0.0,
    "B2": 0.0,
    "omega": [
        0.0011217314749956,
        -9.45520441746339e-05,
        -0.0035351221449673,
        0.0033690463751554,
        -0.0002744782541412,
        0.0043521970510482,
        -0.0002745873644016,
        0.0016765961190685,
        -0.0015558503801003,
        0.0004068301059305,
        -0.0022741376888006,
        0.0014695686986669,
        -0.0012559345923364,
        0.0026601199060678,
        -0.0006379629485309,
        -0.0025843624025583,
        0.0004403450293466,
        -0.0013552310410887,
        0.0009823396103456,
        -0.0023817883338779,
        -0.0008694471907801,
        -0.0004214941873215,
        0.0017771392595022,
        0.0052455514669418
    ],
    "omega_next": [
        -9.45520441746339e-05,
        -0.0035351221449673,
        0.0033690463751554,
        -0.0002744782541412,
        0.0043521970510482,
        -0.0002745873644016,
        0.0016765961190685,
        -0.0015558503801003,
        0.0004068301059305,
        -0.0022741376888006,
        0.0014695686986669,
        -0.0012559345923364,
        0.0026601199060678,
        -0.0006379629485309,
        -0.0025843624025583,
        0.0004403450293466,
        -0.0013552310410887,
        0.0009823396103456,
        -0.0023817883338779,
        -0.0008694471907801,
        -0.0004214941873215,
        0.0017771392595022,
        0.0052455514669418,
        0.0052455514669418
    ],
    "phiDotL": [
        0.0,
        0.0,
        0.0,
        0.0,
        0.0,
        0.0,
        0.0,
        0.0,
        0.0,
        0.0,
        0.0,
        0.0,
        0.0,
        0.0,
        0.0,
        0.0,
        0.0,
        0.0,
        0.0,
        0.0,
        0.0,
        0.0,
        0.0,
        0.0
    ],
    "phiDotR": [
        0.0,
        0.0,
        0.0,
        0.0,
        0.0,
        0.0,
        0.0,
        0.0,
        0.0,
        0.0,
        0.0,
        0.0,
        0.0,
        0.0,
        0.0,
        0.0,
        0.0,
        0.0,
        0.0,
        0.0,
        0.0,
        0.0,
        0.0,
        0.0
    ]
}