{
    "segment_index": 2587,
    "A": 0.6341932775997301,
    "B1": 0.0,
    "B2": 0.0,
    "omega": [
        0.0040457732975482,
        0.0040457732975482,
        0.0040457732975482,
        0.0040457732975482,
        0.0040457732975482,
        0.0040457732975482,
        0.0040457732975482,
        0.0040457732975482,
        0.0009030116489157,
        -0.0007541404338553,
        6.87013234710321e-05,
        -0.0028000324964523,
        0.0002595854748506,
        -0.0003221283259335,
        0.0010632080957293,
        -0.0009758985252119,
        0.0010665233712643,
        0.001550625776872,
        0.0029031573794782,
        -0.0006035558180883,
        0.0031349281780421,
        -0.0006782482378184,
        0.0035014902241528,
        0.0032305491622537
    ],
    "omega_next": [
        0.0040457732975482,
        0.0040457732975482,
        0.0040457732975482,
        0.0040457732975482,
        0.0040457732975482,
        0.0040457732975482,
        0.0040457732975482,
        0.0009030116489157,
        -0.0007541404338553,
        6.87013234710321e-05,
        -0.0028000324964523,
        0.0002595854748506,
        -0.0003221283259335,
        0.0010632080957293,
        -0.0009758985252119,
        0.0010665233712643,
        0.001550625776872,
        0.0029031573794782,
        -0.0006035558180883,
        0.0031349281780421,
        -0.0006782482378184,
        0.0035014902241528,
        0.0032305491622537,
        -0.0013396427966654
    ],
    "phiDotL": [
        0.0,
        0.0,
        0.0,
        0.0,
        0.0,
        0.0,
        0.0,
        0.0,
        0.0,
        0.0,
        0.0,
        0.0,
        0.0,
        0.0,
        0.0,
        0.0,
        0.0,
        0.0,
        0.0,
        0.0,
        0.0,
        0.0,
        0.0,
        0.0
    ],
    "phiDotR": [
        0.0,
        0.0,
        0.0,
        0.0,
        0.0,
        0.0,
        0.0,
        0.0,
        0.0,
        0.0,
        0.0,
        0.0,
        0.0,
        0.0,
        0.0,
        0.0,
        0.0,
        0.0,
        0.0,
        0.0,
        0.0,
        0.0,
        0.0,
        0.0
    ]
}