{
    "segment_index": 1068,
    "A": 0.27693652641300703,
    "B1": 0.13155391041587108,
    "B2": -0.1455842859340831,
    "omega": [
        0.0023504751734435,
        0.0009809097973629,
        0.0010413327254355,
        0.0010134844342246,
        -0.0213605836033821,
        -0.0055453013628721,
        0.0121044144034386,
        0.0444159470498562,
        0.017712539061904,
        0.0280389487743378,
        0.0513978488743305,
        0.0589320510625839,
        0.09637501090765,
        0.0814934894442558,
        0.09459338337183,
        0.114815220236778,
        0.151683896780014,
        0.195263847708702,
        0.156154155731201,
        0.200656518340111,
        0.179698690772057,
        0.200383871793747,
        0.212993144989014,
        0.207293048501015
    ],
    "omega_next": [
        0.0009809097973629,
        0.0010413327254355,
        0.0010134844342246,
        -0.0213605836033821,
        -0.0055453013628721,
        0.0121044144034386,
        0.0444159470498562,
        0.017712539061904,
        0.0280389487743378,
        0.0513978488743305,
        0.0589320510625839,
        0.09637501090765,
        0.0814934894442558,
        0.09459338337183,
        0.114815220236778,
        0.151683896780014,
        0.195263847708702,
        0.156154155731201,
        0.200656518340111,
        0.179698690772057,
        0.200383871793747,
        0.212993144989014,
        0.207293048501015,
        0.211001172661781
    ],
    "phiDotL": [
        0.0,
        0.0,
        0.0,
        0.0,
        1.2719563900666262,
        1.2719563900666262,
        1.3325257419745609,
        1.3325257419745609,
        1.3930950938824955,
        1.3930950938824955,
        1.45366444579043,
        1.45366444579043,
        1.5142337976983646,
        1.5142337976983646,
        1.5748031496062993,
        1.5748031496062993,
        1.635372501514234,
        1.6959418534221686,
        1.6959418534221686,
        1.6959418534221686,
        1.6959418534221686,
        1.8170805572380373,
        1.8170805572380373,
        1.877649909145972
    ],
    "phiDotR": [
        0.0,
        0.0,
        0.0,
        0.0,
        1.0902483343428224,
        1.0902483343428224,
        1.029678982434888,
        1.029678982434888,
        0.9691096305269534,
        0.9691096305269534,
        0.9085402786190188,
        0.9085402786190188,
        0.8479709267110843,
        0.8479709267110843,
        0.7874015748031497,
        0.7874015748031497,
        0.726832222895215,
        0.6662628709872804,
        0.6662628709872804,
        0.6056935190793459,
        0.6056935190793459,
        0.5451241671714112,
        0.5451241671714112,
        0.4845548152634767
    ]
}