{
    "segment_index": 1007,
    "A": 0.2359693854364076,
    "B1": 0.0,
    "B2": 0.0,
    "omega": [
        0.0005698253517039,
        0.0026525433640927,
        -0.0012999160680919,
        0.0036008821334689,
        -0.0024460332933813,
        -0.0016157542122528,
        -0.0015298132784664,
        -0.0015298132784664,
        -0.0015298132784664,
        -0.0015298132784664,
        -0.0015298132784664,
        -0.0015298132784664,
        -0.0015298132784664,
        -0.0015298132784664,
        0.0037975867744535,
        0.002802865114063,
        0.0023303315974772,
        0.0003924269112758,
        0.0022480350453406,
        0.0020283309277147,
        0.0009880810976028,
        0.0011051922338083,
        -0.0020250307861715,
        0.0010542415548116
    ],
    "omega_next": [
        0.0026525433640927,
        -0.0012999160680919,
        0.0036008821334689,
        -0.0024460332933813,
        -0.0016157542122528,
        -0.0015298132784664,
        -0.0015298132784664,
        -0.0015298132784664,
        -0.0015298132784664,
        -0.0015298132784664,
        -0.0015298132784664,
        -0.0015298132784664,
        -0.0015298132784664,
        0.0037975867744535,
        0.002802865114063,
        0.0023303315974772,
        0.0003924269112758,
        0.0022480350453406,
        0.0020283309277147,
        0.0009880810976028,
        0.0011051922338083,
        -0.0020250307861715,
        0.0010542415548116,
        -0.0016117906197905
    ],
    "phiDotL": [
        0.0,
        0.0,
        0.0,
        0.0,
        0.0,
        0.0,
        0.0,
        0.0,
        0.0,
        0.0,
        0.0,
        0.0,
        0.0,
        0.0,
        0.0,
        0.0,
        0.0,
        0.0,
        0.0,
        0.0,
        0.0,
        0.0,
        0.0,
        0.0
    ],
    "phiDotR": [
        0.0,
        0.0,
        0.0,
        0.0,
        0.0,
        0.0,
        0.0,
        0.0,
        0.0,
        0.0,
        0.0,
        0.0,
        0.0,
        0.0,
        0.0,
        0.0,
        0.0,
        0.0,
        0.0,
        0.0,
        0.0,
        0.0,
        0.0,
        0.0
    ]
}