{
    "segment_index": 1211,
    "A": 0.5110178480414335,
    "B1": 0.08228872294193558,
    "B2": -0.041316552120203145,
    "omega": [
        1.21467411518097,
        1.20289194583893,
        1.2564457654953,
        1.24737310409546,
        1.30745434761047,
        1.2902592420578,
        1.32586264610291,
        1.33675599098206,
        1.25590038299561,
        1.27328431606293,
        1.30121183395386,
        1.30163145065308,
        1.23452889919281,
        1.24504327774048,
        1.30255627632141,
        1.32990324497223,
        1.37754237651825,
        1.34180152416229,
        1.27716028690338,
        1.32874441146851,
        1.31490230560303,
        1.33265662193298,
        1.35609722137451,
        1.35438072681427
    ],
    "omega_next": [
        1.20289194583893,
        1.2564457654953,
        1.24737310409546,
        1.30745434761047,
        1.2902592420578,
        1.32586264610291,
        1.33675599098206,
        1.25590038299561,
        1.27328431606293,
        1.30121183395386,
        1.30163145065308,
        1.23452889919281,
        1.24504327774048,
        1.30255627632141,
        1.32990324497223,
        1.37754237651825,
        1.34180152416229,
        1.27716028690338,
        1.32874441146851,
        1.31490230560303,
        1.33265662193298,
        1.35609722137451,
        1.35438072681427,
        1.40280508995056
    ],
    "phiDotL": [
        5.754088431253785,
        5.754088431253785,
        5.81465778316172,
        5.875227135069655,
        5.875227135069655,
        5.93579648697759,
        5.93579648697759,
        5.996365838885524,
        5.996365838885524,
        6.0569351907934585,
        6.0569351907934585,
        6.0569351907934585,
        6.0569351907934585,
        6.0569351907934585,
        6.0569351907934585,
        6.0569351907934585,
        6.0569351907934585,
        6.0569351907934585,
        6.0569351907934585,
        6.0569351907934585,
        6.0569351907934585,
        6.0569351907934585,
        6.0569351907934585,
        6.0569351907934585
    ],
    "phiDotR": [
        -3.3313143549364024,
        -3.3313143549364024,
        -3.3918837068443373,
        -3.3918837068443373,
        -3.3918837068443373,
        -3.4524530587522717,
        -3.4524530587522717,
        -3.5735917625681406,
        -3.5735917625681406,
        -3.634161114476075,
        -3.634161114476075,
        -3.634161114476075,
        -3.634161114476075,
        -3.634161114476075,
        -3.6947304663840095,
        -3.6947304663840095,
        -3.6947304663840095,
        -3.6947304663840095,
        -3.6947304663840095,
        -3.755299818291944,
        -3.755299818291944,
        -3.755299818291944,
        -3.755299818291944,
        -3.755299818291944
    ]
}