{
    "segment_index": 575,
    "A": 0.43003485872166763,
    "B1": 0.2804735049880812,
    "B2": 0.08025405433321338,
    "omega": [
        -1.27055978775024,
        -1.2444189786911,
        -1.1884685754776,
        -1.24789977073669,
        -1.23651623725891,
        -1.2127012014389,
        -1.23656809329987,
        -1.28257548809052,
        -1.31803512573242,
        -1.32038819789886,
        -1.35434484481812,
        -1.31383204460144,
        -1.32114350795746,
        -1.39303719997406,
        -1.39215445518494,
        -1.34815764427185,
        -1.35893476009369,
        -1.33483147621155,
        -1.36436438560486,
        -1.35640335083008,
        -1.34506714344025,
        -1.45919942855835,
        -1.48977291584015,
        -1.50627255439758
    ],
    "omega_next": [
        -1.2444189786911,
        -1.1884685754776,
        -1.24789977073669,
        -1.23651623725891,
        -1.2127012014389,
        -1.23656809329987,
        -1.28257548809052,
        -1.31803512573242,
        -1.32038819789886,
        -1.35434484481812,
        -1.31383204460144,
        -1.32114350795746,
        -1.39303719997406,
        -1.39215445518494,
        -1.34815764427185,
        -1.35893476009369,
        -1.33483147621155,
        -1.36436438560486,
        -1.35640335083008,
        -1.34506714344025,
        -1.45919942855835,
        -1.48977291584015,
        -1.50627255439758,
        -1.4589695930481
    ],
    "phiDotL": [
        -3.937007874015748,
        -3.937007874015748,
        -3.997577225923683,
        -4.058146577831618,
        -4.058146577831618,
        -4.118715929739552,
        -4.118715929739552,
        -4.179285281647486,
        -4.179285281647486,
        -4.239854633555421,
        -4.239854633555421,
        -4.300423985463356,
        -4.300423985463356,
        -4.36099333737129,
        -4.36099333737129,
        -4.421562689279225,
        -4.48213204118716,
        -4.48213204118716,
        -4.542701393095094,
        -4.542701393095094,
        -4.603270745003028,
        -4.603270745003028,
        -4.663840096910963,
        -4.663840096910963
    ],
    "phiDotR": [
        5.14839491217444,
        5.14839491217444,
        5.208964264082375,
        5.269533615990309,
        5.269533615990309,
        5.3301029678982434,
        5.3301029678982434,
        5.390672319806178,
        5.390672319806178,
        5.451241671714113,
        5.451241671714113,
        5.511811023622047,
        5.511811023622047,
        5.572380375529982,
        5.572380375529982,
        5.632949727437917,
        5.693519079345851,
        5.693519079345851,
        5.754088431253785,
        5.754088431253785,
        5.81465778316172,
        5.81465778316172,
        5.875227135069655,
        5.875227135069655
    ]
}