{
    "segment_index": 1233,
    "A": 0.8493688218773294,
    "B1": 0.007210703684183132,
    "B2": -0.0442818714987584,
    "omega": [
        1.35609722137451,
        1.35438072681427,
        1.40280508995056,
        1.40389466285706,
        1.39713037014008,
        1.42083728313446,
        1.4116188287735,
        1.41320312023163,
        1.38471615314484,
        1.3424483537674,
        1.35099172592163,
        1.30102264881134,
        1.35654771327972,
        1.32190644741058,
        1.31580758094788,
        1.30049705505371,
        1.35148417949677,
        1.45444416999817,
        1.50630939006805,
        1.52617835998535,
        1.56810653209686,
        1.55691456794739,
        1.55800592899323,
        1.47414100170135
    ],
    "omega_next": [
        1.35438072681427,
        1.40280508995056,
        1.40389466285706,
        1.39713037014008,
        1.42083728313446,
        1.4116188287735,
        1.41320312023163,
        1.38471615314484,
        1.3424483537674,
        1.35099172592163,
        1.30102264881134,
        1.35654771327972,
        1.32190644741058,
        1.31580758094788,
        1.30049705505371,
        1.35148417949677,
        1.45444416999817,
        1.50630939006805,
        1.52617835998535,
        1.56810653209686,
        1.55691456794739,
        1.55800592899323,
        1.47414100170135,
        1.43898713588715
    ],
    "phiDotL": [
        6.0569351907934585,
        6.0569351907934585,
        6.0569351907934585,
        6.0569351907934585,
        6.0569351907934585,
        6.0569351907934585,
        6.0569351907934585,
        6.0569351907934585,
        6.0569351907934585,
        6.0569351907934585,
        6.0569351907934585,
        6.0569351907934585,
        6.0569351907934585,
        6.0569351907934585,
        6.0569351907934585,
        6.0569351907934585,
        6.0569351907934585,
        6.0569351907934585,
        6.0569351907934585,
        6.0569351907934585,
        6.0569351907934585,
        6.0569351907934585,
        6.0569351907934585,
        6.0569351907934585
    ],
    "phiDotR": [
        -3.755299818291944,
        -3.755299818291944,
        -3.815869170199879,
        -3.815869170199879,
        -3.815869170199879,
        -3.815869170199879,
        -3.815869170199879,
        -3.815869170199879,
        -3.8764385221078137,
        -3.8764385221078137,
        -3.8764385221078137,
        -3.8764385221078137,
        -3.8764385221078137,
        -3.8764385221078137,
        -3.937007874015748,
        -3.937007874015748,
        -3.937007874015748,
        -3.937007874015748,
        -3.937007874015748,
        -3.937007874015748,
        -3.997577225923683,
        -3.997577225923683,
        -3.997577225923683,
        -3.997577225923683
    ]
}