{
    "segment_index": 296,
    "A": -0.4733659438528778,
    "B1": 0.4826117376763511,
    "B2": 0.14460111459044372,
    "omega": [
        1.55034804344177,
        1.52490746974945,
        1.51420950889587,
        1.55952620506287,
        1.5103086233139,
        1.47164809703827,
        1.53073668479919,
        1.52616477012634,
        1.53929340839386,
        1.56310307979584,
        1.5448762178421,
        1.51185619831085,
        1.47952389717102,
        1.45392417907715,
        1.4352753162384,
        1.44466543197632,
        1.44992434978485,
        1.32230150699615,
        1.01398873329163,
        0.209244802594185,
        -0.0676253512501717,
        -0.019501056522131,
        -0.0089545836672186,
        -0.004663273692131
    ],
    "omega_next": [
        1.52490746974945,
        1.51420950889587,
        1.55952620506287,
        1.5103086233139,
        1.47164809703827,
        1.53073668479919,
        1.52616477012634,
        1.53929340839386,
        1.56310307979584,
        1.5448762178421,
        1.51185619831085,
        1.47952389717102,
        1.45392417907715,
        1.4352753162384,
        1.44466543197632,
        1.44992434978485,
        1.32230150699615,
        1.01398873329163,
        0.209244802594185,
        -0.0676253512501717,
        -0.019501056522131,
        -0.0089545836672186,
        -0.004663273692131,
        -0.0015982231125235
    ],
    "phiDotL": [
        6.0569351907934585,
        6.0569351907934585,
        6.0569351907934585,
        6.0569351907934585,
        6.0569351907934585,
        6.0569351907934585,
        6.0569351907934585,
        6.0569351907934585,
        6.0569351907934585,
        5.996365838885524,
        6.0569351907934585,
        6.0569351907934585,
        6.0569351907934585,
        6.0569351907934585,
        6.0569351907934585,
        6.0569351907934585,
        6.0569351907934585,
        4.48213204118716,
        2.5439127801332524,
        0.6056935190793459,
        0.0,
        0.0,
        0.0,
        0.0
    ],
    "phiDotR": [
        -4.906117504542702,
        -4.906117504542702,
        -4.906117504542702,
        -4.906117504542702,
        -4.906117504542702,
        -4.906117504542702,
        -4.966686856450636,
        -4.966686856450636,
        -4.966686856450636,
        -4.966686856450636,
        -4.966686856450636,
        -4.966686856450636,
        -4.966686856450636,
        -4.966686856450636,
        -4.966686856450636,
        -4.966686856450636,
        -4.966686856450636,
        -4.48213204118716,
        -2.5439127801332524,
        -0.6056935190793459,
        0.0,
        0.0,
        0.0,
        0.0
    ]
}