{
    "segment_index": 1644,
    "A": 0.14685667879349842,
    "B1": 0.0,
    "B2": 0.0,
    "omega": [
        0.0014377101324498,
        0.0057034371420741,
        0.0018643520306795,
        -0.0002114311937475,
        0.0009478864958509,
        -0.0007084329263307,
        -0.0004789728554897,
        -0.0013738761190325,
        -0.000520484696608,
        0.0042176432907581,
        -0.0018441041465848,
        0.0006737146759405,
        -0.0014403789537027,
        -0.0024034138768911,
        -0.0016283225268125,
        -4.52279346063733e-05,
        -0.0013625201536342,
        0.0005639803130179,
        -0.0022556411568075,
        0.0007056604954414,
        0.0017140024574473,
        0.0016411662800237,
        -0.001140093198046,
        0.000185729979421
    ],
    "omega_next": [
        0.0057034371420741,
        0.0018643520306795,
        -0.0002114311937475,
        0.0009478864958509,
        -0.0007084329263307,
        -0.0004789728554897,
        -0.0013738761190325,
        -0.000520484696608,
        0.0042176432907581,
        -0.0018441041465848,
        0.0006737146759405,
        -0.0014403789537027,
        -0.0024034138768911,
        -0.0016283225268125,
        -4.52279346063733e-05,
        -0.0013625201536342,
        0.0005639803130179,
        -0.0022556411568075,
        0.0007056604954414,
        0.0017140024574473,
        0.0016411662800237,
        -0.001140093198046,
        0.000185729979421,
        0.0006789579056203
    ],
    "phiDotL": [
        0.0,
        0.0,
        0.0,
        0.0,
        0.0,
        0.0,
        0.0,
        0.0,
        0.0,
        0.0,
        0.0,
        0.0,
        0.0,
        0.0,
        0.0,
        0.0,
        0.0,
        0.0,
        0.0,
        0.0,
        0.0,
        0.0,
        0.0,
        0.0
    ],
    "phiDotR": [
        0.0,
        0.0,
        0.0,
        0.0,
        0.0,
        0.0,
        0.0,
        0.0,
        0.0,
        0.0,
        0.0,
        0.0,
        0.0,
        0.0,
        0.0,
        0.0,
        0.0,
        0.0,
        0.0,
        0.0,
        0.0,
        0.0,
        0.0,
        0.0
    ]
}