{
    "segment_index": 1112,
    "A": 0.5934870644052402,
    "B1": 0.056402290528310445,
    "B2": -0.08071894045415301,
    "omega": [
        0.401283770799637,
        0.420406699180603,
        0.41004079580307,
        0.396494001150131,
        0.39726510643959,
        0.448478549718857,
        0.455741226673126,
        0.43336296081543,
        0.43389168381691,
        0.379124522209167,
        0.376878023147583,
        0.385799616575241,
        0.428045630455017,
        0.496926844120026,
        0.513992607593536,
        0.519077360630035,
        0.47688040137291,
        0.467071324586868,
        0.611140608787537,
        0.533937096595764,
        0.725851476192474,
        0.764925360679626,
        0.713633239269257,
        0.619415879249573
    ],
    "omega_next": [
        0.420406699180603,
        0.41004079580307,
        0.396494001150131,
        0.39726510643959,
        0.448478549718857,
        0.455741226673126,
        0.43336296081543,
        0.43389168381691,
        0.379124522209167,
        0.376878023147583,
        0.385799616575241,
        0.428045630455017,
        0.496926844120026,
        0.513992607593536,
        0.519077360630035,
        0.47688040137291,
        0.467071324586868,
        0.611140608787537,
        0.533937096595764,
        0.725851476192474,
        0.764925360679626,
        0.713633239269257,
        0.619415879249573,
        0.507949888706207
    ],
    "phiDotL": [
        2.5439127801332524,
        2.6044821320411877,
        2.6044821320411877,
        2.6650514839491217,
        2.6650514839491217,
        2.7256208358570566,
        2.7256208358570566,
        2.786190187764991,
        2.786190187764991,
        2.846759539672925,
        2.846759539672925,
        2.90732889158086,
        2.90732889158086,
        2.967898243488795,
        2.967898243488795,
        3.0284675953967293,
        3.089036947304664,
        3.089036947304664,
        3.1496062992125986,
        3.1496062992125986,
        3.210175651120533,
        3.210175651120533,
        3.270745003028468,
        3.270745003028468
    ],
    "phiDotR": [
        -0.1211387038158691,
        -0.1817080557238037,
        -0.1817080557238037,
        -0.2422774076317383,
        -0.2422774076317383,
        -0.3028467595396729,
        -0.3028467595396729,
        -0.3634161114476075,
        -0.3634161114476075,
        -0.4239854633555421,
        -0.4239854633555421,
        -0.4845548152634767,
        -0.4845548152634767,
        -0.5451241671714112,
        -0.5451241671714112,
        -0.6056935190793459,
        -0.6662628709872804,
        -0.6662628709872804,
        -0.726832222895215,
        -0.726832222895215,
        -0.7874015748031497,
        -0.7874015748031497,
        -0.8479709267110843,
        -0.8479709267110843
    ]
}