{
    "segment_index": 49,
    "A": -0.003037599390887599,
    "B1": 0.0,
    "B2": 0.0,
    "omega": [
        0.0022487021051347,
        -0.0006222518277354,
        0.0010603400878608,
        0.0021332609467208,
        0.0014028917066752,
        -0.0017394351307302,
        0.0012194858863949,
        0.0008488202001899,
        0.002927734516561,
        -0.0005445766728371,
        0.0012175634037703,
        0.0014362994115799,
        -0.0013646576553583,
        0.0009242906235158,
        -0.0007653140928596,
        0.0020880345255136,
        -0.0001490050344727,
        0.0016856457805261,
        0.0008908563759177,
        -0.0014734565047547,
        0.0009936150163412,
        0.0014627586351707,
        0.0014100117841735,
        0.0006843909504823
    ],
    "omega_next": [
        -0.0006222518277354,
        0.0010603400878608,
        0.0021332609467208,
        0.0014028917066752,
        -0.0017394351307302,
        0.0012194858863949,
        0.0008488202001899,
        0.002927734516561,
        -0.0005445766728371,
        0.0012175634037703,
        0.0014362994115799,
        -0.0013646576553583,
        0.0009242906235158,
        -0.0007653140928596,
        0.0020880345255136,
        -0.0001490050344727,
        0.0016856457805261,
        0.0008908563759177,
        -0.0014734565047547,
        0.0009936150163412,
        0.0014627586351707,
        0.0014100117841735,
        0.0006843909504823,
        0.0015869083581492
    ],
    "phiDotL": [
        0.0,
        0.0,
        0.0,
        0.0,
        0.0,
        0.0,
        0.0,
        0.0,
        0.0,
        0.0,
        0.0,
        0.0,
        0.0,
        0.0,
        0.0,
        0.0,
        0.0,
        0.0,
        0.0,
        0.0,
        0.0,
        0.0,
        0.0,
        0.0
    ],
    "phiDotR": [
        0.0,
        0.0,
        0.0,
        0.0,
        0.0,
        0.0,
        0.0,
        0.0,
        0.0,
        0.0,
        0.0,
        0.0,
        0.0,
        0.0,
        0.0,
        0.0,
        0.0,
        0.0,
        0.0,
        0.0,
        0.0,
        0.0,
        0.0,
        0.0
    ]
}