{
    "segment_index": 36,
    "A": 0.31020058547315266,
    "B1": 0.12966876173909314,
    "B2": -0.13851849596448007,
    "omega": [
        0.0016193662304431,
        0.0016456479206681,
        0.0016456479206681,
        0.0002226586220785,
        0.0004675419186241,
        0.0005202703177928,
        -0.0014342304784804,
        0.121987603604794,
        -0.0303821843117476,
        0.0335519388318062,
        0.0300481878221035,
        0.0661390647292137,
        0.0661390647292137,
        0.0654009357094765,
        0.078029178082943,
        0.101102009415627,
        0.0887216180562973,
        0.129690408706665,
        0.124999478459358,
        0.128013968467712,
        0.171293452382088,
        0.171293452382088,
        0.170550301671028,
        0.157027915120125,
        0.197633072733879,
        0.192344605922699,
        0.226378217339516,
        0.223770990967751,
        0.225529432296753,
        0.250241905450821,
        0.296036630868912,
        0.287546187639236,
        0.197708144783974,
        0.304553180932999,
        0.33322674036026,
        0.408026337623596,
        0.482551574707031,
        0.464547693729401,
        0.419962644577026,
        0.423406511545181,
        0.391621708869934,
        0.443057239055634,
        0.452794700860977,
        0.454650402069092,
        0.47860661149025,
        0.522351026535034,
        0.471788614988327,
        0.494111388921738,
        0.512995362281799
    ],
    "omega_next": [
        0.0016456479206681,
        0.0016456479206681,
        0.0002226586220785,
        0.0004675419186241,
        0.0005202703177928,
        -0.0014342304784804,
        0.121987603604794,
        -0.0303821843117476,
        0.0335519388318062,
        0.0300481878221035,
        0.0661390647292137,
        0.0661390647292137,
        0.0654009357094765,
        0.078029178082943,
        0.101102009415627,
        0.0887216180562973,
        0.129690408706665,
        0.124999478459358,
        0.128013968467712,
        0.171293452382088,
        0.171293452382088,
        0.170550301671028,
        0.157027915120125,
        0.197633072733879,
        0.192344605922699,
        0.226378217339516,
        0.223770990967751,
        0.225529432296753,
        0.250241905450821,
        0.296036630868912,
        0.287546187639236,
        0.197708144783974,
        0.304553180932999,
        0.33322674036026,
        0.408026337623596,
        0.482551574707031,
        0.464547693729401,
        0.419962644577026,
        0.423406511545181,
        0.391621708869934,
        0.443057239055634,
        0.452794700860977,
        0.454650402069092,
        0.47860661149025,
        0.522351026535034,
        0.471788614988327,
        0.494111388921738,
        0.512995362281799,
        0.450899928808212
    ],
    "phiDotL": [
        0.0,
        0.0,
        0.0,
        0.0,
        0.0,
        0.0,
        1.877649909145972,
        1.877649909145972,
        1.9382192610539069,
        1.9382192610539069,
        1.9987886129618413,
        1.9987886129618413,
        2.059357964869776,
        2.059357964869776,
        2.1199273167777104,
        2.1199273167777104,
        2.180496668685645,
        2.180496668685645,
        2.24106602059358,
        2.301635372501514,
        2.301635372501514,
        2.362204724409449,
        2.362204724409449,
        2.4227740763173835,
        2.4227740763173835,
        2.483343428225318,
        2.483343428225318,
        2.5439127801332524,
        2.5439127801332524,
        2.6044821320411877,
        2.6044821320411877,
        2.6650514839491217,
        2.6650514839491217,
        2.7256208358570566,
        2.786190187764991,
        2.786190187764991,
        2.846759539672925,
        2.846759539672925,
        2.90732889158086,
        2.90732889158086,
        2.967898243488795,
        2.967898243488795,
        3.0284675953967293,
        3.0284675953967293,
        3.089036947304664,
        3.089036947304664,
        3.1496062992125986,
        3.210175651120533,
        3.210175651120533
    ],
    "phiDotR": [
        0.0,
        0.0,
        0.0,
        0.0,
        0.0,
        0.0,
        1.6959418534221686,
        1.6959418534221686,
        1.635372501514234,
        1.635372501514234,
        1.5748031496062993,
        1.5748031496062993,
        1.5142337976983646,
        1.5142337976983646,
        1.45366444579043,
        1.45366444579043,
        1.3930950938824955,
        1.3930950938824955,
        1.3325257419745609,
        1.2719563900666262,
        1.2719563900666262,
        1.2113870381586918,
        1.2113870381586918,
        1.150817686250757,
        1.150817686250757,
        1.0902483343428224,
        1.0902483343428224,
        1.029678982434888,
        1.029678982434888,
        0.9691096305269534,
        0.9691096305269534,
        0.9085402786190188,
        0.9085402786190188,
        0.8479709267110843,
        0.7874015748031497,
        0.7874015748031497,
        0.726832222895215,
        0.726832222895215,
        0.6662628709872804,
        0.6662628709872804,
        0.6056935190793459,
        0.6056935190793459,
        0.5451241671714112,
        0.5451241671714112,
        0.4845548152634767,
        0.4845548152634767,
        0.4239854633555421,
        0.3634161114476075,
        0.3634161114476075
    ]
}