{
    "segment_index": 17,
    "A": 0.4685170059168795,
    "B1": 0.14880048740488713,
    "B2": -0.037745309808606284,
    "omega": [
        -0.718894779682159,
        -0.710894167423248,
        -0.724342048168182,
        -0.739323437213898,
        -0.716464042663574,
        -0.761008560657501,
        -0.719529330730438,
        -0.774981737136841,
        -0.802600502967834,
        -0.78081887960434,
        -0.830404341220856,
        -0.876584231853485,
        -0.899737298488617,
        -0.888484477996826,
        -0.885967612266541,
        -0.896164000034332,
        -0.898186981678009,
        -0.837806522846222,
        -0.920443713665009,
        -0.969020187854767,
        -1.00046408176422,
        -0.905363261699677,
        -0.913657665252686,
        -0.899884581565857,
        -0.927451968193054,
        -0.979373157024384,
        -0.970697522163391,
        -0.934562563896179,
        -0.989335000514984,
        -1.08728671073914,
        -1.04195606708527,
        -1.04797732830048,
        -1.12905943393707,
        -1.19639468193054,
        -1.09184908866882,
        -1.10428094863892,
        -1.10943830013275,
        -1.12056791782379,
        -1.09769237041473,
        -1.12127268314362,
        -1.14664936065674,
        -1.15467643737793,
        -1.16412472724915,
        -1.21793437004089,
        -1.26254999637604,
        -1.28086245059967,
        -1.29306650161743,
        -1.24417400360107,
        -1.25740659236908
    ],
    "omega_next": [
        -0.710894167423248,
        -0.724342048168182,
        -0.739323437213898,
        -0.716464042663574,
        -0.761008560657501,
        -0.719529330730438,
        -0.774981737136841,
        -0.802600502967834,
        -0.78081887960434,
        -0.830404341220856,
        -0.876584231853485,
        -0.899737298488617,
        -0.888484477996826,
        -0.885967612266541,
        -0.896164000034332,
        -0.898186981678009,
        -0.837806522846222,
        -0.920443713665009,
        -0.969020187854767,
        -1.00046408176422,
        -0.905363261699677,
        -0.913657665252686,
        -0.899884581565857,
        -0.927451968193054,
        -0.979373157024384,
        -0.970697522163391,
        -0.934562563896179,
        -0.989335000514984,
        -1.08728671073914,
        -1.04195606708527,
        -1.04797732830048,
        -1.12905943393707,
        -1.19639468193054,
        -1.09184908866882,
        -1.10428094863892,
        -1.10943830013275,
        -1.12056791782379,
        -1.09769237041473,
        -1.12127268314362,
        -1.14664936065674,
        -1.15467643737793,
        -1.16412472724915,
        -1.21793437004089,
        -1.26254999637604,
        -1.28086245059967,
        -1.29306650161743,
        -1.24417400360107,
        -1.25740659236908,
        -1.19610691070557
    ],
    "phiDotL": [
        -1.5748031496062993,
        -1.635372501514234,
        -1.635372501514234,
        -1.6959418534221686,
        -1.6959418534221686,
        -1.6959418534221686,
        -1.6959418534221686,
        -1.8170805572380373,
        -1.8170805572380373,
        -1.877649909145972,
        -1.877649909145972,
        -1.9382192610539069,
        -1.9382192610539069,
        -1.9987886129618413,
        -2.059357964869776,
        -2.059357964869776,
        -2.1199273167777104,
        -2.1199273167777104,
        -2.180496668685645,
        -2.180496668685645,
        -2.24106602059358,
        -2.24106602059358,
        -2.301635372501514,
        -2.301635372501514,
        -2.362204724409449,
        -2.362204724409449,
        -2.4227740763173835,
        -2.483343428225318,
        -2.483343428225318,
        -2.5439127801332524,
        -2.5439127801332524,
        -2.6044821320411877,
        -2.6044821320411877,
        -2.6650514839491217,
        -2.6650514839491217,
        -2.7256208358570566,
        -2.7256208358570566,
        -2.786190187764991,
        -2.786190187764991,
        -2.846759539672925,
        -2.846759539672925,
        -2.90732889158086,
        -2.967898243488795,
        -2.967898243488795,
        -3.0284675953967293,
        -3.0284675953967293,
        -3.089036947304664,
        -3.089036947304664,
        -3.1496062992125986
    ],
    "phiDotR": [
        3.997577225923683,
        4.058146577831618,
        4.058146577831618,
        4.118715929739552,
        4.118715929739552,
        4.179285281647486,
        4.179285281647486,
        4.239854633555421,
        4.239854633555421,
        4.300423985463356,
        4.300423985463356,
        4.36099333737129,
        4.36099333737129,
        4.421562689279225,
        4.48213204118716,
        4.48213204118716,
        4.542701393095094,
        4.542701393095094,
        4.603270745003028,
        4.603270745003028,
        4.663840096910963,
        4.663840096910963,
        4.724409448818898,
        4.724409448818898,
        4.784978800726832,
        4.784978800726832,
        4.845548152634767,
        4.906117504542702,
        4.906117504542702,
        4.966686856450636,
        4.966686856450636,
        5.027256208358571,
        5.027256208358571,
        5.087825560266505,
        5.087825560266505,
        5.14839491217444,
        5.14839491217444,
        5.208964264082375,
        5.208964264082375,
        5.269533615990309,
        5.269533615990309,
        5.3301029678982434,
        5.390672319806178,
        5.390672319806178,
        5.451241671714113,
        5.451241671714113,
        5.511811023622047,
        5.511811023622047,
        5.572380375529982
    ]
}