{
    "segment_index": 0,
    "A": 0.4951334610884612,
    "B1": 0.0,
    "B2": 0.0,
    "omega": [
        0.0043772873468697,
        0.0043772873468697,
        0.0043772873468697,
        0.0043772873468697,
        0.0043772873468697,
        0.0043772873468697,
        0.0043772873468697,
        0.0043772873468697,
        0.0007984812837094,
        0.0005416119238361,
        -0.0008959952974691,
        0.0020900554955005,
        -0.0006366638699546,
        0.0019961688667535,
        -0.0002944000298157,
        -0.0008374762837775,
        -0.0006763761048205,
        0.0026677013374865,
        -0.0005375851178541,
        -0.0014385270187631,
        0.0024495664983987,
        0.0004954769974574,
        0.0035379403270781,
        0.0010953315068036,
        0.0011826963163912,
        -0.0001514862233307,
        0.001197880716063,
        0.0024937917478382,
        -0.0003571166598703,
        0.0035815928131341,
        -0.00139373796992,
        0.0007922005606815,
        -0.0003054844564758,
        -0.0022630912717431,
        -0.0015923973405733,
        0.0019361806334927,
        0.004520836751908,
        5.17457374371588e-05,
        0.0010894760489463,
        0.0018691348377615,
        0.0025186096318066,
        -0.0018873858498409,
        0.0023642575833946,
        -0.0005635418929159,
        -0.0007619240204803,
        -0.0001415839360561,
        0.0027574677951633,
        0.0008531231433153,
        0.0001025523524731
    ],
    "omega_next": [
        0.0043772873468697,
        0.0043772873468697,
        0.0043772873468697,
        0.0043772873468697,
        0.0043772873468697,
        0.0043772873468697,
        0.0043772873468697,
        0.0007984812837094,
        0.0005416119238361,
        -0.0008959952974691,
        0.0020900554955005,
        -0.0006366638699546,
        0.0019961688667535,
        -0.0002944000298157,
        -0.0008374762837775,
        -0.0006763761048205,
        0.0026677013374865,
        -0.0005375851178541,
        -0.0014385270187631,
        0.0024495664983987,
        0.0004954769974574,
        0.0035379403270781,
        0.0010953315068036,
        0.0011826963163912,
        -0.0001514862233307,
        0.001197880716063,
        0.0024937917478382,
        -0.0003571166598703,
        0.0035815928131341,
        -0.00139373796992,
        0.0007922005606815,
        -0.0003054844564758,
        -0.0022630912717431,
        -0.0015923973405733,
        0.0019361806334927,
        0.004520836751908,
        5.17457374371588e-05,
        0.0010894760489463,
        0.0018691348377615,
        0.0025186096318066,
        -0.0018873858498409,
        0.0023642575833946,
        -0.0005635418929159,
        -0.0007619240204803,
        -0.0001415839360561,
        0.0027574677951633,
        0.0008531231433153,
        0.0001025523524731,
        0.0022487021051347
    ],
    "phiDotL": [
        0.0,
        0.0,
        0.0,
        0.0,
        0.0,
        0.0,
        0.0,
        0.0,
        0.0,
        0.0,
        0.0,
        0.0,
        0.0,
        0.0,
        0.0,
        0.0,
        0.0,
        0.0,
        0.0,
        0.0,
        0.0,
        0.0,
        0.0,
        0.0,
        0.0,
        0.0,
        0.0,
        0.0,
        0.0,
        0.0,
        0.0,
        0.0,
        0.0,
        0.0,
        0.0,
        0.0,
        0.0,
        0.0,
        0.0,
        0.0,
        0.0,
        0.0,
        0.0,
        0.0,
        0.0,
        0.0,
        0.0,
        0.0,
        0.0
    ],
    "phiDotR": [
        0.0,
        0.0,
        0.0,
        0.0,
        0.0,
        0.0,
        0.0,
        0.0,
        0.0,
        0.0,
        0.0,
        0.0,
        0.0,
        0.0,
        0.0,
        0.0,
        0.0,
        0.0,
        0.0,
        0.0,
        0.0,
        0.0,
        0.0,
        0.0,
        0.0,
        0.0,
        0.0,
        0.0,
        0.0,
        0.0,
        0.0,
        0.0,
        0.0,
        0.0,
        0.0,
        0.0,
        0.0,
        0.0,
        0.0,
        0.0,
        0.0,
        0.0,
        0.0,
        0.0,
        0.0,
        0.0,
        0.0,
        0.0,
        0.0
    ]
}